LGA_CODE_2021,M_15_19_yr_Marrd_reg_marrge,M_15_19_yr_Married_de_facto,M_15_19_yr_Not_married,M_15_19_yr_Total,M_20_24_yr_Marrd_reg_marrge,M_20_24_yr_Married_de_facto,M_20_24_yr_Not_married,M_20_24_yr_Total,M_25_34_yr_Marrd_reg_marrge,M_25_34_yr_Married_de_facto,M_25_34_yr_Not_married,M_25_34_yr_Total,M_35_44_yr_Marrd_reg_marrge,M_35_44_yr_Married_de_facto,M_35_44_yr_Not_married,M_35_44_yr_Total,M_45_54_yr_Marrd_reg_marrge,M_45_54_yr_Married_de_facto,M_45_54_yr_Not_married,M_45_54_yr_Total,M_55_64_yr_Marrd_reg_marrge,M_55_64_yr_Married_de_facto,M_55_64_yr_Not_married,M_55_64_yr_Total,M_65_74_yr_Marrd_reg_marrge,M_65_74_yr_Married_de_facto,M_65_74_yr_Not_married,M_65_74_yr_Total,M_75_84_yr_Marrd_reg_marrge,M_75_84_yr_Married_de_facto,M_75_84_yr_Not_married,M_75_84_yr_Total,M_85ov_Marrd_reg_marrge,M_85ov_Married_de_facto,M_85ov_Not_married,M_85ov_Total,M_Tot_Marrd_reg_marrge,M_Tot_Married_de_facto,M_Tot_Not_married,M_Tot_Total,F_15_19_yr_Marrd_reg_marrge,F_15_19_yr_Married_de_facto,F_15_19_yr_Not_married,F_15_19_yr_Total,F_20_24_yr_Marrd_reg_marrge,F_20_24_yr_Married_de_facto,F_20_24_yr_Not_married,F_20_24_yr_Total,F_25_34_yr_Marrd_reg_marrge,F_25_34_yr_Married_de_facto,F_25_34_yr_Not_married,F_25_34_yr_Total,F_35_44_yr_Marrd_reg_marrge,F_35_44_yr_Married_de_facto,F_35_44_yr_Not_married,F_35_44_yr_Total,F_45_54_yr_Marrd_reg_marrge,F_45_54_yr_Married_de_facto,F_45_54_yr_Not_married,F_45_54_yr_Total,F_55_64_yr_Marrd_reg_marrge,F_55_64_yr_Married_de_facto,F_55_64_yr_Not_married,F_55_64_yr_Total,F_65_74_yr_Marrd_reg_marrge,F_65_74_yr_Married_de_facto,F_65_74_yr_Not_married,F_65_74_yr_Total,F_75_84_yr_Marrd_reg_marrge,F_75_84_yr_Married_de_facto,F_75_84_yr_Not_married,F_75_84_yr_Total,F_85ov_Marrd_reg_marrge,F_85ov_Married_de_facto,F_85ov_Not_married,F_85ov_Total,F_Tot_Marrd_reg_marrge,F_Tot_Married_de_facto,F_Tot_Not_married,F_Tot_Total,P_15_19_yr_Marrd_reg_marrge,P_15_19_yr_Married_de_facto,P_15_19_yr_Not_married,P_15_19_yr_Total,P_20_24_yr_Marrd_reg_marrge,P_20_24_yr_Married_de_facto,P_20_24_yr_Not_married,P_20_24_yr_Total,P_25_34_yr_Marrd_reg_marrge,P_25_34_yr_Married_de_facto,P_25_34_yr_Not_married,P_25_34_yr_Total,P_35_44_yr_Marrd_reg_marrge,P_35_44_yr_Married_de_facto,P_35_44_yr_Not_married,P_35_44_yr_Total,P_45_54_yr_Marrd_reg_marrge,P_45_54_yr_Married_de_facto,P_45_54_yr_Not_married,P_45_54_yr_Total,P_55_64_yr_Marrd_reg_marrge,P_55_64_yr_Married_de_facto,P_55_64_yr_Not_married,P_55_64_yr_Total,P_65_74_yr_Marrd_reg_marrge,P_65_74_yr_Married_de_facto,P_65_74_yr_Not_married,P_65_74_yr_Total,P_75_84_yr_Marrd_reg_marrge,P_75_84_yr_Married_de_facto,P_75_84_yr_Not_married,P_75_84_yr_Total,P_85ov_Marrd_reg_marrge,P_85ov_Married_de_facto,P_85ov_Not_married,P_85ov_Total,P_Tot_Marrd_reg_marrge,P_Tot_Married_de_facto,P_Tot_Not_married,P_Tot_Total
LGA50080,0,26,1121,1141,35,159,573,767,546,435,725,1702,923,319,428,1675,1159,293,534,1982,1338,253,607,2198,1330,171,492,1991,828,35,274,1135,251,4,146,402,6404,1698,4897,12996,0,45,982,1027,66,207,448,721,712,476,609,1797,1107,346,546,2010,1325,310,746,2387,1395,275,822,2498,1284,89,778,2151,624,38,669,1332,119,4,348,465,6643,1793,5953,14390,0,67,2103,2166,99,368,1024,1483,1256,910,1328,3498,2036,671,976,3677,2486,602,1282,4371,2732,529,1435,4699,2622,260,1273,4149,1452,74,944,2469,363,5,497,872,13046,3488,10849,27381
LGA50210,0,30,2501,2531,74,352,1980,2402,2065,1439,2497,6004,4651,796,1501,6949,3006,594,1358,4957,2599,371,1148,4115,2119,148,801,3071,1029,38,398,1462,201,14,134,350,15750,3784,12312,31852,0,51,2454,2502,152,555,1707,2417,3221,1552,2129,6907,4911,856,1631,7401,2984,577,1554,5110,2495,340,1598,4433,1929,129,1405,3462,703,22,817,1544,87,0,346,438,16493,4082,13643,34216,0,74,4953,5031,226,910,3687,4822,5292,2992,4623,12911,9568,1656,3138,14355,5997,1170,2904,10070,5097,709,2744,8553,4050,274,2207,6535,1730,62,1212,3005,288,11,488,789,32239,7873,25957,66064
LGA50250,0,0,86,86,3,29,58,87,118,116,77,308,235,98,92,424,148,40,77,271,113,38,69,222,26,7,31,66,8,0,12,24,0,0,3,3,654,320,505,1481,0,4,77,79,7,40,32,86,176,131,65,382,240,82,51,372,143,38,50,234,85,32,54,168,22,12,31,59,9,0,9,14,0,0,0,0,680,338,374,1388,0,4,160,164,9,71,99,174,297,245,141,684,477,178,141,792,291,77,134,502,205,68,119,386,48,16,63,122,15,0,23,39,0,0,4,4,1334,661,873,2871
LGA50280,0,0,385,385,3,23,179,213,158,207,295,658,513,231,212,957,552,181,250,980,502,138,244,882,499,60,186,756,230,10,78,317,46,0,42,93,2507,857,1871,5238,3,6,324,328,3,40,108,149,239,264,234,735,709,269,282,1260,571,191,287,1043,530,127,300,953,464,37,254,751,160,8,149,318,24,0,99,128,2696,936,2035,5670,3,6,707,715,9,63,291,362,394,471,533,1398,1215,504,499,2218,1118,368,534,2025,1029,267,543,1837,969,96,438,1508,389,23,221,634,77,0,140,214,5201,1787,3908,10903
LGA50350,0,4,361,365,5,49,357,412,229,303,430,963,562,179,276,1014,516,137,292,946,474,95,284,853,409,43,217,662,211,12,90,317,56,0,48,104,2458,821,2350,5632,0,5,331,328,12,78,287,376,337,338,359,1032,644,208,320,1178,500,134,366,1005,502,79,377,954,360,44,376,778,162,12,258,434,24,0,152,172,2546,889,2828,6265,0,4,692,697,20,127,640,786,568,640,783,1994,1208,389,598,2193,1022,268,658,1954,979,165,661,1808,771,80,593,1443,371,22,351,749,76,0,198,278,5010,1703,5183,11898
LGA50420,0,7,1550,1557,27,199,1711,1930,1346,1361,2459,5168,2656,831,1426,4905,2197,477,1276,3946,2036,309,1169,3522,1829,163,865,2858,1100,47,486,1630,271,7,182,459,11454,3403,11118,25978,0,18,1426,1444,72,327,1486,1884,1935,1511,2024,5468,2844,743,1355,4945,2241,465,1459,4160,1983,271,1424,3685,1748,117,1367,3236,780,37,962,1778,124,4,578,713,11733,3495,12089,27309,0,25,2975,3003,98,519,3197,3820,3281,2872,4482,10636,5499,1575,2779,9851,4430,941,2731,8103,4022,584,2593,7206,3578,280,2235,6094,1877,84,1446,3408,396,10,762,1166,23189,6901,23202,53284
LGA50490,0,8,896,907,27,199,1151,1375,932,834,2063,3827,1579,409,1000,2990,1182,265,832,2279,973,200,865,2037,766,90,540,1392,444,26,250,719,133,5,114,249,6027,2034,7715,15772,0,19,771,791,60,313,984,1362,1371,931,1460,3764,1666,372,834,2873,1130,241,815,2185,899,170,888,1960,712,58,805,1571,308,13,539,857,59,6,323,383,6211,2126,7405,15752,0,26,1670,1694,89,513,2132,2735,2305,1759,3526,7590,3246,786,1833,5866,2312,507,1644,4464,1874,372,1755,4001,1476,146,1341,2964,750,39,784,1581,189,6,434,634,12241,4162,15120,31528
LGA50560,0,0,23,23,0,0,18,18,14,10,29,54,30,14,14,58,54,11,20,87,67,15,40,120,77,19,45,144,43,5,30,72,13,0,8,23,297,78,221,599,0,0,22,22,0,3,8,9,20,21,11,48,44,10,10,71,52,17,24,90,78,21,35,130,82,15,40,137,34,0,33,62,5,0,11,17,319,81,192,593,0,0,47,47,0,0,23,27,33,34,40,102,79,26,29,126,108,33,42,179,143,32,75,248,163,31,89,285,76,6,57,143,20,0,16,35,616,163,411,1195
LGA50630,0,0,21,21,0,0,15,18,13,26,29,65,54,14,15,81,63,17,26,104,59,13,28,103,54,5,27,90,29,0,7,39,8,0,0,9,274,80,176,530,0,0,31,31,0,10,15,23,29,28,26,85,59,15,21,99,51,14,17,90,58,17,30,102,48,5,20,78,26,0,14,37,5,0,8,7,282,89,178,546,0,0,48,48,0,9,37,43,45,51,55,150,113,32,31,176,113,31,48,192,118,29,58,207,110,12,47,169,45,0,24,73,13,0,6,16,553,168,353,1076
LGA50770,0,0,17,17,0,11,18,28,15,21,13,48,55,16,12,85,63,11,26,100,78,20,31,125,68,0,34,105,43,7,21,68,12,0,0,12,328,81,187,590,0,3,29,30,0,17,13,30,27,15,13,62,64,14,24,105,59,15,16,97,69,10,32,117,71,3,19,94,29,3,30,66,0,0,12,10,333,87,189,606,0,3,52,49,3,21,28,61,40,36,28,103,117,29,39,188,125,27,45,194,150,30,64,246,137,10,53,197,69,14,52,129,6,0,14,24,658,167,368,1195
LGA50840,0,0,91,95,0,13,53,64,49,43,51,152,129,42,35,199,161,51,62,270,205,55,100,361,272,29,95,395,124,8,48,180,21,0,12,34,965,241,549,1751,0,8,124,131,0,19,33,60,78,47,44,170,154,46,50,247,180,62,74,319,233,52,115,406,252,26,123,398,89,5,92,181,10,0,33,38,1000,256,686,1941,0,9,215,220,0,34,83,121,136,93,98,323,280,84,87,449,344,111,138,590,446,104,215,760,527,52,215,794,210,18,137,364,29,0,47,74,1968,497,1230,3697
LGA50910,0,0,5,5,0,4,15,17,10,8,10,23,20,8,7,41,31,10,17,59,37,10,24,66,35,3,23,58,24,0,11,31,7,0,7,11,155,41,114,318,0,0,18,18,0,3,7,11,16,10,8,35,26,14,0,40,36,6,14,59,31,10,5,44,36,0,13,50,12,0,17,34,6,0,4,7,163,41,94,301,0,0,22,22,0,4,21,29,27,22,12,58,47,17,15,83,64,13,36,121,65,12,25,111,70,8,32,112,39,5,23,67,4,0,16,16,319,87,208,608
LGA50980,0,6,362,365,17,59,252,327,188,355,384,925,458,285,255,996,401,204,262,872,294,134,250,678,207,45,157,408,51,7,55,112,10,0,12,22,1619,1094,1992,4703,6,8,384,400,17,78,257,356,278,431,516,1229,532,311,383,1216,404,184,320,908,309,121,306,735,123,21,186,334,29,9,62,100,6,0,17,14,1692,1167,2434,5291,5,8,749,762,29,142,508,680,468,785,900,2155,986,590,639,2213,806,392,585,1779,610,252,556,1412,330,67,342,743,78,13,121,216,12,0,28,38,3311,2260,4422,9994
LGA51080,0,0,16,16,0,3,13,23,13,17,14,50,29,6,9,54,32,5,17,58,47,8,25,88,26,3,20,53,13,0,7,25,5,0,0,6,171,58,137,362,0,0,17,21,3,7,6,18,17,20,17,49,41,10,12,64,35,5,9,52,48,9,15,70,21,6,15,36,14,0,15,20,4,0,6,4,176,55,107,335,0,0,42,40,7,12,17,37,35,32,31,100,75,14,24,115,71,16,21,107,94,18,42,154,48,12,37,94,24,0,18,45,4,0,3,7,345,110,242,694
LGA51120,0,0,16,16,0,0,15,19,20,5,17,36,32,4,10,46,30,5,17,42,35,0,13,51,44,0,15,59,14,0,6,21,5,0,4,11,168,23,112,307,0,0,8,8,0,3,8,11,22,8,6,38,38,5,3,42,31,4,13,47,31,5,14,49,32,6,16,55,15,0,16,33,0,0,3,10,173,29,94,288,0,0,28,28,0,7,26,32,32,16,21,73,73,10,11,88,58,8,26,93,67,9,26,104,75,6,32,107,26,0,22,51,4,0,13,12,340,56,199,592
LGA51190,0,20,770,788,21,174,560,752,363,466,831,1662,777,236,611,1627,866,209,635,1701,991,180,632,1801,990,107,457,1552,604,25,235,865,151,3,119,275,4767,1415,4843,11026,0,34,779,813,38,248,502,782,553,506,770,1830,907,257,671,1836,985,228,822,2028,1057,166,809,2031,939,69,767,1775,420,23,560,1005,83,0,314,400,4984,1523,6000,12501,0,50,1548,1606,57,419,1058,1537,920,973,1603,3494,1684,494,1279,3459,1846,432,1455,3730,2044,346,1439,3836,1930,176,1227,3330,1026,48,794,1871,238,3,438,676,9751,2941,10841,23532
LGA51260,3,6,1086,1091,3,107,536,650,438,438,623,1497,1172,385,419,1978,1379,302,513,2197,1383,228,460,2072,1578,165,448,2187,884,52,237,1171,194,9,106,304,7041,1675,4427,13147,0,19,953,971,17,151,392,557,640,545,532,1715,1547,405,557,2512,1532,349,746,2626,1503,229,695,2429,1496,126,750,2378,666,32,567,1268,106,0,335,446,7505,1866,5523,14895,4,25,2041,2062,22,254,927,1203,1082,979,1153,3218,2724,789,974,4487,2912,653,1261,4823,2878,465,1160,4498,3075,293,1196,4562,1553,80,801,2436,298,14,440,753,14545,3544,9954,28045
LGA51310,0,0,1023,1025,13,34,641,686,267,290,675,1231,1142,221,268,1625,1567,174,235,1979,1221,172,235,1627,860,47,212,1128,494,21,122,642,174,6,96,285,5729,980,3509,10216,0,0,865,859,16,67,612,686,421,328,556,1307,1413,210,278,1903,1602,178,383,2154,1155,130,433,1722,768,44,383,1193,387,9,363,754,101,3,286,398,5865,974,4149,10986,0,3,1885,1883,19,100,1249,1374,685,620,1231,2535,2554,435,542,3530,3169,353,614,4137,2381,307,668,3354,1624,96,599,2320,879,26,485,1398,284,13,390,679,11592,1948,7659,21197
LGA51330,0,18,2876,2902,70,253,3523,3844,2100,937,4037,7072,4268,476,1551,6292,3879,335,1176,5394,3146,235,1065,4448,2687,135,770,3597,1397,48,391,1833,329,5,171,504,17886,2438,15566,35887,0,27,2788,2821,177,363,2778,3317,2941,997,2648,6582,4819,512,1505,6836,3848,325,1423,5592,3168,247,1543,4957,2396,102,1506,4009,964,27,1127,2125,148,4,581,727,18462,2606,15893,36958,9,46,5664,5720,242,617,6299,7157,5044,1933,6684,13652,9090,983,3055,13127,7728,663,2599,10989,6309,489,2607,9405,5081,240,2279,7602,2363,73,1523,3955,477,10,747,1232,36345,5046,31459,72846
LGA51400,0,12,618,630,12,82,308,403,250,204,273,733,635,152,198,981,792,138,210,1144,711,111,173,998,527,44,150,722,226,6,71,301,36,0,17,51,3178,762,2015,5962,0,5,617,629,21,111,254,385,406,242,299,943,763,185,285,1240,893,171,250,1315,669,103,265,1034,474,25,226,726,152,5,163,320,13,0,54,69,3400,846,2417,6656,5,18,1233,1260,29,193,560,786,654,443,575,1675,1400,338,483,2218,1681,310,467,2460,1375,218,443,2036,1004,71,371,1447,381,16,234,624,46,0,69,117,6576,1609,4436,12619
LGA51470,0,0,3,3,0,6,4,3,3,7,5,19,18,6,13,37,19,3,5,26,24,0,13,38,19,6,21,44,7,0,9,20,0,0,0,3,88,27,78,192,0,0,0,0,0,5,3,11,9,10,4,29,22,3,5,26,12,0,5,18,24,0,13,40,22,0,4,23,3,0,9,11,0,0,0,0,92,28,44,166,0,0,7,7,0,14,9,15,15,21,7,41,35,12,18,62,24,6,15,45,50,0,28,74,38,4,27,65,13,0,15,29,3,0,0,10,182,57,124,361
LGA51540,0,0,98,102,0,14,76,95,58,68,107,234,100,46,77,227,132,54,120,305,141,44,127,305,116,23,117,255,48,4,44,102,11,0,12,25,612,263,776,1648,0,3,79,86,0,34,75,109,87,77,102,261,128,48,68,238,124,60,96,275,156,39,94,284,84,19,81,186,35,5,51,89,3,0,28,26,615,275,670,1559,3,0,181,185,4,48,149,200,144,145,207,495,232,91,144,463,258,112,212,582,291,82,223,595,200,44,195,445,84,9,99,194,11,0,39,53,1223,539,1445,3208
LGA51610,0,0,42,42,0,9,17,20,16,15,15,45,51,6,12,70,67,20,20,104,68,16,19,104,58,8,8,73,24,3,11,39,4,0,0,5,291,69,147,513,0,0,37,37,0,7,9,14,24,25,14,64,61,11,11,83,75,21,10,106,84,10,12,101,52,10,17,73,11,0,4,16,0,0,0,3,309,75,115,497,0,0,79,79,0,11,25,33,40,41,29,108,111,16,27,149,149,41,31,217,153,27,35,207,112,11,33,147,34,3,15,48,5,0,3,7,596,145,268,1009
LGA51680,0,0,161,167,0,6,108,122,63,45,92,197,176,43,67,284,262,50,73,379,318,38,62,421,202,20,60,283,110,4,26,142,19,0,7,26,1148,215,665,2022,0,0,160,166,3,6,79,85,108,60,68,228,228,53,50,329,310,55,60,426,315,37,76,427,208,14,57,273,73,3,50,124,7,0,27,34,1246,231,613,2090,0,5,324,329,0,19,189,208,162,104,158,424,401,93,119,620,570,108,131,808,632,73,142,847,410,30,118,560,179,11,75,265,27,0,34,65,2390,445,1279,4117
LGA51710,0,0,15,15,0,0,14,19,30,15,27,72,41,4,19,59,49,13,18,72,40,9,28,79,43,3,31,81,3,0,6,10,3,0,0,4,206,46,159,410,0,0,27,27,0,3,8,11,26,14,18,56,64,6,16,85,52,12,17,76,39,4,9,57,25,0,18,39,3,0,3,10,0,0,0,0,211,43,116,372,0,0,43,45,0,7,22,29,58,26,46,129,103,10,34,145,94,22,34,155,78,16,38,138,72,8,45,118,10,0,12,22,3,0,0,4,421,89,272,781
LGA51750,0,4,340,339,0,21,295,314,93,129,282,502,318,62,97,475,447,48,117,612,372,42,105,523,343,37,99,475,307,16,71,395,88,9,49,138,1958,362,1454,3778,0,8,316,322,5,34,299,335,122,140,283,544,399,52,136,586,468,51,219,734,384,46,206,638,336,31,216,575,240,3,259,500,54,3,187,240,1997,360,2121,4473,0,9,661,668,5,53,590,647,212,272,568,1050,721,108,238,1064,916,98,335,1347,758,87,315,1155,673,67,314,1055,541,20,330,895,138,11,235,378,3954,726,3577,8249
LGA51820,0,14,3119,3136,50,405,2927,3383,2192,2158,3389,7736,5048,1198,1991,8236,4587,752,1757,7092,3803,469,1387,5661,2909,244,958,4111,1462,57,473,1993,337,8,207,551,20389,5304,16207,41902,0,31,3007,3040,104,662,2712,3479,3327,2437,2859,8629,5620,1206,2051,8872,4738,776,2063,7568,3756,444,2040,6241,2623,165,1748,4534,1011,32,1145,2189,141,0,600,747,21311,5758,18232,45295,0,49,6125,6176,152,1068,5643,6859,5514,4600,6247,16365,10661,2407,4045,17109,9330,1525,3815,14660,7556,916,3432,11901,5533,407,2707,8645,2471,88,1622,4180,477,15,805,1297,41696,11060,34442,87196
LGA51860,0,0,8,8,3,0,11,13,14,0,0,17,31,0,6,37,14,3,3,20,35,3,0,44,23,0,0,23,12,0,3,16,0,0,6,6,128,11,35,175,0,0,0,0,3,0,9,17,23,4,3,25,23,3,3,31,16,5,0,23,35,5,5,41,19,0,0,23,4,0,3,11,0,0,0,0,129,14,33,177,0,0,10,10,8,0,19,30,37,8,5,43,51,6,10,66,33,9,3,37,75,6,9,87,39,0,0,43,20,0,6,27,0,0,10,10,261,23,68,355
LGA51890,0,0,234,234,3,25,161,193,76,121,161,358,198,82,134,406,227,71,149,450,319,54,198,572,330,36,190,563,176,6,65,244,23,0,34,55,1345,410,1314,3068,0,8,194,202,9,58,93,165,132,136,150,415,211,90,141,445,287,83,177,545,327,48,188,571,314,27,149,489,112,0,124,244,3,0,61,72,1401,453,1291,3142,0,11,426,440,16,86,253,351,203,259,314,776,407,169,274,848,515,157,324,997,648,101,382,1136,639,62,341,1045,289,12,183,486,34,0,90,122,2750,858,2601,6211
LGA51960,0,3,73,79,0,11,47,65,43,64,55,166,56,35,39,127,87,30,78,197,104,24,94,225,70,6,53,134,20,3,25,46,0,0,5,10,383,180,473,1038,0,8,70,77,5,30,43,75,47,56,40,143,87,36,52,173,94,39,53,183,105,15,42,159,52,7,42,102,12,0,15,24,0,0,6,7,399,191,351,949,0,9,140,156,5,45,88,139,90,118,100,307,141,65,87,299,179,70,134,386,207,38,139,386,125,15,95,229,29,3,40,72,0,0,9,17,787,369,833,1986
LGA52030,0,0,8,8,0,3,14,12,11,9,12,35,16,9,5,38,16,10,17,44,45,9,39,98,59,12,31,92,38,0,12,46,6,0,4,6,190,56,143,382,0,0,14,14,0,3,6,4,19,13,10,43,19,10,7,32,22,4,10,38,36,11,18,69,62,4,16,78,29,0,5,36,3,0,3,3,188,59,80,326,0,0,16,16,0,4,14,22,27,30,18,77,36,20,14,71,41,19,30,84,90,25,55,162,116,15,43,176,71,0,15,87,6,5,9,14,380,113,220,710
LGA52100,0,4,10,19,0,8,23,26,18,14,15,43,36,8,6,51,31,5,17,53,37,4,14,56,45,3,18,72,21,0,4,25,9,0,3,15,198,43,113,357,0,4,3,6,4,3,4,12,23,15,5,47,36,7,10,55,32,4,8,46,39,3,18,55,44,0,15,66,17,0,20,35,6,0,3,12,198,41,89,331,0,5,17,24,4,14,27,42,39,27,22,89,75,12,22,103,63,7,21,93,73,6,29,115,93,8,34,137,38,0,21,62,16,0,11,26,400,84,205,689
LGA52170,0,0,268,274,0,9,197,205,49,85,213,351,200,71,75,344,344,54,79,479,359,48,94,493,293,37,78,409,176,16,57,248,45,3,18,66,1468,321,1086,2873,0,4,256,263,0,16,187,207,87,114,197,399,259,58,82,403,386,56,109,550,334,36,130,497,281,27,129,436,141,9,84,237,18,0,62,86,1507,320,1234,3062,0,0,527,531,0,27,389,406,138,204,408,752,457,129,159,748,735,109,193,1036,692,89,220,998,577,58,208,840,318,22,144,489,58,6,79,144,2976,648,2317,5941
LGA52240,0,0,13,13,5,3,10,17,8,19,11,35,34,3,9,45,37,6,16,67,42,7,33,85,43,6,17,65,20,0,16,38,4,0,7,4,191,50,134,369,0,0,15,15,0,6,10,18,13,8,10,36,42,15,8,62,33,9,14,60,50,4,15,64,35,6,12,45,16,0,11,26,4,0,4,4,189,53,98,338,0,0,27,27,9,5,21,31,25,29,28,71,69,21,19,113,69,21,33,125,90,11,49,151,81,7,26,112,38,4,24,66,6,0,5,12,383,102,227,710
LGA52310,0,0,8,8,0,3,10,13,11,8,13,34,17,3,10,32,28,13,24,58,50,3,17,69,46,0,25,70,18,0,14,33,6,0,7,10,168,38,131,336,0,0,11,11,0,11,11,20,15,5,5,31,19,4,7,35,34,12,14,59,53,7,16,70,38,0,12,50,16,0,9,22,4,0,0,8,179,39,88,303,0,0,23,23,0,9,23,39,25,18,26,68,41,5,14,65,59,25,40,120,102,12,31,137,85,0,36,129,27,6,17,53,7,0,4,12,348,77,214,642
LGA52380,0,0,0,0,0,0,0,0,0,0,9,10,0,0,0,0,0,0,3,4,0,0,3,11,5,0,15,26,4,0,5,6,0,0,0,0,17,4,36,51,0,0,0,0,0,0,3,5,0,0,0,4,0,0,4,3,0,0,3,6,4,4,3,9,10,0,8,17,3,0,4,5,0,0,0,0,11,4,30,46,0,0,0,0,0,0,4,4,0,3,4,11,0,0,7,10,0,0,10,7,5,4,8,15,13,3,26,44,3,0,0,8,0,0,0,0,31,9,57,101
LGA52450,0,0,27,27,4,0,14,19,27,15,30,75,35,8,10,54,36,3,14,60,50,5,22,75,36,6,22,62,17,0,16,33,5,0,4,12,209,41,167,418,0,0,33,33,9,7,13,27,30,15,13,57,51,8,8,75,45,6,15,60,44,4,11,59,35,0,16,55,11,0,10,25,0,0,10,8,220,47,130,395,0,0,57,57,6,11,30,47,56,33,46,133,90,19,17,123,79,10,31,118,88,10,33,133,66,3,37,114,29,0,27,59,7,0,20,22,427,84,292,813
LGA52520,0,0,19,22,6,4,19,25,28,13,21,63,57,6,24,89,33,6,29,69,54,7,31,90,35,3,16,54,16,0,4,23,10,0,0,10,232,44,169,446,0,3,9,16,9,3,15,26,34,13,14,68,53,14,13,76,35,3,9,54,50,0,10,68,29,0,5,40,11,0,14,30,5,0,8,12,239,45,102,383,0,3,33,34,10,14,32,57,60,30,37,134,113,21,38,170,72,15,33,115,100,7,42,153,65,3,23,93,27,3,16,49,18,0,8,19,469,87,270,828
LGA52590,0,0,38,38,0,10,34,40,32,43,44,123,61,27,33,125,78,30,53,165,138,29,67,225,164,23,76,259,74,7,38,115,17,0,3,21,566,163,384,1114,0,0,37,42,0,17,26,39,45,49,49,143,98,29,28,156,97,28,28,153,157,33,49,245,147,11,41,206,54,3,41,101,12,0,24,39,606,169,327,1106,0,5,80,76,0,23,57,79,77,91,90,263,157,57,66,286,176,59,82,318,295,61,118,470,308,30,115,460,130,11,78,216,25,0,31,57,1174,335,714,2225
LGA52660,0,0,399,401,11,63,254,319,254,247,286,783,489,137,191,819,485,92,200,774,495,92,157,745,467,55,117,630,255,7,63,331,65,3,36,110,2516,703,1699,4921,0,6,383,394,24,101,175,292,359,265,231,859,557,153,217,932,556,113,221,890,524,86,202,809,399,34,201,632,210,16,195,420,31,0,97,126,2657,769,1924,5354,0,6,783,792,31,157,432,613,617,514,519,1649,1050,295,408,1751,1039,204,417,1665,1016,178,357,1557,863,81,316,1262,466,21,261,746,97,8,131,240,5177,1470,3620,10270
LGA52730,0,0,138,139,0,3,38,43,41,43,48,136,146,57,47,250,173,48,88,304,208,75,117,400,261,46,105,410,166,8,60,235,25,3,24,54,1021,284,668,1967,0,3,126,130,0,13,32,41,67,62,57,180,185,68,80,329,201,57,100,361,241,55,142,440,244,33,143,426,122,6,94,222,14,0,52,71,1074,294,834,2199,0,0,267,272,0,13,72,89,108,103,103,311,327,123,127,572,372,109,185,664,449,130,260,835,502,80,251,831,290,15,159,461,39,3,78,123,2097,574,1503,4165
LGA52800,6,4,158,167,27,37,123,186,124,120,192,432,107,72,164,337,113,59,117,294,100,53,110,266,63,17,87,165,16,3,11,37,3,0,7,7,564,366,971,1904,13,8,171,192,33,49,134,215,143,115,210,466,119,95,154,363,105,65,136,305,103,47,126,272,52,9,79,145,10,3,25,37,0,0,8,7,578,384,1040,2007,17,16,325,360,65,84,257,405,263,232,403,900,224,165,311,702,214,127,258,599,205,102,238,541,121,26,162,309,34,9,39,77,3,0,14,15,1145,756,2010,3908
LGA52870,0,0,145,145,0,12,89,103,47,62,63,179,152,56,64,276,214,58,73,345,258,55,90,404,272,44,113,430,144,12,40,191,30,0,8,39,1123,304,687,2115,0,0,132,132,5,20,45,71,85,72,74,232,196,57,72,328,239,54,90,388,296,61,112,467,246,34,105,384,98,10,105,210,16,0,37,54,1186,310,771,2263,0,0,275,275,7,35,132,174,140,138,136,409,356,109,141,599,455,114,164,733,558,118,200,875,521,77,219,815,238,19,142,401,45,0,50,95,2306,609,1457,4373
LGA52940,0,0,9,9,0,9,17,16,8,7,5,18,22,7,9,30,25,0,17,42,22,0,15,36,36,0,19,60,17,0,0,17,0,0,4,3,130,25,89,237,0,0,8,8,0,10,3,11,11,5,11,24,28,3,10,45,19,0,10,32,28,0,11,37,41,0,16,59,10,0,12,17,0,0,5,5,133,25,82,236,0,0,15,15,0,10,23,30,16,13,13,43,47,9,18,78,47,3,23,76,46,0,23,76,78,0,38,115,25,0,14,40,0,0,11,12,260,45,167,478
LGA53010,0,0,3,3,0,0,6,11,9,10,9,27,25,6,9,43,23,4,9,34,30,0,15,41,20,3,11,36,13,0,7,20,0,0,0,0,120,29,66,218,0,0,3,3,0,5,4,11,12,10,3,28,28,4,4,34,24,0,6,32,25,3,10,43,17,4,9,33,8,0,6,12,0,0,0,0,120,28,44,194,0,0,6,6,0,7,14,17,23,20,9,59,52,8,12,73,47,6,20,69,53,3,22,86,38,7,22,67,20,0,11,34,0,0,0,0,236,56,113,407
LGA53080,0,0,7,7,0,5,6,15,4,12,17,31,0,5,9,19,7,0,22,30,17,6,27,47,17,0,21,38,14,0,6,20,0,0,0,5,56,28,122,210,0,0,7,7,0,3,11,14,9,11,13,29,9,3,7,19,13,9,14,36,18,3,17,36,8,0,19,30,7,0,13,21,0,0,0,0,61,28,97,187,0,0,14,14,0,9,19,24,11,22,28,65,8,8,18,34,13,9,35,59,33,11,44,88,30,0,42,70,19,0,19,43,0,0,0,5,115,60,225,398
LGA53150,0,0,246,252,0,13,165,173,56,94,159,308,224,55,76,350,344,72,103,513,303,64,102,466,280,36,62,381,120,8,46,172,35,0,28,58,1365,342,974,2682,0,3,268,272,0,10,152,168,74,107,155,328,307,67,107,474,371,77,145,592,324,62,145,531,236,26,130,385,105,7,93,209,8,0,61,69,1427,358,1251,3030,0,3,512,518,0,24,318,338,127,198,308,638,528,115,180,825,713,148,247,1111,628,121,245,991,514,65,194,766,227,20,139,383,43,0,87,131,2788,700,2224,5713
LGA53220,4,4,137,138,8,39,86,130,112,162,143,412,203,90,103,391,145,47,106,295,102,36,82,221,40,5,35,87,6,0,4,12,0,0,0,3,622,381,699,1700,4,13,122,136,9,56,75,144,155,175,134,456,226,87,95,404,138,37,66,245,73,25,58,162,22,0,34,60,7,0,15,21,0,0,6,4,628,397,602,1630,10,19,253,277,14,92,162,273,264,332,273,872,427,171,195,795,277,81,175,539,172,66,144,385,64,7,74,148,14,0,17,34,0,0,9,8,1248,777,1302,3328
LGA53290,0,4,357,368,11,59,198,266,180,190,246,612,353,135,165,653,436,125,212,767,466,88,230,781,373,40,173,585,225,6,120,356,46,0,42,90,2078,652,1751,4471,0,20,279,299,13,95,151,257,260,212,197,668,412,141,174,722,449,129,202,777,473,81,197,750,359,22,210,593,157,10,213,383,30,0,99,124,2154,703,1722,4582,0,26,639,664,20,152,353,528,437,395,442,1283,761,277,334,1374,881,249,413,1545,937,167,430,1533,735,62,378,1184,382,14,334,736,73,0,142,213,4233,1350,3472,9057
LGA53360,0,0,70,70,0,15,49,63,45,54,87,187,106,45,47,202,94,41,63,191,82,27,67,179,54,13,45,112,28,5,19,52,0,0,6,7,405,200,446,1053,0,3,53,56,0,22,54,75,62,88,102,254,115,51,37,206,93,39,33,169,76,19,38,136,49,10,36,95,19,0,15,42,0,0,5,7,431,224,377,1036,0,3,115,122,0,41,107,140,110,141,189,439,219,94,87,402,189,73,96,355,161,46,110,311,106,19,79,207,49,6,31,93,4,0,8,15,837,430,824,2088
LGA53430,0,5,638,642,0,57,621,679,291,588,884,1763,891,469,583,1940,890,300,598,1783,986,256,633,1882,811,155,537,1507,495,41,245,780,135,10,97,243,4505,1873,4835,11216,0,9,650,660,9,108,695,810,444,713,874,2034,1010,462,563,2034,996,324,687,2009,984,245,822,2050,788,121,772,1683,369,25,488,882,57,0,268,327,4655,2006,5816,12486,0,17,1286,1302,10,164,1316,1494,735,1302,1754,3795,1903,925,1146,3975,1884,626,1285,3792,1972,504,1456,3928,1602,276,1310,3186,868,64,733,1663,190,9,362,565,9164,3883,10652,23693
LGA53570,0,0,118,118,4,11,66,82,34,54,95,182,102,36,66,206,168,42,97,311,210,30,124,369,255,38,136,428,158,8,61,223,24,0,12,36,953,225,782,1962,0,0,105,104,3,18,48,70,69,71,104,238,147,55,55,253,195,40,72,307,252,34,79,361,251,24,78,352,100,7,59,166,10,0,27,38,1020,247,625,1894,0,3,221,223,6,32,118,148,98,122,201,424,246,87,124,458,365,88,168,621,457,70,200,731,507,57,211,774,254,19,119,391,35,0,37,78,1973,477,1409,3853
LGA53640,0,0,26,26,4,3,20,22,28,23,24,78,45,12,14,69,50,6,15,71,41,3,39,86,49,4,26,73,12,0,8,18,0,0,3,4,230,51,164,443,0,0,17,17,4,8,11,26,42,21,17,80,43,8,14,68,53,5,4,63,39,9,14,66,31,0,11,44,11,0,4,10,0,0,5,5,222,50,97,375,0,0,38,38,10,9,30,46,70,42,38,155,85,20,28,135,105,14,20,136,87,12,55,149,77,6,35,116,18,0,12,32,0,0,5,6,453,105,262,816
LGA53710,0,0,13,17,0,0,7,13,9,7,11,33,29,4,11,47,36,4,13,44,30,9,26,67,44,4,22,70,21,0,7,26,5,0,10,12,174,37,123,335,0,3,9,11,0,3,12,18,13,4,10,29,30,3,13,54,37,8,10,50,40,13,16,71,35,4,20,58,10,0,9,22,0,0,6,8,176,41,110,326,0,5,25,24,0,9,21,30,24,16,16,60,61,15,28,100,70,7,18,97,74,17,41,141,85,6,45,135,28,0,23,50,5,0,11,20,351,76,236,657
LGA53780,0,26,3797,3822,79,327,3591,3994,2451,1178,3976,7601,5749,873,2346,8972,4763,642,1942,7345,3799,393,1613,5799,3277,196,1126,4594,1559,48,589,2201,339,10,222,566,22013,3691,19194,44898,11,48,3504,3559,243,489,2971,3704,3884,1360,2929,8170,6260,869,2054,9191,4698,650,2122,7476,3763,368,2082,6211,2749,131,1989,4871,1089,39,1370,2493,158,3,642,799,22855,3953,19665,46468,12,72,7300,7381,328,817,6559,7703,6329,2538,6902,15771,12009,1744,4401,18159,9466,1287,4067,14820,7557,759,3694,12011,6024,326,3115,9462,2649,88,1960,4695,494,11,864,1367,44865,7640,38860,91362
LGA53800,0,19,1087,1106,16,179,650,846,498,550,772,1816,963,327,578,1871,1174,276,649,2097,1214,266,673,2148,1068,111,464,1640,572,29,250,846,152,16,103,262,5650,1772,5219,12633,0,45,1020,1063,49,275,539,872,751,581,735,2067,1174,356,651,2184,1368,325,736,2435,1222,247,761,2239,983,91,668,1740,442,26,484,951,63,5,238,308,6063,1955,5836,13856,0,63,2104,2164,69,454,1192,1710,1246,1125,1505,3880,2140,690,1228,4055,2543,604,1384,4535,2434,513,1438,4387,2053,198,1132,3382,1012,52,738,1799,218,22,344,571,11714,3718,11060,26488
LGA53920,0,3,153,154,15,20,93,127,58,60,111,228,62,46,92,199,51,41,71,161,28,16,45,87,22,11,32,60,3,6,8,21,0,0,5,5,232,196,613,1038,3,3,115,126,21,25,103,151,57,68,147,273,71,49,111,228,38,36,100,176,30,7,74,113,15,6,56,82,3,5,18,20,0,0,7,7,236,200,730,1164,8,8,269,287,33,41,194,274,113,126,259,497,132,99,201,429,92,78,164,331,59,25,122,200,32,22,90,141,9,10,27,39,0,0,9,9,471,398,1340,2205
LGA53990,0,7,859,866,17,106,457,586,484,373,508,1360,953,240,408,1610,1005,188,383,1585,1068,170,290,1532,955,79,263,1293,482,23,123,627,93,0,50,146,5062,1184,3342,9585,0,17,822,843,29,155,344,537,682,442,401,1532,1159,228,414,1808,1115,216,421,1750,1157,170,409,1729,875,62,421,1360,352,12,305,675,29,0,151,176,5405,1317,3694,10405,0,25,1678,1703,48,263,806,1115,1163,809,911,2891,2118,470,828,3415,2121,407,806,3329,2227,336,697,3259,1830,141,685,2659,832,36,425,1290,120,0,202,323,10464,2498,7032,19990
LGA54060,0,8,86,91,0,5,43,46,21,23,39,80,67,21,28,114,104,29,49,180,138,38,74,243,167,24,86,281,100,8,34,144,12,0,15,35,608,160,455,1222,0,0,65,70,0,16,31,44,29,26,36,95,96,31,47,170,123,36,49,208,169,33,69,273,153,29,101,274,81,7,65,150,8,0,26,30,655,175,480,1312,0,7,152,156,0,19,76,90,51,50,72,173,161,48,75,287,230,64,96,391,299,76,138,521,322,54,184,555,184,19,99,298,25,0,46,64,1261,332,935,2528
LGA54130,0,0,8,8,0,6,15,23,24,14,12,50,44,6,10,62,37,4,16,58,39,16,32,85,36,3,21,56,11,0,6,18,4,0,4,5,201,55,126,377,0,0,4,4,0,6,12,16,30,16,15,65,46,12,7,66,40,13,10,57,42,8,13,64,30,5,15,48,7,0,9,15,0,0,3,3,197,58,91,345,0,0,18,18,0,9,31,44,50,31,30,113,93,17,18,127,75,20,22,115,88,20,46,154,67,8,33,108,19,0,11,35,4,0,8,10,394,113,219,724
LGA54170,0,23,5121,5138,23,287,4072,4382,1839,1899,3498,7239,6154,1371,1907,9430,7281,1017,1863,10164,7153,713,1550,9418,6545,302,1251,8094,2712,82,642,3431,541,13,299,858,32254,5703,20210,58164,0,43,4701,4740,78,466,3320,3871,2868,2311,2491,7669,7221,1422,1874,10513,7851,1018,2260,11127,7600,651,2410,10659,5789,251,2547,8584,1913,48,1800,3766,295,0,1005,1298,33615,6202,22408,62228,0,60,9824,9883,103,756,7394,8249,4713,4213,5985,14903,13376,2791,3780,19943,15134,2031,4123,21289,14750,1357,3963,20078,12336,553,3792,16686,4625,126,2444,7198,835,18,1308,2161,65867,11905,42616,120387
LGA54200,0,5,1725,1733,21,158,1371,1545,794,728,1240,2765,2132,519,841,3496,2229,425,859,3509,2098,297,734,3134,2033,152,505,2691,1167,39,330,1532,299,8,149,451,10762,2333,7762,20859,0,21,1575,1600,40,249,1055,1349,1268,841,958,3074,2440,538,869,3848,2385,449,914,3743,2196,253,965,3411,1934,126,974,3031,869,30,834,1728,145,0,456,602,11267,2504,8609,22387,0,26,3303,3328,63,403,2430,2892,2066,1568,2202,5837,4568,1060,1717,7343,4612,876,1767,7252,4290,548,1702,6545,3964,277,1479,5722,2033,68,1158,3265,442,6,609,1056,22035,4839,16366,43237
LGA54280,0,19,736,761,15,197,605,827,494,629,796,1909,961,358,553,1876,900,259,552,1717,851,179,501,1537,433,49,312,787,147,10,121,277,22,0,23,41,3824,1714,4202,9729,0,41,639,681,30,309,418,758,718,685,592,1993,1079,346,403,1829,895,282,434,1607,764,125,406,1298,335,34,279,646,97,9,152,262,14,0,62,76,3927,1827,3392,9149,3,63,1379,1441,51,505,1024,1584,1207,1311,1388,3902,2041,710,955,3705,1798,541,989,3324,1620,308,909,2832,765,80,592,1440,244,20,271,540,30,0,80,120,7747,3541,7592,18883
LGA54310,0,11,514,525,6,112,315,432,410,503,483,1399,1003,355,341,1697,734,214,297,1248,425,108,248,782,123,24,95,242,27,6,23,55,0,0,0,0,2733,1331,2317,6381,0,18,421,441,11,174,208,396,632,542,384,1553,1032,315,237,1582,693,210,221,1128,322,83,164,566,75,24,89,189,16,0,37,55,0,0,3,3,2788,1361,1761,5914,0,32,933,965,17,286,522,830,1045,1046,864,2954,2037,667,575,3284,1428,427,522,2376,743,186,408,1344,201,45,181,427,42,4,61,105,0,0,8,8,5520,2689,4078,12296
LGA54340,0,3,107,108,6,20,83,110,61,60,126,245,100,31,78,207,107,24,80,214,150,20,73,244,129,10,45,184,69,4,21,97,14,0,9,31,640,169,624,1434,0,11,96,109,9,36,61,104,78,52,82,213,116,24,50,193,122,20,70,210,144,18,60,215,125,4,61,190,47,3,44,97,10,0,33,43,652,168,558,1373,0,17,203,222,10,53,150,212,138,107,205,452,218,55,134,407,230,49,143,424,297,35,134,458,249,13,106,366,116,7,65,196,25,0,53,71,1290,336,1180,2810
LGA54410,0,0,21,21,0,7,14,18,12,9,25,46,18,12,19,51,24,10,29,59,46,16,19,82,41,4,23,68,27,4,10,39,5,0,4,9,175,56,166,389,0,0,25,25,0,3,11,16,19,12,7,32,24,9,16,54,30,14,22,67,44,12,22,75,32,0,20,59,17,0,25,40,3,0,17,16,177,57,159,385,0,0,46,46,3,7,24,28,24,26,33,81,52,17,33,104,53,19,50,124,93,28,39,160,78,7,42,129,39,4,37,76,9,0,17,27,345,113,320,779
LGA54480,0,0,4,4,0,5,10,11,10,8,12,18,27,4,4,37,20,8,13,39,17,5,4,26,10,0,4,18,6,0,4,7,0,0,0,0,88,25,61,166,0,0,3,3,0,0,4,9,13,8,3,25,29,6,0,30,18,7,3,31,10,0,5,13,9,0,3,15,5,0,0,10,0,0,0,0,86,23,28,137,0,0,15,15,0,3,13,22,21,15,15,49,54,7,7,71,41,14,15,67,24,5,14,39,20,0,10,31,5,0,4,18,0,0,0,0,171,45,83,308
LGA54550,0,0,19,22,0,4,28,35,18,18,32,73,71,15,38,123,56,17,34,98,82,20,52,148,65,5,28,95,38,0,13,57,12,0,3,16,337,84,244,661,0,5,18,20,0,6,14,28,26,27,23,79,76,15,16,104,62,18,28,109,82,12,26,117,59,0,25,90,28,0,39,63,3,0,22,28,337,84,211,633,0,3,35,40,0,13,48,66,50,49,55,149,146,28,56,226,113,35,62,207,163,29,75,264,123,4,56,182,66,3,49,120,20,0,23,43,676,166,459,1301
LGA54620,0,0,16,16,0,4,13,16,10,3,11,24,24,6,11,37,33,9,14,55,26,3,19,47,29,0,17,48,12,0,4,18,8,0,3,10,140,27,103,271,0,0,0,0,0,6,4,10,14,4,7,30,23,11,4,44,30,7,17,46,33,0,15,46,27,0,4,37,13,0,11,16,4,0,3,7,143,28,71,243,0,0,15,15,0,3,17,25,20,11,21,51,47,12,18,80,59,15,31,109,61,5,31,98,57,0,25,85,26,0,14,33,6,0,3,14,277,60,174,512
LGA54690,0,0,0,5,0,0,3,3,4,0,6,10,18,0,3,21,14,3,13,27,12,3,10,25,18,4,13,29,6,0,4,15,3,0,0,0,72,15,57,141,0,3,0,9,0,0,3,3,5,4,3,12,14,0,0,18,10,0,5,20,18,3,9,32,16,0,7,23,5,0,0,10,0,0,0,0,72,15,32,117,0,3,3,7,0,0,5,5,8,8,7,24,30,3,3,33,21,3,23,45,27,7,21,56,33,4,17,56,16,3,6,24,3,0,3,3,142,33,90,260
LGA54760,0,0,3,3,0,0,10,13,6,10,7,26,31,5,5,45,31,14,7,55,33,0,13,50,26,0,11,36,14,0,4,26,0,0,0,5,143,33,78,257,0,0,3,6,0,0,0,3,21,7,6,36,25,10,5,35,28,9,8,48,34,0,10,43,28,0,0,35,12,0,5,13,0,0,4,4,146,35,40,223,0,0,11,11,0,4,8,17,27,18,14,61,60,16,10,87,65,24,13,100,64,0,27,94,53,0,14,67,24,0,17,40,0,0,10,9,290,69,121,476
LGA54830,0,18,1235,1252,26,223,1083,1331,972,779,1278,3033,1950,493,835,3279,1448,315,740,2503,998,172,615,1783,734,74,361,1166,369,10,184,563,77,3,64,145,6580,2090,6397,15061,0,26,1111,1139,60,338,901,1300,1496,894,1174,3566,2124,499,869,3492,1425,302,823,2553,988,140,810,1943,663,52,599,1311,249,6,347,605,32,0,143,175,7044,2264,6791,16095,0,47,2343,2395,88,557,1982,2626,2479,1673,2456,6604,4071,993,1706,6767,2872,620,1570,5059,1991,311,1428,3723,1395,126,958,2481,623,16,525,1165,107,3,211,320,13619,4355,13181,31155
LGA54900,0,0,22,22,0,8,12,24,30,15,22,69,43,11,14,74,52,13,24,86,60,11,27,90,43,0,21,60,18,0,7,27,0,0,0,0,248,54,150,450,0,0,11,10,0,5,12,22,33,20,11,60,58,14,7,79,45,8,15,64,55,8,6,67,30,0,10,45,17,0,13,21,0,0,6,4,235,52,86,377,0,0,29,34,0,13,26,40,61,35,35,127,100,24,25,151,94,20,36,156,111,11,34,158,73,0,29,102,28,0,17,48,0,0,6,11,478,111,241,826
LGA54970,0,0,16,16,5,0,6,12,12,8,10,25,5,14,10,26,4,4,11,24,14,10,17,42,5,0,7,13,3,0,5,7,0,0,0,0,47,38,84,167,0,0,17,17,4,3,6,13,9,13,14,31,6,7,21,32,3,13,17,31,17,9,12,39,0,0,9,14,0,0,5,4,0,0,0,0,45,41,97,182,0,0,28,28,7,3,15,25,20,17,24,65,11,16,28,58,11,17,27,53,34,12,34,82,6,0,18,29,3,0,5,8,5,0,0,5,86,79,183,351
LGA55040,0,0,12,12,0,7,12,22,16,17,17,56,24,8,9,44,25,9,18,52,21,8,15,46,19,0,8,27,4,0,3,9,0,0,0,3,112,53,95,258,0,0,15,15,0,9,4,14,20,21,27,66,24,10,15,55,24,8,20,56,21,7,18,42,12,0,15,22,6,0,8,9,0,0,0,0,115,58,114,290,0,0,25,25,0,22,19,32,45,36,41,121,49,18,26,95,50,19,42,106,43,15,36,91,30,0,25,55,6,0,6,13,0,0,0,5,227,115,215,549
LGA55110,0,34,2329,2358,30,333,1538,1905,953,1042,1637,3637,2014,717,1171,3900,2501,587,1258,4347,2967,494,1281,4744,3487,347,1292,5127,2414,141,762,3319,546,26,346,910,14927,3709,11618,30255,0,58,2180,2239,79,500,1450,2026,1543,1288,1600,4432,2651,798,1421,4874,2916,635,1724,5274,3312,496,1875,5688,3465,288,1968,5722,1847,98,1596,3543,276,15,864,1151,16092,4170,14686,34951,0,88,4515,4602,110,826,2988,3929,2498,2325,3241,8067,4667,1514,2591,8769,5422,1224,2978,9626,6281,992,3157,10433,6950,629,3263,10848,4261,237,2360,6860,818,40,1210,2068,31019,7880,26302,65203
LGA55180,0,3,233,237,0,39,129,174,92,117,152,364,202,72,105,374,261,80,158,504,362,81,186,635,318,38,166,518,172,12,89,274,42,0,31,72,1455,447,1245,3143,0,8,211,220,6,55,70,135,124,130,126,385,247,76,124,443,313,82,136,531,384,82,185,652,286,28,166,476,129,6,121,262,11,0,67,77,1508,465,1211,3180,0,11,451,460,11,97,201,309,222,250,282,747,442,145,226,814,571,165,293,1034,744,162,373,1281,606,64,327,997,305,19,208,535,51,0,97,147,2957,914,2458,6330
LGA55250,0,0,21,20,0,4,13,22,11,22,27,58,12,7,16,36,8,4,25,39,19,9,28,54,10,3,19,36,8,3,5,11,0,0,0,0,60,63,149,272,0,0,25,23,0,8,24,35,9,20,26,58,15,11,18,42,18,3,17,40,5,9,25,40,5,3,4,12,0,0,8,12,0,0,0,0,56,62,139,256,0,0,38,43,4,19,31,53,19,42,48,111,25,26,31,80,29,14,43,75,25,16,50,95,13,8,23,47,9,0,8,20,0,0,0,0,119,122,286,525
LGA55320,0,3,3091,3102,14,161,2642,2818,1227,1124,2511,4866,3995,645,1123,5766,4388,486,1126,6003,4037,412,1070,5518,3933,211,882,5021,2170,80,571,2824,623,17,364,1002,20387,3141,13379,36911,0,17,2929,2944,36,258,2478,2772,1839,1254,2031,5125,4709,690,1391,6786,4701,499,1708,6897,4236,379,1833,6441,3685,169,1942,5792,1567,48,1654,3266,311,7,1224,1542,21075,3317,17177,41573,0,21,6023,6044,56,417,5119,5589,3060,2386,4546,9994,8700,1336,2508,12545,9083,980,2830,12903,8271,797,2898,11959,7610,379,2824,10809,3736,127,2228,6089,937,27,1590,2549,41460,6458,30557,78481
LGA55390,0,0,3,3,0,0,4,4,0,3,0,3,0,5,8,15,6,0,0,5,4,0,3,10,0,3,4,9,0,0,6,6,0,0,0,0,8,19,33,68,0,0,3,3,0,0,0,3,0,0,0,7,3,3,6,4,5,8,7,14,5,6,11,19,0,0,0,8,0,0,3,3,0,0,0,0,10,21,25,59,0,0,3,3,0,0,4,8,0,8,0,11,3,8,8,22,7,8,4,23,9,8,12,30,0,4,15,17,0,0,9,9,0,0,0,0,22,35,63,123
LGA55460,0,0,63,61,0,19,52,72,59,37,61,157,68,31,53,142,94,27,50,170,111,14,62,188,98,8,55,157,41,0,18,61,11,0,14,27,485,136,421,1037,0,3,58,57,4,25,23,52,59,40,53,148,91,34,35,157,92,18,50,160,121,6,45,179,94,5,46,142,29,0,31,60,3,0,25,26,496,138,360,992,0,0,115,120,3,49,75,129,117,73,116,306,158,63,83,296,184,46,95,325,232,23,110,368,196,12,98,301,73,3,52,126,15,3,35,54,983,272,778,2032
LGA55530,0,0,0,0,0,0,5,11,7,7,4,14,11,0,5,15,15,3,10,26,15,0,12,28,10,4,10,26,10,0,3,12,0,0,0,3,70,26,52,141,0,0,5,0,0,0,4,4,9,3,3,11,14,7,5,23,16,8,0,21,15,0,4,15,9,0,5,14,8,0,3,12,0,0,0,0,70,22,21,113,0,0,9,7,0,3,7,13,11,12,7,33,26,7,3,42,30,5,9,42,32,6,16,49,19,4,14,41,20,0,3,19,0,0,0,3,135,46,74,255
LGA55600,0,0,35,39,0,9,39,49,17,26,49,95,42,25,24,91,74,21,41,135,90,9,43,146,81,7,25,113,36,0,23,62,4,0,9,15,346,95,280,735,0,3,41,43,0,15,26,41,25,30,45,106,59,22,33,110,85,21,28,131,90,11,33,123,62,3,39,103,26,0,28,55,5,0,18,22,351,100,288,737,0,7,72,77,0,20,66,87,45,58,98,197,99,39,57,203,157,40,64,264,177,18,74,271,144,8,60,214,65,0,56,119,8,0,26,33,702,200,567,1471
LGA55670,0,0,14,14,0,4,9,13,6,6,10,29,10,8,7,25,18,0,14,35,17,5,6,29,17,4,11,33,5,5,3,10,3,0,4,11,87,33,78,200,0,0,11,11,0,7,5,13,17,7,3,27,15,12,4,29,12,4,13,28,20,0,9,33,20,3,13,30,9,0,5,18,3,0,4,6,92,36,66,187,0,0,26,26,0,12,9,24,21,14,16,53,25,17,8,55,32,3,24,57,35,4,21,65,39,7,23,66,12,4,8,27,7,0,10,15,178,66,143,387
LGA55740,0,3,228,234,0,18,220,244,89,103,220,412,301,62,123,489,419,60,109,589,307,34,141,487,264,30,125,417,150,11,63,228,34,0,28,67,1573,328,1260,3159,0,5,332,339,7,25,231,257,122,126,219,471,361,60,128,551,452,49,154,650,302,41,163,508,244,26,146,419,106,10,145,265,21,0,59,83,1618,336,1581,3540,0,3,564,572,3,40,452,497,212,230,444,883,664,127,251,1039,868,106,261,1239,614,75,303,994,510,57,274,836,258,21,209,488,55,0,90,148,3192,666,2843,6701
LGA55810,0,0,0,0,0,0,0,0,0,0,5,10,4,3,0,10,8,3,10,19,7,8,10,19,4,3,10,22,8,0,6,13,0,0,0,0,32,21,49,94,0,0,0,3,0,0,0,0,0,4,6,8,13,7,11,30,3,6,6,16,12,5,14,27,3,0,12,11,3,0,0,6,0,0,0,0,36,23,49,107,0,0,7,3,0,0,3,3,0,4,14,15,14,7,14,42,10,10,17,36,15,13,23,51,13,3,19,37,8,0,6,14,0,0,3,7,67,40,96,204
LGA55880,0,0,0,0,0,0,3,3,6,6,9,19,9,6,9,27,19,3,17,38,29,0,14,38,9,0,14,26,7,0,0,9,5,0,5,4,82,21,65,165,0,0,0,0,0,0,4,9,6,6,5,19,12,7,7,25,15,7,6,28,23,4,10,35,8,0,3,15,6,0,0,8,0,0,0,3,78,21,44,139,0,0,0,0,0,0,12,12,14,10,15,38,20,18,12,52,39,8,21,67,48,3,20,74,21,0,19,41,9,0,3,15,4,0,4,9,162,40,101,307
LGA55950,0,0,12,12,0,0,3,6,9,6,10,28,16,0,8,27,21,4,9,31,22,4,14,39,28,0,7,35,16,0,0,14,3,0,0,3,121,10,65,200,0,0,8,8,0,0,5,3,11,9,3,21,21,3,3,29,29,0,3,30,26,3,7,37,19,0,9,28,11,0,14,21,0,0,0,0,128,12,49,184,0,0,20,20,4,4,3,13,27,12,14,54,37,3,17,58,52,4,18,64,46,5,20,73,47,0,16,56,26,0,11,41,4,0,0,11,245,23,119,386
LGA56090,0,5,1120,1127,4,69,791,870,462,417,697,1572,1048,329,404,1786,1436,316,522,2275,1640,282,501,2418,1423,136,411,1970,806,44,211,1065,150,8,94,254,6981,1605,4752,13339,0,10,1049,1058,15,114,615,752,678,482,492,1653,1325,414,408,2157,1646,358,607,2613,1715,256,656,2630,1350,107,678,2133,558,36,528,1125,75,3,255,339,7363,1786,5299,14452,0,14,2173,2183,22,191,1411,1624,1137,903,1190,3230,2377,753,815,3937,3080,672,1131,4887,3355,535,1155,5044,2777,235,1087,4108,1368,79,746,2193,230,10,353,593,14344,3392,10054,27790
LGA56160,0,0,0,0,0,0,0,0,4,3,0,9,0,0,3,9,4,3,3,6,3,0,3,7,0,0,0,0,0,0,0,0,0,0,0,0,13,8,12,32,0,0,0,0,0,0,0,0,3,0,3,11,3,0,0,5,3,0,7,10,6,0,0,7,0,0,0,3,0,0,0,0,0,0,0,0,14,8,11,27,0,0,0,0,0,0,0,0,3,4,4,13,3,0,8,12,8,3,8,14,11,0,3,13,4,0,0,5,0,0,0,0,0,0,0,0,25,11,25,66
LGA56230,0,3,435,441,14,61,282,359,211,176,315,701,388,147,228,764,530,130,271,931,629,128,280,1043,694,76,279,1050,458,27,158,645,105,9,64,179,3036,760,2316,6108,0,7,500,508,20,102,217,336,318,241,261,816,518,180,250,947,611,140,275,1030,706,127,284,1118,706,62,312,1081,343,22,269,630,46,5,112,166,3259,880,2484,6624,0,15,938,951,27,163,499,695,528,415,577,1518,907,329,480,1710,1144,275,550,1963,1339,254,565,2157,1397,140,593,2129,799,45,425,1272,155,9,184,346,6291,1645,4804,12736
LGA56300,0,0,31,31,0,0,7,7,6,13,13,30,30,18,23,76,26,12,28,64,52,17,43,105,94,12,44,144,45,5,17,69,4,0,0,11,262,74,205,545,0,0,21,21,0,0,3,3,10,15,13,40,40,21,15,70,39,15,19,72,72,16,40,128,85,14,32,123,29,3,23,59,3,0,10,11,276,85,172,533,0,0,54,54,0,0,13,13,20,25,25,67,68,36,41,144,65,30,45,136,126,33,81,239,176,28,73,277,73,10,37,120,14,0,10,24,538,157,375,1076
LGA56370,0,0,4,4,0,4,11,14,14,12,17,38,24,5,6,29,23,8,4,34,24,3,14,48,25,3,14,38,18,0,0,26,7,0,5,9,139,30,69,243,0,0,3,8,0,0,3,7,20,14,6,39,21,10,4,33,28,6,3,34,28,0,4,43,20,0,12,31,19,0,11,28,7,0,3,14,139,35,53,224,0,0,8,5,0,3,11,24,36,23,26,83,38,8,7,59,51,8,6,72,58,9,23,90,42,7,19,70,40,3,11,48,10,0,7,21,279,68,123,470
LGA56460,0,5,100,102,3,25,81,106,64,52,107,225,101,34,61,190,133,32,96,257,151,15,91,265,154,16,76,248,79,0,32,119,17,3,18,41,701,179,665,1546,0,4,109,111,9,31,66,100,78,62,85,221,135,38,75,252,132,21,94,252,183,27,88,299,125,8,86,215,58,0,85,145,3,0,49,53,722,186,741,1647,0,8,205,214,9,54,146,205,140,110,193,447,234,64,139,440,261,59,190,511,333,41,184,555,282,18,164,462,135,3,120,262,27,0,65,98,1420,362,1402,3195
LGA56580,0,0,851,849,0,24,659,681,195,159,491,847,796,94,161,1052,1144,88,158,1382,970,79,164,1208,863,48,148,1064,506,21,114,637,155,5,49,206,4631,512,2790,7929,0,6,735,733,3,36,569,611,282,182,339,803,988,98,165,1247,1239,93,251,1584,973,74,303,1344,792,26,353,1176,376,11,301,686,63,0,226,290,4708,522,3246,8471,0,3,1580,1586,7,64,1229,1296,478,333,838,1650,1781,192,325,2302,2380,184,404,2969,1937,152,467,2558,1656,81,501,2237,878,27,416,1320,212,5,273,492,9332,1034,6037,16405
LGA56620,8,3,55,59,14,0,28,50,39,9,42,88,58,0,36,95,34,0,37,67,20,0,15,37,14,0,6,24,0,0,4,4,0,0,0,0,181,20,224,425,8,0,50,62,16,3,25,45,45,10,54,103,46,6,43,92,39,0,45,84,17,0,47,62,7,0,17,26,0,0,4,4,0,0,0,0,177,24,278,480,15,7,98,122,27,7,58,94,85,14,91,190,104,6,82,188,72,4,79,158,40,0,61,101,20,0,25,43,0,0,8,8,0,0,0,3,360,42,503,900
LGA56730,0,12,289,299,7,57,169,232,109,117,217,452,236,85,142,460,285,81,167,534,347,85,208,643,404,40,176,619,204,11,90,306,34,0,31,62,1625,487,1494,3601,0,12,257,270,10,70,137,219,187,136,173,488,269,85,189,541,338,99,249,687,395,92,265,754,362,29,232,617,148,8,168,319,8,0,89,94,1717,534,1751,3998,0,24,547,570,21,125,312,455,299,254,385,938,504,172,329,1001,621,178,422,1225,743,179,472,1395,764,68,402,1233,352,12,255,622,42,0,116,162,3340,1019,3243,7606
LGA56790,0,0,52,52,0,11,30,33,18,40,34,88,54,32,25,111,69,26,65,159,128,29,76,236,145,25,77,251,83,3,35,123,19,0,16,30,516,163,404,1087,0,0,27,29,0,18,14,33,28,45,25,90,72,29,28,131,77,32,43,149,149,37,41,229,138,25,57,214,54,0,40,99,13,0,19,30,538,182,290,1006,0,0,80,82,0,20,40,71,46,83,51,184,132,61,50,243,146,53,108,305,281,67,122,468,282,47,138,467,138,6,73,219,34,0,33,63,1052,337,694,2087
LGA56860,0,0,3,3,0,3,8,8,0,0,0,3,4,0,3,9,3,6,3,13,7,0,8,20,12,0,4,18,3,0,0,0,0,0,0,0,29,16,31,76,0,0,0,0,0,3,0,9,6,3,0,6,3,3,5,4,6,3,6,11,12,0,4,19,7,0,0,12,0,0,0,4,0,0,0,0,36,18,24,75,0,0,8,8,0,8,8,15,6,11,0,12,6,5,6,13,6,8,3,24,20,4,10,41,22,3,10,36,6,0,4,8,0,0,0,0,65,39,60,157
LGA56930,0,0,54,54,0,4,40,41,5,17,26,55,30,3,11,40,77,6,11,87,88,8,9,99,72,5,6,79,38,0,3,45,15,0,5,17,314,36,168,519,0,0,91,91,0,3,47,49,7,12,24,47,39,9,17,65,91,6,18,117,92,5,11,113,55,3,26,91,28,0,18,53,10,0,14,26,327,38,270,632,0,0,140,140,0,6,86,90,18,35,49,99,69,6,25,105,164,12,29,208,173,10,24,209,122,3,35,172,68,0,25,93,29,0,16,42,641,71,439,1151
LGA57000,0,0,4,4,0,0,7,11,4,3,9,13,11,3,3,24,15,5,3,24,17,4,8,31,11,0,3,18,10,4,0,10,0,0,0,0,64,21,42,128,0,0,4,4,0,0,8,10,5,7,0,12,13,3,3,15,20,4,6,24,13,6,6,26,15,3,4,18,0,0,5,5,0,0,5,3,62,18,37,123,0,0,10,10,0,5,12,15,9,7,6,23,24,8,8,39,33,5,6,46,29,6,18,54,18,0,8,35,7,4,9,14,0,0,9,11,124,41,79,250
LGA57080,0,6,185,190,15,174,818,1006,707,889,1832,3419,878,338,948,2161,418,138,558,1107,464,113,472,1045,458,65,317,841,252,21,127,402,51,3,31,85,3246,1739,5280,10266,0,19,234,250,46,246,850,1141,958,942,1476,3375,809,257,688,1748,432,123,443,999,490,65,384,942,400,38,328,770,174,7,163,338,15,0,84,96,3318,1704,4651,9669,4,20,417,439,63,424,1666,2153,1665,1826,3304,6796,1686,589,1630,3912,851,259,1002,2107,953,176,862,1993,861,106,643,1611,422,27,293,742,63,4,113,188,6569,3438,9933,19936
LGA57140,0,0,17,17,0,4,22,27,10,15,10,32,23,7,17,42,28,3,14,49,48,7,32,80,50,3,21,76,25,0,19,45,7,0,4,12,188,42,154,382,0,0,13,12,0,7,8,14,18,14,14,44,26,4,8,38,34,6,14,51,52,12,22,77,48,0,22,72,22,0,22,46,3,0,4,9,189,47,135,367,0,0,29,31,0,12,25,38,24,29,25,81,45,17,25,82,59,8,34,98,92,17,52,159,96,3,43,146,49,0,40,88,12,0,14,19,372,83,285,745
LGA57210,0,3,138,141,4,8,62,80,64,53,58,181,104,42,65,206,176,45,77,304,229,38,108,371,228,28,113,363,106,3,48,156,20,4,17,43,927,231,683,1846,0,0,111,118,10,22,36,73,86,61,54,203,140,48,51,242,198,49,85,334,257,34,97,383,198,35,113,342,68,9,55,133,13,0,32,42,974,259,644,1868,0,7,252,260,23,31,100,152,149,115,114,380,250,90,116,454,377,98,165,638,480,69,206,757,418,61,218,708,177,16,104,289,32,5,54,83,1900,488,1324,3715
LGA57280,0,13,342,357,13,83,206,297,306,397,412,1126,578,278,318,1175,401,153,287,838,338,100,265,703,88,21,80,186,16,5,27,47,0,0,9,6,1732,1048,1953,4734,0,20,284,305,8,122,183,313,445,499,312,1260,618,242,225,1087,355,144,196,698,248,64,196,510,60,14,87,165,3,0,24,33,0,0,8,10,1754,1099,1517,4373,0,34,630,666,25,198,386,612,756,898,731,2388,1201,519,543,2257,756,294,484,1533,587,163,461,1209,148,35,171,348,21,5,54,81,0,0,19,18,3486,2147,3471,9107
LGA57350,0,0,9,13,0,0,4,4,8,13,0,24,16,0,13,25,24,0,10,33,24,8,21,57,38,6,23,67,29,0,10,36,5,0,4,7,140,29,92,266,0,6,6,8,0,0,3,6,18,9,8,35,14,0,8,27,23,6,12,40,37,9,18,57,36,5,16,55,15,0,15,28,5,0,10,11,148,33,98,272,0,4,14,18,0,0,6,9,25,22,14,63,33,6,17,57,46,3,24,73,64,14,38,113,70,7,41,118,41,0,22,65,12,0,14,22,291,62,188,533
LGA57420,0,0,28,28,0,6,21,26,43,27,38,106,50,27,32,102,57,16,51,126,72,18,44,135,52,9,35,96,40,3,8,51,6,0,8,11,314,111,252,672,0,6,17,19,0,16,22,35,50,33,27,116,56,19,25,104,54,14,22,96,63,18,31,111,49,11,23,79,27,0,34,56,4,0,9,16,312,120,206,633,0,6,43,45,0,18,38,56,96,62,66,225,105,48,48,205,109,36,74,220,136,35,80,252,100,15,52,175,64,3,40,110,9,0,14,27,619,228,458,1307
LGA57490,3,53,4179,4233,69,575,2782,3430,2171,2183,3113,7467,4189,1303,1912,7400,4612,962,1910,7482,4399,616,1733,6748,3158,243,1179,4580,1870,91,687,2642,398,9,279,683,20867,6036,17773,44673,0,93,3870,3965,160,909,2384,3465,3265,2561,2751,8566,5179,1419,2333,8933,5136,1026,2402,8562,4325,572,2286,7181,3048,206,1996,5248,1379,51,1516,2945,204,8,715,922,22693,6852,20244,49786,3,144,8048,8201,233,1491,5169,6895,5431,4743,5865,16035,9370,2724,4245,16335,9745,1985,4312,16043,8724,1191,4013,13925,6201,451,3178,9829,3253,146,2197,5591,599,18,990,1614,43554,12891,38021,94462
LGA57630,0,0,0,0,0,0,0,0,0,0,0,0,0,0,0,0,0,0,0,5,7,4,5,13,6,4,5,7,3,0,7,11,0,0,0,0,9,5,19,35,0,0,0,0,0,0,0,0,0,0,4,4,0,0,0,0,0,0,0,4,3,4,3,11,9,0,3,8,0,0,0,0,0,0,0,0,14,5,5,23,0,0,0,0,0,0,0,0,0,0,4,4,0,0,0,3,0,0,3,10,12,5,8,22,11,0,5,21,3,0,7,11,0,0,0,0,27,10,31,58
LGA57700,0,10,884,891,38,123,612,773,771,542,622,1935,1325,346,361,2025,1121,242,344,1704,1027,171,247,1444,702,61,184,950,340,8,95,444,52,0,38,93,5375,1519,3374,10263,0,18,934,956,71,190,534,794,1172,674,594,2437,1431,366,445,2245,1199,264,416,1885,1011,132,418,1560,632,41,291,961,225,3,172,403,25,0,76,103,5772,1697,3875,11342,0,27,1821,1847,106,317,1143,1566,1944,1212,1218,4372,2756,713,802,4275,2315,514,764,3588,2042,303,658,3005,1340,103,469,1913,564,14,268,851,82,4,111,193,11150,3215,7252,21610
LGA57770,0,0,10,10,0,0,11,6,8,19,6,33,26,15,11,54,11,8,16,34,25,17,20,60,35,4,25,64,13,4,13,26,0,0,0,0,121,64,105,289,0,0,9,9,0,3,11,14,14,23,17,58,24,14,5,39,14,12,15,43,31,10,21,63,25,3,22,48,10,3,10,17,0,0,0,3,118,68,111,299,0,0,17,17,0,0,19,18,20,40,22,87,49,30,18,95,24,17,33,82,53,25,43,124,64,10,42,115,18,4,20,44,0,0,4,8,236,130,220,588
LGA57840,0,9,1083,1089,18,128,1385,1531,622,749,1535,2910,1559,340,658,2562,1473,230,576,2282,1410,169,559,2140,1395,128,489,2018,671,31,262,961,161,6,121,289,7314,1791,6665,15772,0,8,944,955,26,201,1317,1544,934,824,1233,2999,1685,339,705,2732,1623,213,741,2577,1466,161,895,2529,1241,99,884,2220,475,26,649,1149,85,0,365,447,7540,1877,7735,17147,0,15,2025,2046,45,331,2704,3080,1554,1582,2770,5905,3246,679,1362,5290,3098,439,1319,4857,2876,335,1454,4664,2645,229,1372,4235,1146,57,909,2109,249,10,483,736,14858,3664,14397,32925
LGA57910,7,18,5302,5323,106,551,5218,5872,4540,4018,7489,16039,9060,2332,4156,15545,7780,1217,3632,12627,6541,815,3312,10675,5562,427,2401,8389,3543,135,1258,4935,1085,31,620,1730,38218,9537,33388,81146,6,58,4949,5009,303,930,5036,6265,6499,4526,6739,17761,9856,2180,4484,16515,7825,1128,4530,13480,6315,718,4639,11676,5218,322,4471,10005,2688,84,3542,6320,499,14,2037,2546,39203,9957,40419,89584,9,78,10251,10339,408,1472,10252,12136,11038,8544,14228,33802,18915,4507,8637,32060,15604,2340,8158,26108,12864,1536,7954,22345,10777,752,6875,18400,6226,222,4808,11257,1586,36,2651,4279,77425,19499,73808,170727
LGA57980,0,0,407,408,8,46,351,401,223,356,527,1112,648,142,254,1042,601,90,231,924,508,96,251,855,508,62,260,831,280,26,150,457,73,4,39,119,2853,822,2476,6152,0,0,353,353,5,73,430,511,328,385,566,1275,747,117,322,1180,623,112,304,1047,505,76,380,956,455,36,388,882,221,19,327,566,33,4,166,200,2918,822,3230,6970,0,0,762,763,14,115,781,909,548,739,1097,2388,1392,259,573,2222,1230,202,535,1970,1013,171,628,1814,969,100,654,1717,503,43,477,1019,110,6,206,317,5767,1646,5707,13122
LGA58050,4,45,4662,4711,110,538,3772,4415,3270,2236,4345,9847,6186,1434,2482,10100,5385,990,2121,8497,4804,635,1882,7317,3351,257,1248,4858,1565,72,605,2235,337,3,214,557,25008,6210,21320,52543,6,61,4224,4295,221,889,3156,4274,4996,2620,3567,11186,6804,1453,2555,10816,5646,1000,2821,9466,4628,570,2732,7936,2754,183,2194,5127,1117,51,1289,2462,166,4,584,754,26343,6834,23128,56306,6,111,8890,9002,332,1428,6928,8685,8266,4861,7910,21035,12987,2883,5041,20911,11030,1993,4939,17960,9436,1205,4615,15256,6108,438,3439,9987,2678,120,1894,4700,505,9,802,1313,51349,13049,44449,108848
LGA58190,0,0,9,9,0,0,8,8,5,10,12,24,4,0,3,8,18,0,5,25,16,7,13,34,6,0,5,10,3,0,11,12,0,0,3,3,54,15,70,142,0,0,0,0,0,0,0,3,9,3,8,10,13,7,4,26,14,7,0,20,12,0,5,18,7,0,8,16,5,0,6,10,0,0,0,0,55,16,36,106,0,0,15,15,0,0,8,10,12,10,14,37,19,6,11,31,33,7,7,45,28,10,15,50,13,0,20,30,12,0,10,19,0,0,6,9,113,30,110,249
LGA58260,0,0,7,10,0,0,3,7,13,9,0,21,14,9,10,33,16,7,10,35,16,5,16,31,17,3,14,30,15,0,4,20,0,0,0,3,91,31,67,194,0,0,9,9,0,3,3,11,12,7,8,26,15,10,5,30,18,6,7,33,12,0,5,24,21,0,0,20,5,0,7,17,0,0,0,0,90,32,44,163,0,0,16,17,5,5,7,19,21,11,6,47,29,17,15,60,33,14,16,65,29,3,23,61,38,3,18,56,22,0,15,32,0,3,0,6,182,61,114,360
LGA58330,0,0,85,86,0,9,64,75,25,24,71,114,76,33,51,160,141,39,62,241,225,35,103,360,228,18,128,373,116,7,42,163,16,0,14,31,823,164,624,1616,0,0,86,90,0,12,41,47,44,38,54,142,100,32,50,178,177,43,67,289,257,40,96,395,214,17,95,324,81,5,52,135,6,0,25,28,875,196,562,1642,0,3,177,180,0,22,100,127,65,65,125,256,177,68,97,340,320,84,133,535,480,74,201,759,436,43,217,697,195,13,94,300,21,0,40,64,1707,365,1189,3254
LGA58400,0,0,8,8,0,0,3,3,8,3,6,12,4,0,0,9,6,0,10,13,16,0,20,30,7,4,16,28,6,3,0,7,0,0,0,0,45,12,56,111,0,0,12,12,0,3,0,5,3,0,3,10,5,0,4,6,12,0,6,20,8,3,10,19,8,5,6,16,7,0,7,10,0,0,0,0,42,17,44,98,0,0,13,13,0,3,8,7,9,11,9,28,9,0,0,15,21,0,11,32,23,3,25,50,18,3,19,46,9,0,9,18,0,0,0,0,83,26,102,207
LGA58470,0,0,4,9,0,0,3,3,0,0,3,4,8,0,5,8,4,5,8,12,5,5,11,21,0,0,9,11,0,0,0,0,0,0,0,0,16,9,36,61,0,0,3,6,0,0,4,4,0,6,5,15,4,3,0,9,0,0,3,11,4,6,0,7,0,0,0,4,0,0,0,0,0,0,0,0,15,12,20,52,0,3,6,8,0,0,5,10,0,3,14,17,12,0,4,20,4,6,17,21,5,3,11,20,3,0,9,13,0,0,0,0,0,0,0,0,29,25,59,111
LGA58510,0,6,627,640,32,152,1091,1268,907,887,1646,3438,1452,449,819,2721,1014,254,662,1923,838,139,695,1676,660,75,506,1239,281,22,273,575,112,0,104,208,5292,1990,6420,13697,0,11,651,664,60,251,1006,1318,1213,942,1261,3424,1532,418,683,2636,1036,231,655,1921,783,126,693,1607,556,50,667,1277,218,10,506,735,51,0,314,367,5449,2047,6439,13939,0,20,1279,1301,91,405,2094,2592,2120,1832,2911,6858,2982,868,1502,5355,2048,486,1314,3847,1622,268,1393,3280,1216,122,1172,2517,498,30,777,1311,161,0,414,574,10747,4029,12860,27631
LGA58540,0,0,6,6,0,0,10,12,13,11,10,30,25,8,6,42,29,5,13,49,38,6,18,66,31,3,11,41,10,0,8,17,3,0,3,4,142,39,89,272,0,0,8,8,0,0,6,8,10,13,7,36,30,9,4,39,27,8,4,42,46,6,9,56,19,5,11,38,12,0,5,22,0,0,0,3,147,44,60,249,0,0,14,14,0,6,11,22,25,29,13,66,52,15,13,80,54,12,26,87,84,13,24,124,49,10,24,86,27,0,12,40,3,0,3,7,289,81,146,520
LGA58570,0,4,613,617,12,140,853,1004,615,1121,1737,3473,1409,606,899,2920,1165,317,670,2149,868,245,602,1718,602,102,380,1089,279,30,157,465,85,3,79,166,5044,2570,5987,13596,0,7,576,586,26,217,961,1202,853,1196,1692,3736,1496,476,814,2791,1162,277,662,2102,842,173,690,1703,525,58,546,1124,186,9,338,535,33,0,240,270,5129,2412,6510,14056,4,11,1191,1202,40,351,1808,2202,1471,2315,3427,7211,2901,1083,1715,5708,2329,593,1328,4252,1711,423,1292,3422,1133,159,921,2211,470,34,497,1002,118,3,311,436,10174,4980,12501,27650
LGA58610,0,0,27,32,0,9,17,25,18,26,25,70,42,11,27,83,30,10,39,80,64,21,25,111,76,6,35,113,39,0,27,67,6,0,6,14,271,79,236,587,0,3,32,32,0,7,14,22,21,28,18,69,48,16,17,81,43,16,35,86,67,7,44,113,73,3,34,115,23,0,32,57,0,0,20,21,275,78,241,598,0,4,61,62,0,17,28,47,37,54,47,144,86,20,48,156,75,19,73,167,124,28,71,224,148,6,75,230,65,0,60,122,10,0,21,34,550,158,479,1186
LGA58680,0,0,9,9,0,0,11,12,3,5,11,17,13,3,3,19,24,3,13,42,19,6,11,37,20,0,8,35,10,0,5,17,4,0,0,3,106,14,63,182,0,0,6,6,0,4,4,10,7,5,9,18,14,5,0,25,25,5,4,40,20,3,6,27,18,0,4,21,16,0,3,17,0,0,0,3,97,21,44,160,0,0,13,13,0,0,15,18,11,7,14,33,31,8,4,44,55,8,15,76,39,3,17,61,43,3,15,54,29,0,6,37,9,0,3,7,207,38,103,343
LGA58760,5,49,6724,6779,122,666,5479,6265,3838,3197,5338,12373,8524,1978,2948,13445,8413,1340,2804,12557,6738,786,2073,9600,4742,287,1386,6419,2422,91,740,3250,498,18,263,774,35291,8408,27754,71452,5,72,6370,6447,279,1079,4734,6087,5948,3761,4568,14273,9750,2027,3473,15253,8899,1391,3624,13909,6337,664,3426,10423,4159,242,2827,7229,1788,69,1923,3778,218,14,807,1040,37370,9313,31755,78442,6,122,13091,13226,396,1745,10209,12349,9786,6953,9904,26648,18274,4002,6423,28694,17305,2735,6432,26468,13073,1450,5501,20022,8898,532,4212,13644,4206,158,2662,7030,717,31,1076,1821,72665,17722,59506,149897
LGA58820,0,0,111,111,3,5,68,77,34,39,61,136,89,48,50,186,132,37,77,241,165,28,82,272,174,17,82,270,91,7,31,135,23,0,17,34,710,175,575,1467,0,3,110,111,0,12,46,61,57,57,52,164,127,44,51,221,149,42,66,255,182,35,77,300,170,13,81,253,67,5,57,125,12,0,31,40,762,205,563,1535,0,3,215,219,4,15,119,137,89,96,114,303,217,91,107,412,277,78,136,492,353,61,157,573,343,27,157,522,162,12,86,260,30,0,43,74,1478,381,1138,3002
LGA58890,0,0,8,8,0,0,14,14,9,9,10,19,19,0,8,32,27,7,15,48,42,3,18,66,34,0,19,54,19,0,9,26,6,0,4,12,159,18,106,290,0,0,6,7,0,5,3,6,14,6,8,24,23,5,0,30,34,8,6,55,37,0,9,56,34,0,10,40,13,0,4,16,4,0,3,6,154,22,62,236,0,0,18,14,0,3,21,22,18,10,12,41,42,7,11,63,63,15,26,105,83,4,29,124,67,0,26,93,28,0,17,41,9,0,9,18,318,41,169,524
LGA59030,0,0,0,0,0,0,0,4,0,0,7,5,10,4,0,14,7,0,6,10,10,0,3,17,10,0,5,13,10,3,3,11,0,0,0,4,50,12,27,86,0,0,0,0,0,5,0,4,3,7,3,11,8,0,0,10,8,0,0,8,15,0,5,20,8,4,3,9,0,0,3,8,0,0,5,6,49,16,22,86,0,0,5,5,0,0,4,4,8,6,6,24,16,3,0,27,14,0,4,24,26,4,9,42,21,5,8,24,10,3,7,18,3,0,6,8,95,30,43,171
LGA59100,0,0,7,11,0,3,9,7,10,12,8,28,14,7,5,22,23,6,3,34,29,6,17,50,17,5,18,43,12,0,4,17,6,0,0,4,108,33,74,214,0,0,10,7,0,5,0,3,12,7,9,29,25,8,3,34,16,7,4,26,24,7,14,40,19,0,7,25,13,0,11,24,0,0,5,6,105,32,52,193,0,0,10,19,0,4,11,15,23,21,16,57,34,12,5,51,44,11,8,62,54,14,23,91,34,5,23,63,23,0,20,38,9,0,0,9,213,71,126,406
LGA59170,0,0,16,18,0,0,11,18,14,16,14,44,42,9,9,72,33,6,9,48,35,6,15,56,36,5,4,43,25,3,7,30,3,0,3,10,195,45,98,334,0,3,8,13,0,4,6,10,28,19,5,47,44,10,15,61,29,7,17,52,56,11,11,72,29,0,11,41,15,5,14,25,0,0,10,3,190,48,91,329,0,3,26,32,0,6,18,29,39,30,15,90,83,20,23,130,63,13,23,102,92,9,22,125,64,5,19,87,41,5,12,58,4,0,10,18,384,94,185,664
LGA59250,0,0,6,6,0,0,5,6,0,3,8,14,0,4,3,16,3,8,11,20,0,0,3,9,3,4,4,17,0,0,0,3,0,0,0,0,15,21,49,86,0,0,3,3,0,7,8,11,6,4,10,13,4,9,5,13,6,3,4,15,0,5,10,11,5,3,8,12,0,0,0,4,0,0,0,0,15,22,45,74,0,0,11,11,3,7,12,13,3,6,18,29,5,10,7,27,12,6,12,36,0,4,13,20,6,4,15,22,3,0,7,4,0,0,0,0,28,45,90,161
LGA59310,0,0,18,22,0,7,17,24,17,21,29,68,32,8,26,69,32,9,28,74,47,7,36,88,50,6,34,83,22,0,18,38,3,0,3,3,208,57,206,468,0,4,9,18,0,10,16,19,20,18,20,61,50,14,15,74,36,4,22,59,48,3,24,72,45,0,21,75,11,0,15,31,0,0,6,5,211,57,138,411,3,8,29,37,0,14,33,44,40,34,50,125,82,19,42,143,70,20,51,132,93,12,54,162,97,4,56,159,31,0,33,67,4,0,9,13,419,115,349,884
LGA59320,0,0,5,5,0,6,9,9,8,6,3,18,8,8,7,15,17,0,8,25,27,5,9,41,7,4,13,27,5,0,4,6,3,0,0,4,74,28,58,156,0,0,4,4,0,0,4,4,11,8,4,15,16,4,3,29,11,5,8,24,22,3,8,30,13,9,6,20,3,0,0,6,0,0,0,0,74,26,38,140,0,0,13,13,0,5,12,16,15,17,5,35,25,8,6,44,30,3,17,48,48,5,17,78,20,11,19,49,7,0,7,10,3,0,4,0,149,52,95,297
LGA59330,0,0,3,3,0,6,8,7,6,8,5,21,8,3,13,22,15,3,10,28,12,3,19,41,8,0,18,36,20,0,15,29,0,0,0,0,72,19,96,183,0,0,3,3,0,0,3,9,6,6,7,18,8,0,11,15,14,0,8,19,14,9,8,24,12,0,17,27,16,0,7,23,0,0,0,0,70,18,61,145,0,0,12,12,0,0,9,16,15,14,15,40,15,6,22,36,26,4,16,42,25,12,25,62,25,3,37,62,36,0,23,55,0,0,5,5,135,35,156,331
LGA59340,0,8,142,150,6,39,105,149,80,153,192,429,135,112,116,365,145,87,131,361,154,50,116,324,80,27,68,175,21,5,33,50,0,0,4,4,627,478,897,2003,0,12,147,160,10,49,109,170,109,172,236,511,166,127,156,447,159,89,153,403,153,39,124,315,48,10,61,121,13,0,27,42,0,0,4,5,654,502,1017,2170,0,22,290,311,10,90,217,317,189,326,430,939,299,239,269,806,306,173,279,764,311,94,237,640,128,39,134,296,30,5,54,96,0,0,7,6,1275,974,1915,4170
LGA59350,0,0,0,0,0,0,0,0,5,4,4,13,0,0,0,0,0,3,3,7,5,0,4,4,0,0,3,8,0,0,0,6,0,0,0,0,8,7,20,38,0,0,0,0,0,0,0,0,0,3,4,7,0,0,0,4,0,3,6,11,0,0,4,6,0,0,3,8,0,0,0,6,0,0,0,0,8,9,26,43,0,0,3,4,0,0,0,0,3,5,11,19,0,0,3,5,7,6,8,24,0,4,5,13,3,4,4,11,0,0,0,7,0,0,0,4,20,19,46,85
LGA59360,0,0,4,4,0,3,17,22,12,11,19,40,21,7,15,41,21,11,29,62,36,7,44,86,35,3,18,59,11,0,10,26,0,0,0,8,135,42,162,337,0,0,6,6,3,4,4,8,11,15,11,36,17,8,15,34,40,7,21,66,35,12,13,52,29,0,16,45,7,0,11,15,0,0,3,5,141,44,86,274,0,0,9,9,3,3,26,28,20,25,34,79,38,12,27,78,60,18,52,127,73,15,48,137,66,5,36,100,21,0,24,40,5,0,5,5,276,88,252,613
LGA59370,0,0,63,68,0,10,29,36,23,26,56,102,79,22,30,130,82,25,45,150,143,16,91,253,183,25,93,301,96,8,52,156,24,0,15,37,628,134,469,1228,0,0,47,50,4,10,25,34,33,26,38,96,97,24,44,166,107,18,53,173,164,29,83,273,172,13,92,282,57,3,79,145,9,0,26,36,656,118,497,1267,0,3,113,116,4,11,56,76,65,48,90,205,178,48,70,295,186,37,95,326,309,44,173,526,362,38,190,585,150,14,137,306,33,0,39,75,1284,254,967,2497
LGA59499,0,0,0,0,0,0,0,0,0,0,0,0,0,0,0,0,0,0,0,0,0,0,0,0,0,0,0,0,0,0,0,0,0,0,0,0,0,0,0,0,0,0,0,0,0,0,0,0,0,0,0,0,0,0,0,0,0,0,0,0,0,0,0,0,0,0,0,0,0,0,0,0,0,0,0,0,0,0,0,0,0,0,0,0,0,0,0,0,0,0,0,0,0,0,0,0,0,0,0,0,0,0,0,0,0,0,0,0,0,0,0,0,0,0,0,0,0,0,0,0
LGA59799,0,0,0,0,0,0,0,0,0,0,0,0,0,0,0,0,0,0,0,0,0,0,0,0,0,0,0,0,0,0,0,0,0,0,0,0,0,0,3,3,0,0,0,0,0,0,0,0,0,0,0,0,0,0,0,0,0,0,0,0,0,0,0,0,0,0,0,0,0,0,0,0,0,0,0,0,0,0,4,4,0,0,0,0,0,0,0,0,0,0,0,0,0,0,0,0,0,0,0,0,0,0,3,3,0,0,0,0,0,0,0,0,0,0,0,0,0,0,0,0
