LGA_CODE_2021,F_Unrel_ind_liv_fam_hh_0_14,F_Unre_ind_liv_fam_hh_15_24,F_Unre_ind_liv_fam_hh_25_34,F_Unre_ind_liv_fam_hh_35_44,F_Unre_ind_liv_fam_hh_45_54,F_Unre_ind_liv_fam_hh_55_64,F_Unre_ind_liv_fam_hh_65_74,F_Unre_ind_liv_fam_hh_75_84,F_Unrel_ind_liv_fam_hh_85ov,F_Unrel_ind_liv_fam_hh_Tot,F_Group_hh_mem_0_14,F_Group_hh_mem_15_24,F_Group_hh_mem_25_34,F_Group_hh_mem_35_44,F_Group_hh_mem_45_54,F_Group_hh_mem_55_64,F_Group_hh_mem_65_74,F_Group_hh_mem_75_84,F_Group_hh_mem_85ov,F_Group_hh_mem_Tot,F_LPer_0_14_yr,F_LPer_15_24_yr,F_LPer_25_34_yr,F_LPer_35_44_yr,F_LPer_45_54_yr,F_LPer_55_64_yr,F_LPer_65_74_yr,F_LPer_75_84_yr,F_LPer_85_yr_over,F_LPer_Tot,F_Vis_from_within_Aus_0_14,F_Vis_from_within_Aus_15_24,F_Vis_from_within_Aus_25_34,F_Vis_from_within_Aus_35_44,F_Vis_from_within_Aus_45_54,F_Vis_from_within_Aus_55_64,F_Vis_from_within_Aus_65_74,F_Vis_from_within_Aus_75_84,F_Vis_from_within_Aus_85ov,F_Vis_from_within_Aus_Tot,F_OS_vis_0_14_yr,F_OS_vis_15_24_yr,F_OS_vis_25_34_yr,F_OS_vis_35_44_yr,F_OS_vis_45_54_yr,F_OS_vis_55_64_yr,F_OS_vis_65_74_yr,F_OS_vis_75_84_yr,F_OS_vis_85_yr_over,F_Overseas_v_Total,F_Tot_0_14_yr,F_Tot_15_24_yr,F_Tot_25_34_yr,F_Tot_35_44_yr,F_Tot_45_54_yr,F_Tot_55_64_yr,F_Tot_65_74_yr,F_Tot_75_84_yr,F_Tot_85_yr_over,F_Tot_Tot,P_Part_r_mar_0_14,P_Part_r_mar_15_24,P_Part_r_mar_25_34,P_Part_r_mar_35_44,P_Part_r_mar_45_54,P_Part_r_mar_55_64,P_Part_r_mar_65_74,P_Part_r_mar_75_84,P_Part_r_mar_85ov,P_Part_r_mar_Tot,P_Part_de_f_mar_0_14,P_Part_de_f_mar_15_24,P_Part_de_f_mar_25_34,P_Part_de_f_mar_35_44,P_Part_de_f_mar_45_54,P_Part_de_f_mar_55_64,P_Part_de_f_mar_65_74,P_Part_de_f_mar_75_84,P_Part_de_f_mar_85ov,P_Part_de_f_mar_Tot,P_LPar_0_14_yr,P_LPar_15_24_yr,P_LPar_25_34_yr,P_LPar_35_44_yr,P_LPar_45_54_yr,P_LPar_55_64_yr,P_LPar_65_74_yr,P_LPar_75_84_yr,P_LPar_85_yr_over,P_LPar_Tot,P_Child_u_15_0_14_yr,P_Child_u_15_15_24_yr,P_Child_u_15_25_34_yr,P_Child_u_15_35_44_yr,P_Child_u_15_45_54_yr,P_Child_u_15_55_64_yr,P_Child_u_15_65_74_yr,P_Child_u_15_75_84_yr,P_Child_u_15_85_yr_over,P_Child_u_15_Tot,P_Dep_stu15_24_0_14,P_Dep_stu15_24_15_24,P_Dep_stu15_24_25_34,P_Dep_stu15_24_35_44,P_Dep_stu15_24_45_54,P_Dep_stu15_24_55_64,P_Dep_stu15_24_65_74,P_Dep_stu15_24_75_84,P_Dep_stu15_24_85_over,P_Dep_stu15_24_Tot,P_Non_dep_child_0_14,P_Non_dep_child_15_24,P_Non_dep_child_25_34,P_Non_dep_child_35_44,P_Non_dep_child_45_54,P_Non_dep_child_55_64,P_Non_dep_child_65_74,P_Non_dep_child_75_84,P_Non_dep_child_85_over,P_Non_dep_child_Tot,P_Oth_rel_ind_0_14,P_Oth_rel_ind_15_24,P_Oth_rel_ind_25_34,P_Oth_rel_ind_35_44,P_Oth_rel_ind_45_54,P_Oth_rel_ind_55_64,P_Oth_rel_ind_65_74,P_Oth_rel_ind_75_84,P_Oth_rel_ind_85ov,P_Oth_rel_ind_Tot,P_Unrel_ind_liv_fam_hh_0_14,P_Unre_ind_liv_fam_hh_15_24,P_Unre_ind_liv_fam_hh_25_34,P_Unre_ind_liv_fam_hh_35_44,P_Unre_ind_liv_fam_hh_45_54,P_Unre_ind_liv_fam_hh_55_64,P_Unre_ind_liv_fam_hh_65_74,P_Unre_ind_liv_fam_hh_75_84,P_Unrel_ind_liv_fam_hh_85ov,P_Unrel_ind_liv_fam_hh_Tot,P_Group_hh_mem_0_14,P_Group_hh_mem_15_24,P_Group_hh_mem_25_34,P_Group_hh_mem_35_44,P_Group_hh_mem_45_54,P_Group_hh_mem_55_64,P_Group_hh_mem_65_74,P_Group_hh_mem_75_84,P_Group_hh_mem_85ov,P_Group_hh_mem_Tot,P_LPer_0_14_yr,P_LPer_15_24_yr,P_LPer_25_34_yr,P_LPer_35_44_yr,P_LPer_45_54_yr,P_LPer_55_64_yr,P_LPer_65_74_yr,P_LPer_75_84_yr,P_LPer_85_yr_over,P_LPer_Tot,P_Vis_from_within_Aus_0_14,P_Vis_from_within_Aus_15_24,P_Vis_from_within_Aus_25_34,P_Vis_from_within_Aus_35_44,P_Vis_from_within_Aus_45_54,P_Vis_from_within_Aus_55_64,P_Vis_from_within_Aus_65_74,P_Vis_from_within_Aus_75_84,P_Vis_from_within_Aus_85ov,P_Vis_from_within_Aus_Tot,P_OS_vis_0_14_yr,P_OS_vis_15_24_yr,P_OS_vis_25_34_yr,P_OS_vis_35_44_yr,P_OS_vis_45_54_yr,P_OS_vis_55_64_yr,P_OS_vis_65_74_yr,P_OS_vis_75_84_yr,P_OS_vis_85_yr_over,P_Overseas_v_Total,P_Tot_0_14_yr,P_Tot_15_24_yr,P_Tot_25_34_yr,P_Tot_35_44_yr,P_Tot_45_54_yr,P_Tot_55_64_yr,P_Tot_65_74_yr,P_Tot_75_84_yr,P_Tot_85_yr_over,P_Tot_Tot
LGA50080,..,64,40,10,14,16,4,0,0,152,..,106,74,25,37,67,30,18,0,355,..,70,132,125,273,506,609,546,284,2537,58,75,66,47,33,71,40,23,11,429,0,0,3,0,0,3,0,0,0,11,3142,1829,1864,2059,2420,2576,2194,1357,482,17918,..,98,1256,2036,2486,2732,2622,1452,363,13046,..,431,910,671,602,529,260,74,5,3488,..,38,208,428,471,218,91,68,57,1579,6318,..,..,..,..,..,..,..,..,6318,..,1329,..,..,..,..,..,..,..,1329,..,1096,445,146,116,72,19,0,0,1893,..,177,91,34,57,89,110,66,32,652,..,119,103,38,38,31,12,4,0,347,..,194,170,61,83,110,65,36,0,724,..,158,314,273,519,905,977,767,407,4318,130,145,120,108,94,122,81,35,19,856,0,0,3,0,0,3,0,6,0,22,6447,3802,3623,3789,4464,4825,4233,2504,889,34582
LGA50210,..,131,109,47,20,23,11,8,0,344,..,133,175,91,115,126,54,24,3,717,..,130,406,342,431,711,810,542,218,3585,122,147,88,52,69,70,68,32,12,668,6,5,3,3,4,33,25,9,0,98,10314,5071,7000,7460,5185,4536,3564,1586,453,45169,..,225,5292,9568,5997,5097,4050,1730,288,32239,..,985,2992,1656,1170,709,274,62,11,7873,..,143,795,1164,1030,628,310,159,91,4317,20892,..,..,..,..,..,..,..,..,20892,..,4143,..,..,..,..,..,..,..,4143,..,2974,1542,456,292,143,20,0,0,5432,..,554,493,197,192,333,366,170,77,2381,..,289,312,163,81,60,34,19,0,954,..,285,505,248,260,282,145,47,11,1774,..,254,978,904,1056,1305,1327,820,312,6957,251,261,216,152,160,123,110,54,24,1355,9,7,8,12,9,46,53,16,0,167,21149,10123,13142,14516,10244,8725,6702,3074,813,88478
LGA50250,..,9,0,3,4,5,0,0,0,18,..,8,8,0,4,0,5,0,0,35,..,9,31,16,19,31,10,3,0,122,13,15,13,3,5,25,25,0,0,100,0,0,0,0,0,3,0,0,0,10,594,177,391,376,242,193,83,18,4,2080,..,9,297,477,291,205,48,15,0,1334,..,76,245,178,77,68,16,0,0,661,..,0,24,37,26,17,11,5,0,117,1200,..,..,..,..,..,..,..,..,1200,..,89,..,..,..,..,..,..,..,89,..,81,14,3,8,4,0,0,0,112,..,22,9,8,10,9,6,7,0,73,..,9,6,4,3,5,0,0,0,26,..,18,20,11,12,11,7,0,0,77,..,29,67,76,76,82,31,14,0,387,18,16,26,23,21,33,56,14,3,212,0,0,4,0,0,3,0,0,0,12,1214,359,713,818,523,424,180,50,4,4286
LGA50280,..,26,44,20,13,8,4,0,0,103,..,31,74,28,24,33,11,0,6,204,..,10,40,54,79,166,185,120,76,727,18,19,33,28,11,24,25,4,9,171,0,0,6,3,0,0,0,0,0,10,1481,496,776,1291,1057,980,780,322,129,7311,..,9,394,1215,1118,1029,969,389,77,5201,..,71,471,504,368,267,96,23,0,1787,..,0,38,196,210,86,26,19,19,594,3022,..,..,..,..,..,..,..,..,3022,..,479,..,..,..,..,..,..,..,479,..,326,102,50,31,20,3,0,0,524,..,39,18,18,13,29,27,20,11,175,..,42,77,36,16,14,13,0,0,194,..,76,204,62,60,69,25,6,6,514,..,30,97,142,208,328,336,177,111,1424,47,34,57,52,34,45,43,13,9,330,0,0,12,3,0,6,3,0,0,18,3072,1114,1463,2269,2061,1889,1549,639,223,14280
LGA50350,..,19,18,4,0,6,3,0,0,53,..,46,62,24,31,44,20,13,0,245,..,23,80,100,115,211,252,200,108,1087,20,34,12,10,20,12,12,10,3,132,0,0,3,0,4,4,7,0,0,14,1263,741,1045,1190,1023,973,795,444,177,7649,..,20,568,1208,1022,979,771,371,76,5010,..,130,640,389,268,165,80,22,0,1703,..,9,82,168,221,117,64,38,21,719,2631,..,..,..,..,..,..,..,..,2631,..,615,..,..,..,..,..,..,..,615,..,442,263,98,65,26,6,0,0,902,..,92,63,28,32,40,57,32,24,374,..,39,48,18,16,10,4,0,0,134,..,94,151,61,68,74,49,21,3,530,..,41,171,220,261,390,408,266,137,1904,38,46,36,30,37,27,19,16,11,252,0,0,5,0,5,6,12,0,0,23,2665,1532,2028,2226,1990,1847,1470,766,286,14805
LGA50420,..,97,131,31,19,11,9,6,0,303,..,298,457,135,107,119,50,25,3,1201,..,165,607,456,526,708,945,695,386,4485,65,106,88,67,49,59,38,31,21,524,4,0,11,7,3,12,17,3,0,55,5123,3438,5568,5010,4215,3757,3290,1817,730,32946,..,102,3281,5499,4430,4022,3578,1877,396,23189,..,542,2872,1575,941,584,280,84,10,6901,..,40,243,628,860,485,252,157,145,2814,10518,..,..,..,..,..,..,..,..,10518,..,2917,..,..,..,..,..,..,..,2917,..,1636,1174,391,270,177,36,3,0,3681,..,395,357,131,120,217,197,151,98,1659,..,210,332,101,58,46,23,6,0,779,..,670,1134,374,296,260,142,62,12,2955,..,307,1239,1151,1133,1412,1583,1060,509,8389,136,209,220,143,131,112,76,47,25,1091,4,6,13,13,5,22,22,3,0,84,10658,7030,10874,10007,8233,7337,6191,3459,1194,64982
LGA50490,..,72,99,24,14,11,0,0,0,223,..,244,335,94,70,59,53,11,0,877,..,159,486,301,299,459,520,393,216,2850,50,69,79,29,37,50,29,14,7,360,0,4,9,10,4,10,8,4,0,54,3133,2231,3856,2912,2221,2022,1604,873,394,19243,..,90,2305,3246,2312,1874,1476,750,189,12241,..,538,1759,786,507,372,146,39,6,4162,..,39,208,390,462,287,144,97,87,1722,6267,..,..,..,..,..,..,..,..,6267,..,1439,..,..,..,..,..,..,..,1439,..,903,601,177,142,124,23,0,0,1977,..,358,337,99,93,159,152,66,44,1310,..,171,292,89,54,30,12,4,0,651,..,585,1004,326,198,187,99,33,3,2429,..,307,1077,755,698,977,903,586,300,5595,96,144,155,85,75,77,47,15,8,705,0,8,16,9,8,17,17,8,0,83,6362,4580,7765,5961,4539,4104,3024,1603,643,38580
LGA50560,..,0,0,0,0,0,0,0,0,0,..,0,0,0,3,0,5,0,0,13,..,0,0,0,4,24,29,27,6,93,0,4,0,0,0,3,4,0,0,16,0,0,0,0,0,0,0,0,0,0,98,35,45,73,92,132,143,67,17,709,..,0,33,79,108,143,163,76,20,616,..,0,34,26,33,32,31,6,0,163,..,0,4,10,8,9,4,6,4,43,181,..,..,..,..,..,..,..,..,181,..,26,..,..,..,..,..,..,..,26,..,32,14,3,12,5,0,0,0,70,..,8,6,5,0,3,5,0,3,33,..,4,0,0,0,0,0,0,0,8,..,0,0,0,7,4,6,4,0,24,..,4,11,3,12,45,69,45,16,209,0,3,0,4,4,3,9,3,0,38,0,0,0,0,0,0,0,0,0,0,185,83,101,136,181,250,293,143,35,1418
LGA50630,..,3,0,0,0,0,0,0,0,4,..,6,5,0,0,6,0,0,0,13,..,4,8,5,10,20,11,10,3,68,0,0,0,0,3,0,0,0,0,15,0,0,0,0,0,0,0,0,0,0,157,54,87,96,96,106,83,35,7,715,..,0,45,113,113,118,110,45,13,553,..,9,51,32,31,29,12,0,0,168,..,0,17,10,13,6,3,0,0,60,338,..,..,..,..,..,..,..,..,338,..,29,..,..,..,..,..,..,..,29,..,35,16,4,3,4,0,0,0,62,..,4,3,3,7,4,4,3,0,34,..,3,0,0,0,0,0,0,0,11,..,10,5,0,4,4,4,0,0,24,..,7,13,7,25,41,33,15,8,147,8,6,3,5,6,3,0,0,0,32,0,3,0,0,0,0,0,0,0,3,337,103,152,180,196,210,170,78,16,1445
LGA50770,..,4,0,0,0,0,0,0,0,4,..,0,0,0,0,0,0,0,0,8,..,5,6,0,12,19,13,18,8,83,0,8,4,0,0,0,0,0,0,21,0,0,0,0,0,0,0,0,0,0,158,65,59,110,98,123,96,66,10,788,..,3,40,117,125,150,137,69,6,658,..,27,36,29,27,30,10,14,0,167,..,0,12,25,4,3,4,8,3,62,316,..,..,..,..,..,..,..,..,316,..,31,..,..,..,..,..,..,..,31,..,29,6,5,7,7,0,0,0,55,..,0,0,0,0,5,6,3,0,13,..,4,0,0,0,0,0,0,0,4,..,0,0,0,3,4,8,0,0,18,..,8,9,11,26,46,38,35,8,184,3,12,3,0,3,5,7,0,0,40,0,0,0,0,0,0,0,0,0,0,323,124,112,186,199,253,204,131,26,1552
LGA50840,..,3,0,0,0,0,0,0,0,5,..,4,7,4,3,7,9,0,0,41,..,3,6,9,35,69,95,74,31,324,3,8,10,4,6,10,4,0,4,41,0,0,0,0,0,0,0,0,0,3,384,189,181,251,322,411,401,183,44,2368,..,0,136,280,344,446,527,210,29,1968,..,38,93,84,111,104,52,18,0,497,..,0,20,37,41,35,14,7,4,151,803,..,..,..,..,..,..,..,..,803,..,141,..,..,..,..,..,..,..,141,..,116,35,17,17,5,0,0,0,205,..,13,4,0,3,16,10,12,5,65,..,8,5,0,4,4,0,0,0,16,..,9,13,7,7,20,18,3,0,78,..,8,24,24,64,131,170,110,37,574,6,15,23,9,9,14,13,7,3,99,0,0,0,0,0,0,0,0,0,5,806,360,343,464,604,775,801,371,77,4601
LGA50910,..,0,0,0,0,0,0,0,0,0,..,6,0,0,0,0,0,0,0,0,..,0,8,0,7,11,7,15,4,46,0,5,0,0,0,0,0,0,0,14,0,0,0,0,0,0,0,0,0,0,69,30,38,40,61,50,48,32,7,372,..,0,27,47,64,65,70,39,4,319,..,4,22,17,13,12,8,5,0,87,..,0,0,4,9,0,0,6,0,24,133,..,..,..,..,..,..,..,..,133,..,16,..,..,..,..,..,..,..,16,..,24,0,3,6,4,0,0,0,39,..,3,0,0,0,3,0,0,4,16,..,0,0,0,4,0,0,0,0,7,..,4,0,0,0,0,0,0,0,10,..,3,8,6,17,21,30,17,10,104,6,0,7,0,4,0,0,3,0,22,0,0,0,0,0,0,0,0,0,0,140,53,65,83,122,113,111,66,16,761
LGA50980,..,38,60,15,17,9,3,0,0,141,..,59,139,46,22,21,14,0,3,315,..,38,110,81,105,169,98,35,0,641,47,80,88,70,64,122,110,39,10,629,0,6,14,0,0,0,0,0,0,30,1683,839,1331,1290,968,855,448,145,25,7586,..,33,468,986,806,610,330,78,12,3311,..,154,785,590,392,252,67,13,0,2260,..,42,134,247,187,107,57,21,8,797,3376,..,..,..,..,..,..,..,..,3376,..,391,..,..,..,..,..,..,..,391,..,441,154,61,32,10,4,0,0,700,..,159,77,45,62,54,40,18,4,457,..,65,111,29,28,14,0,3,0,257,..,86,231,86,54,54,42,8,0,566,..,61,193,174,225,322,207,71,9,1261,106,138,162,130,106,206,229,92,14,1190,0,9,23,0,0,0,3,0,0,42,3487,1589,2343,2344,1890,1616,973,307,53,14608
LGA51080,..,0,0,0,0,0,0,0,0,0,..,0,0,0,0,3,0,0,0,6,..,0,0,3,6,5,11,6,6,37,0,0,3,0,0,0,0,0,0,16,0,0,0,0,0,0,0,0,0,0,98,37,54,65,50,71,41,20,4,444,..,5,35,75,71,94,48,24,4,345,..,12,32,14,16,18,12,0,0,110,..,0,6,13,3,10,0,4,0,46,192,..,..,..,..,..,..,..,..,192,..,19,..,..,..,..,..,..,..,19,..,23,13,3,0,3,0,0,0,47,..,5,0,0,0,6,6,4,0,23,..,0,0,0,0,0,0,0,0,6,..,0,0,0,0,4,0,0,0,13,..,6,5,4,11,26,28,14,6,99,3,4,9,4,0,4,0,0,0,26,0,0,0,0,0,0,0,0,0,0,199,84,101,121,107,156,92,48,7,914
LGA51120,..,0,0,0,0,0,0,0,0,0,..,0,0,0,0,0,0,0,0,6,..,0,4,0,3,8,18,14,8,48,0,0,0,0,0,0,0,0,0,0,0,0,0,0,0,0,0,0,0,0,82,23,39,42,47,49,55,33,10,370,..,0,32,73,58,67,75,26,4,340,..,7,16,10,8,9,6,0,0,56,..,0,0,0,11,3,0,0,0,24,164,..,..,..,..,..,..,..,..,164,..,12,..,..,..,..,..,..,..,12,..,22,6,0,0,0,0,0,0,31,..,0,0,4,0,4,0,0,0,14,..,0,0,0,0,0,0,0,0,3,..,3,0,4,3,5,0,0,4,20,..,5,7,4,11,14,33,18,8,97,0,3,0,0,0,4,0,0,0,11,0,0,0,0,0,0,0,0,0,0,164,63,79,88,97,100,107,51,12,765
LGA51190,..,46,45,17,13,5,6,0,0,131,..,124,142,40,57,63,48,17,6,491,..,88,177,165,313,510,578,444,248,2529,40,76,51,32,31,36,33,10,4,317,0,3,5,5,3,0,4,0,0,18,2471,1677,1888,1869,2060,2072,1808,1019,405,15269,..,60,920,1684,1846,2044,1930,1026,238,9751,..,470,973,494,432,346,176,48,3,2941,..,73,276,477,487,197,103,89,60,1757,5035,..,..,..,..,..,..,..,..,5035,..,1000,..,..,..,..,..,..,..,1000,..,880,336,140,110,85,20,0,0,1563,..,150,103,52,56,81,72,44,24,591,..,96,108,56,37,16,7,3,0,328,..,234,323,121,128,132,98,28,9,1069,..,175,454,431,646,937,927,635,339,4540,91,141,121,72,59,69,58,19,7,626,3,6,5,6,0,5,4,0,0,35,5125,3285,3619,3535,3791,3903,3394,1892,683,29228
LGA51260,..,66,46,11,14,7,3,0,0,155,..,59,111,31,44,59,31,13,5,354,..,48,101,112,238,400,589,471,280,2226,47,83,51,34,37,52,49,34,10,398,3,0,0,0,0,9,0,0,0,16,3530,1610,1769,2552,2668,2482,2434,1301,452,18792,..,23,1082,2724,2912,2878,3075,1553,298,14545,..,276,979,789,653,465,293,80,14,3544,..,26,159,423,523,202,74,55,35,1498,7122,..,..,..,..,..,..,..,..,7122,..,1402,..,..,..,..,..,..,..,1402,..,1056,352,110,88,49,12,4,0,1675,..,123,66,28,34,76,95,44,39,501,..,120,112,39,35,19,9,8,0,346,..,146,236,82,104,128,63,28,12,801,..,91,227,293,474,673,944,663,361,3733,100,135,109,89,83,88,100,62,11,771,6,3,9,0,3,9,0,3,0,30,7225,3407,3332,4573,4914,4591,4663,2507,764,35969
LGA51310,..,14,36,3,5,6,0,0,0,62,..,72,146,17,16,13,15,10,0,288,..,51,161,114,107,220,292,298,219,1464,25,45,36,26,18,12,18,8,5,200,0,3,3,0,0,4,9,4,4,25,2676,1593,1342,1932,2181,1737,1221,768,408,13859,..,19,685,2554,3169,2381,1624,879,284,11592,..,103,620,435,353,307,96,26,13,1948,..,0,27,134,263,163,61,33,53,737,5485,..,..,..,..,..,..,..,..,5485,..,2181,..,..,..,..,..,..,..,2181,..,600,396,71,58,59,3,0,0,1191,..,103,61,14,21,34,58,37,36,363,..,20,64,9,6,11,0,0,0,121,..,130,357,46,39,29,26,14,7,647,..,94,326,256,230,370,447,402,296,2411,58,72,72,48,37,25,34,18,11,368,0,6,7,6,6,11,10,5,4,51,5545,3333,2611,3584,4174,3391,2367,1419,689,27106
LGA51330,..,244,342,69,27,18,10,0,0,713,..,729,603,174,94,96,64,21,4,1787,..,173,410,327,362,670,941,777,392,4044,80,134,128,68,47,45,37,26,16,588,3,9,14,5,10,44,37,14,4,147,8174,6276,6722,6911,5654,5045,4091,2162,751,45786,..,247,5044,9090,7728,6309,5081,2363,477,36345,..,664,1933,983,663,489,240,73,10,5046,..,67,305,792,961,626,277,184,102,3305,16797,..,..,..,..,..,..,..,..,16797,..,5949,..,..,..,..,..,..,..,5949,..,2389,1947,515,273,159,24,4,0,5312,..,810,654,194,161,309,352,228,106,2810,..,555,867,237,109,56,25,3,0,1847,..,1842,1970,497,274,239,149,42,8,5015,..,361,941,823,825,1221,1458,1052,529,7212,160,253,251,152,108,96,79,52,23,1174,10,12,33,28,34,70,67,20,11,292,16968,13152,13941,13310,11127,9577,7749,4025,1262,91107
LGA51400,..,24,22,14,4,3,3,3,0,67,..,24,35,16,17,21,8,14,0,132,..,30,51,42,53,136,145,106,33,589,17,30,20,14,16,14,15,7,6,135,0,0,0,0,0,4,0,0,0,7,1899,1049,967,1250,1330,1054,738,327,75,8683,..,33,654,1400,1681,1375,1004,381,46,6576,..,208,443,338,310,218,71,16,0,1609,..,26,120,233,213,84,52,32,14,764,3828,..,..,..,..,..,..,..,..,3828,..,878,..,..,..,..,..,..,..,878,..,677,191,76,42,21,3,0,0,1007,..,63,37,19,22,57,42,32,9,275,..,51,44,17,14,14,9,3,0,147,..,45,71,27,36,39,25,14,0,264,..,62,110,110,141,230,241,155,48,1093,47,72,48,33,35,29,25,13,6,301,0,4,7,0,0,4,0,0,0,12,3880,2117,1724,2259,2495,2061,1475,637,121,16762
LGA51470,..,0,0,0,0,0,0,0,0,0,..,0,0,0,0,0,0,0,0,5,..,4,5,0,3,8,4,5,0,29,0,0,0,0,0,0,4,0,0,12,0,0,5,0,0,0,0,0,0,5,31,16,30,26,18,40,28,11,0,205,..,0,15,35,24,50,38,13,3,182,..,14,21,12,6,0,4,0,0,57,..,0,0,5,4,0,4,0,0,9,54,..,..,..,..,..,..,..,..,54,..,3,..,..,..,..,..,..,..,3,..,3,5,3,5,0,0,0,0,12,..,0,0,0,0,0,0,0,0,8,..,0,0,0,0,0,0,0,0,0,..,0,0,0,0,0,0,0,0,6,..,10,7,7,9,18,18,14,0,86,5,0,0,0,0,0,8,0,0,16,0,0,4,0,0,0,0,0,0,4,58,30,52,62,45,74,75,30,10,433
LGA51540,..,10,5,4,0,0,0,4,0,24,..,11,19,5,4,16,0,0,0,59,..,23,30,15,29,51,56,28,15,246,4,13,7,4,5,16,20,8,0,93,0,0,0,0,0,0,0,0,0,0,361,209,272,248,283,302,205,100,31,2010,..,5,144,232,258,291,200,84,11,1223,..,52,145,91,112,82,44,9,0,539,..,9,32,37,60,29,22,14,7,212,751,..,..,..,..,..,..,..,..,751,..,76,..,..,..,..,..,..,..,76,..,130,36,30,25,9,0,0,0,229,..,43,10,6,15,23,17,12,0,136,..,15,16,5,7,10,8,3,0,62,..,27,38,16,17,29,9,3,0,137,..,29,66,56,84,117,146,66,21,590,13,27,17,13,20,31,40,22,4,182,0,4,8,0,0,0,0,0,0,5,765,412,515,475,603,620,489,215,60,4150
LGA51610,..,0,4,0,0,0,0,0,0,7,..,0,0,0,0,3,0,0,0,8,..,0,0,0,7,4,13,5,0,31,4,6,0,0,0,3,4,0,0,22,0,0,0,0,0,0,0,0,0,0,127,58,63,84,106,108,75,18,3,645,..,0,40,111,149,153,112,34,5,596,..,11,41,16,41,27,11,3,0,145,..,0,6,13,9,4,3,0,0,36,266,..,..,..,..,..,..,..,..,266,..,51,..,..,..,..,..,..,..,51,..,40,18,5,3,0,0,0,0,62,..,8,0,3,0,0,0,0,0,15,..,0,4,0,0,0,0,0,0,7,..,0,4,0,0,5,4,0,0,14,..,0,3,5,14,19,15,13,5,78,4,7,0,0,0,10,3,4,0,35,0,0,0,0,0,0,0,0,0,0,266,125,112,157,216,215,156,51,7,1309
LGA51680,..,7,4,6,0,0,0,0,4,23,..,0,0,0,0,4,0,4,0,16,..,6,4,9,11,40,28,25,11,130,7,14,12,0,6,3,8,0,3,51,0,0,0,0,0,0,0,0,0,3,514,269,235,335,434,427,278,124,38,2651,..,0,162,401,570,632,410,179,27,2390,..,26,104,93,108,73,30,11,0,445,..,3,21,37,48,28,15,9,0,168,1012,..,..,..,..,..,..,..,..,1012,..,240,..,..,..,..,..,..,..,240,..,228,96,29,18,4,0,0,0,380,..,16,3,7,8,16,19,19,16,97,..,11,12,11,3,9,0,0,6,51,..,6,0,3,7,15,11,0,0,45,..,8,17,30,43,72,71,42,12,303,20,26,14,8,12,8,11,4,3,99,0,0,5,0,0,0,0,0,0,4,1035,562,440,627,823,857,569,267,67,5241
LGA51710,..,0,0,0,0,0,0,0,0,0,..,0,3,0,0,0,0,0,0,5,..,0,3,4,7,7,15,0,0,40,5,0,3,3,0,0,0,0,0,15,0,0,0,0,0,0,0,0,0,0,111,41,60,93,84,60,39,9,0,499,..,0,58,103,94,78,72,10,3,421,..,7,26,10,22,16,8,0,0,89,..,0,3,3,15,7,3,0,0,34,238,..,..,..,..,..,..,..,..,238,..,34,..,..,..,..,..,..,..,34,..,23,16,6,6,0,0,0,0,48,..,0,0,3,0,0,6,4,0,15,..,0,0,0,0,0,0,0,0,0,..,0,3,5,0,0,0,0,0,11,..,3,20,14,19,25,33,5,0,129,9,5,4,3,3,8,3,0,0,32,0,0,0,0,0,0,0,0,0,0,249,83,134,148,155,137,121,22,4,1052
LGA51750,..,11,14,3,0,5,0,0,0,33,..,81,85,6,12,8,4,6,0,199,..,49,99,67,55,103,163,228,155,917,4,20,11,13,7,8,7,3,0,69,0,0,4,3,4,0,6,0,0,14,768,672,553,607,746,641,589,504,240,5320,..,5,212,721,916,758,673,541,138,3954,..,61,272,108,98,87,67,20,11,726,..,3,7,51,171,98,33,15,18,399,1572,..,..,..,..,..,..,..,..,1572,..,754,..,..,..,..,..,..,..,754,..,186,147,33,25,15,9,0,0,413,..,55,23,5,6,13,15,15,18,147,..,20,28,8,0,5,0,0,0,62,..,149,172,20,15,15,13,6,0,395,..,77,180,119,120,170,241,289,200,1403,14,34,26,26,22,15,11,5,0,159,4,0,0,9,10,0,10,0,0,35,1585,1348,1080,1093,1373,1170,1078,902,382,10011
LGA51820,..,186,174,51,36,19,13,0,0,487,..,386,437,125,98,122,79,14,5,1262,..,279,715,543,601,986,1138,788,408,5460,122,193,143,86,73,95,94,54,30,893,5,5,13,3,10,20,26,3,0,83,10813,6716,8785,8962,7650,6358,4649,2240,777,56959,..,152,5514,10661,9330,7556,5533,2471,477,41696,..,1115,4600,2407,1525,916,407,88,15,11060,..,87,615,1328,1458,847,365,222,107,5026,22016,..,..,..,..,..,..,..,..,22016,..,5553,..,..,..,..,..,..,..,5553,..,3926,2116,605,398,180,39,0,0,7262,..,606,482,189,183,318,323,202,117,2425,..,349,377,155,113,63,41,10,0,1109,..,770,1085,384,288,264,182,46,4,3017,..,473,1581,1378,1378,1756,1761,1141,571,10046,240,353,311,217,178,170,173,78,36,1756,9,11,25,9,14,38,40,3,0,150,22270,13407,16695,17335,14860,12106,8852,4265,1333,111127
LGA51860,..,0,0,0,0,0,0,0,0,0,..,0,0,0,0,0,0,0,0,0,..,0,0,0,0,0,0,0,0,0,6,3,5,0,0,0,4,0,0,16,0,0,0,0,0,0,0,0,0,0,49,24,25,31,23,44,28,11,0,238,..,8,37,51,33,75,39,20,0,261,..,0,8,6,9,6,0,0,0,23,..,0,0,0,0,0,0,0,0,5,106,..,..,..,..,..,..,..,..,106,..,3,..,..,..,..,..,..,..,3,..,18,5,3,0,3,0,0,0,31,..,0,0,0,0,0,0,3,5,17,..,0,0,0,0,0,0,0,0,0,..,0,0,0,0,0,0,0,0,0,..,0,0,0,3,4,0,4,0,12,6,5,7,0,3,6,6,0,0,23,0,0,0,0,0,0,0,0,0,0,113,47,48,65,43,89,49,27,10,491
LGA51890,..,15,6,5,0,0,0,0,0,28,..,10,9,7,16,14,11,0,0,65,..,12,26,29,72,128,112,101,45,523,18,21,14,3,8,11,4,3,3,96,0,0,0,0,0,0,0,0,0,0,678,384,434,454,551,585,493,246,74,3902,..,16,203,407,515,648,639,289,34,2750,..,94,259,169,157,101,62,12,0,858,..,11,82,109,94,42,28,16,13,389,1407,..,..,..,..,..,..,..,..,1407,..,273,..,..,..,..,..,..,..,273,..,285,103,42,28,15,9,0,0,484,..,44,26,5,16,30,30,12,5,159,..,24,19,15,3,3,0,0,0,69,..,28,26,21,28,33,16,9,4,161,..,31,64,84,150,260,259,150,72,1065,38,41,35,23,18,19,15,9,5,210,0,0,0,0,0,0,0,0,0,0,1452,836,809,878,1009,1161,1065,495,129,7830
LGA51960,..,3,0,0,0,0,0,0,0,11,..,0,3,0,4,10,7,0,0,26,..,9,9,13,17,22,23,12,0,113,10,6,7,3,4,0,3,5,0,32,0,0,0,0,0,0,0,0,0,0,267,161,156,176,190,159,104,27,7,1242,..,6,90,141,179,207,125,29,0,787,..,51,118,65,70,38,15,3,0,369,..,10,21,31,40,10,9,0,5,130,531,..,..,..,..,..,..,..,..,531,..,72,..,..,..,..,..,..,..,72,..,78,21,6,7,3,0,0,0,120,..,26,10,5,7,11,3,3,0,70,..,11,0,0,0,4,0,0,0,24,..,9,11,12,9,15,5,0,0,55,..,19,36,36,64,92,76,33,8,351,15,15,16,11,11,0,12,5,0,69,0,0,0,0,0,0,0,0,0,0,545,301,323,309,393,385,240,71,17,2587
LGA52030,..,0,0,0,0,0,0,0,0,4,..,0,0,0,0,3,0,0,0,5,..,0,0,0,6,10,11,5,3,37,8,0,0,0,4,3,0,0,0,16,0,0,0,0,0,0,0,0,0,0,56,22,43,38,41,70,78,37,3,390,..,0,27,36,41,90,116,71,6,380,..,4,30,20,19,25,15,0,5,113,..,0,5,7,5,0,0,0,0,20,116,..,..,..,..,..,..,..,..,116,..,12,..,..,..,..,..,..,..,12,..,15,9,4,7,0,0,0,0,25,..,0,0,0,0,0,0,0,0,8,..,0,0,0,0,0,0,0,0,9,..,0,0,0,4,7,0,0,0,7,..,3,9,7,14,46,38,14,4,133,11,6,0,3,4,6,0,0,0,35,0,0,0,0,0,0,0,0,0,0,124,47,72,75,83,173,176,86,17,859
LGA52100,..,0,0,0,0,0,0,0,0,0,..,0,0,0,0,0,0,0,0,8,..,4,5,3,3,12,15,18,4,61,0,3,3,0,0,0,0,0,0,8,0,0,0,0,0,0,0,0,0,0,92,25,46,55,46,58,60,38,12,432,..,4,39,75,63,73,93,38,16,400,..,17,27,12,7,6,8,0,0,84,..,0,0,12,6,0,0,0,4,13,158,..,..,..,..,..,..,..,..,158,..,13,..,..,..,..,..,..,..,13,..,23,7,0,0,3,0,0,0,29,..,0,0,0,4,0,0,0,0,7,..,0,0,0,4,0,0,0,0,4,..,0,0,0,4,5,0,0,0,8,..,12,18,4,12,23,34,19,9,123,0,3,5,0,0,3,5,0,0,14,0,0,0,0,0,0,0,0,0,4,158,65,96,113,93,118,136,62,25,864
LGA52170,..,3,7,0,0,0,0,0,0,16,..,38,89,13,5,9,4,3,0,162,..,17,48,35,26,68,105,74,50,427,10,19,31,3,9,6,8,3,0,92,5,0,0,3,3,0,0,0,0,14,573,482,426,406,564,504,442,238,85,3726,..,0,138,457,735,692,577,318,58,2976,..,28,204,129,109,89,58,22,6,648,..,3,7,35,96,48,20,9,6,214,1194,..,..,..,..,..,..,..,..,1194,..,607,..,..,..,..,..,..,..,607,..,157,90,20,20,9,4,0,0,297,..,40,17,5,3,12,5,5,5,91,..,8,20,5,0,0,0,0,0,34,..,62,167,29,3,20,5,11,0,291,..,33,106,74,69,142,170,126,62,783,25,32,40,16,17,11,9,6,0,171,5,3,3,0,4,6,4,0,0,28,1220,975,795,766,1054,1011,855,492,146,7325
LGA52240,..,0,0,0,0,0,0,0,0,0,..,0,0,0,0,0,0,0,0,5,..,3,4,3,7,6,10,6,4,42,0,0,0,5,4,0,0,0,0,11,0,0,0,0,0,0,0,0,0,0,84,33,36,67,63,67,45,34,4,435,..,9,25,69,69,90,81,38,6,383,..,5,29,21,21,11,7,4,0,102,..,0,5,3,0,5,0,4,0,26,179,..,..,..,..,..,..,..,..,179,..,19,..,..,..,..,..,..,..,19,..,19,3,3,3,6,0,0,0,31,..,3,3,0,0,0,0,0,0,14,..,0,0,0,0,3,0,0,0,4,..,0,0,0,0,5,3,0,0,7,..,12,14,8,18,35,23,20,8,128,3,6,0,7,9,3,0,0,0,29,0,0,0,0,0,0,0,0,0,0,187,63,78,119,131,152,110,62,12,921
LGA52310,..,0,0,0,0,0,0,0,0,4,..,0,0,0,3,5,0,0,0,8,..,4,5,0,4,3,7,3,0,24,0,0,0,0,3,0,0,0,0,9,0,0,0,0,0,0,0,0,0,0,59,32,35,35,60,75,55,22,8,375,..,0,25,41,59,102,85,27,7,348,..,9,18,5,25,12,0,6,0,77,..,0,6,3,8,0,4,5,0,26,123,..,..,..,..,..,..,..,..,123,..,16,..,..,..,..,..,..,..,16,..,21,10,3,8,0,0,0,0,39,..,0,0,0,3,4,0,0,0,13,..,3,0,0,6,0,0,0,0,3,..,4,4,3,3,0,0,0,0,16,..,8,7,9,17,19,27,14,4,100,0,0,0,0,3,8,4,0,0,15,0,0,0,0,0,0,0,0,0,0,123,59,67,65,122,146,130,53,12,776
LGA52380,..,0,0,0,0,0,0,0,0,0,..,0,0,0,0,0,0,0,0,11,..,0,0,3,0,4,7,0,0,16,0,3,0,0,0,0,0,0,0,3,0,0,0,0,0,0,0,0,0,0,0,6,4,3,6,11,17,5,0,51,..,0,0,0,0,5,13,3,0,31,..,5,3,0,0,4,3,0,0,9,..,0,0,0,0,0,0,0,0,6,0,..,..,..,..,..,..,..,..,0,..,0,..,..,..,..,..,..,..,0,..,0,0,0,0,0,0,0,0,3,..,0,0,0,0,0,0,0,0,0,..,0,0,0,0,0,0,0,0,0,..,0,0,0,0,0,5,0,0,9,..,0,3,3,0,8,17,0,0,40,0,4,0,0,0,5,5,0,0,12,0,0,0,0,0,0,0,0,0,0,0,8,11,10,14,18,43,8,0,112
LGA52450,..,0,0,0,0,0,0,0,0,9,..,0,0,0,0,0,0,0,0,4,..,7,0,0,3,6,14,5,6,47,9,3,0,0,0,5,3,0,0,22,0,0,0,0,0,0,0,0,0,0,124,60,59,75,57,67,57,20,10,539,..,6,56,90,79,88,66,29,7,427,..,11,33,19,10,10,3,0,0,84,..,0,4,6,8,10,0,0,0,30,236,..,..,..,..,..,..,..,..,236,..,32,..,..,..,..,..,..,..,32,..,31,16,3,3,0,0,0,0,47,..,7,3,0,0,0,8,4,0,23,..,0,5,0,0,0,0,0,0,4,..,11,0,3,0,0,0,0,0,22,..,7,21,4,18,24,34,19,15,141,5,7,7,0,3,9,3,0,0,31,0,0,0,0,0,0,0,0,0,0,240,114,138,128,119,141,120,58,20,1078
LGA52520,..,0,5,0,0,0,0,0,0,7,..,0,0,0,0,0,0,0,0,3,..,5,3,5,0,7,0,4,6,41,8,0,0,0,5,0,5,0,0,24,0,0,0,0,0,0,0,0,0,0,129,41,66,83,52,68,41,33,16,527,..,10,60,113,72,100,65,27,18,469,..,12,30,21,15,7,3,3,0,87,..,0,4,7,0,4,0,5,0,26,237,..,..,..,..,..,..,..,..,237,..,22,..,..,..,..,..,..,..,22,..,21,11,5,9,3,0,0,0,52,..,0,0,0,4,0,5,7,0,16,..,3,0,7,0,0,0,0,0,19,..,0,3,10,5,0,0,0,0,22,..,12,12,11,18,23,19,14,6,114,12,4,8,7,4,0,3,0,0,41,0,0,0,0,0,0,0,0,0,0,248,93,139,172,123,158,102,50,22,1107
LGA52590,..,3,5,0,6,4,0,0,0,15,..,7,9,0,4,3,4,5,0,24,..,9,19,11,8,25,28,34,20,159,9,8,6,0,3,12,9,0,0,46,0,0,0,0,0,0,0,0,0,0,180,80,145,155,160,251,212,102,35,1335,..,0,77,157,176,295,308,130,25,1174,..,29,91,57,59,61,30,11,0,335,..,3,11,19,22,13,3,4,3,82,407,..,..,..,..,..,..,..,..,407,..,45,..,..,..,..,..,..,..,45,..,55,19,18,8,0,0,0,0,101,..,10,5,0,3,11,8,0,3,45,..,11,5,7,7,6,0,0,0,28,..,7,14,5,7,13,8,4,0,55,..,11,34,15,43,72,95,63,25,362,20,10,13,9,13,17,16,0,5,91,0,0,4,0,3,0,0,0,0,5,427,172,276,288,324,491,481,218,60,2737
LGA52660,..,31,8,9,4,6,0,0,0,65,..,17,14,6,11,14,21,3,6,98,..,19,33,31,62,109,125,162,71,619,19,27,17,8,8,15,6,3,3,112,0,0,0,0,0,5,3,0,0,8,1400,707,880,939,898,824,643,428,133,6856,..,31,617,1050,1039,1016,863,466,97,5177,..,160,514,295,204,178,81,21,8,1470,..,12,97,180,157,60,36,17,13,571,2851,..,..,..,..,..,..,..,..,2851,..,498,..,..,..,..,..,..,..,498,..,509,176,66,36,15,6,0,0,806,..,49,45,15,13,24,26,15,16,204,..,59,34,20,11,10,6,4,0,140,..,52,47,19,30,38,29,7,7,230,..,39,126,111,166,209,212,222,102,1178,40,50,40,25,16,33,11,8,4,233,0,0,4,0,0,5,6,0,0,13,2884,1456,1691,1781,1681,1588,1289,751,241,13367
LGA52730,..,7,4,0,0,4,0,0,0,16,..,3,9,0,6,23,14,8,0,69,..,12,19,17,29,80,114,80,42,384,8,8,12,12,11,15,12,5,0,85,0,0,0,0,0,0,0,0,0,0,482,181,193,344,376,454,438,225,71,2755,..,0,108,327,372,449,502,290,39,2097,..,19,103,123,109,130,80,15,3,574,..,0,12,55,70,37,17,4,6,209,944,..,..,..,..,..,..,..,..,944,..,198,..,..,..,..,..,..,..,198,..,106,26,22,19,15,4,0,0,187,..,6,3,8,7,10,8,7,9,46,..,6,13,3,5,6,3,0,0,42,..,9,15,6,13,34,23,13,4,115,..,15,34,33,74,161,203,128,65,707,25,9,15,27,22,26,19,10,3,156,0,0,0,0,0,0,0,0,0,0,961,367,333,602,687,862,849,472,131,5266
LGA52800,..,9,0,4,3,0,0,0,0,14,..,11,17,9,8,5,0,0,0,45,..,18,38,36,35,55,32,11,6,235,23,17,20,15,17,19,13,3,4,138,0,0,0,0,0,0,0,0,0,0,656,425,495,380,324,293,155,44,13,2776,..,82,263,224,214,205,121,34,3,1145,..,99,232,165,127,102,26,9,0,756,..,32,111,86,70,38,28,6,4,375,1316,..,..,..,..,..,..,..,..,1316,..,86,..,..,..,..,..,..,..,86,..,259,79,49,13,7,0,0,0,408,..,146,77,74,54,58,32,10,5,455,..,10,7,8,0,6,3,0,0,40,..,11,34,12,18,13,10,3,0,97,..,37,97,80,102,117,98,23,4,551,45,32,41,34,28,23,25,9,4,249,0,3,0,0,0,0,0,0,0,7,1360,804,944,735,632,569,334,88,17,5476
LGA52870,..,9,6,4,8,4,0,0,0,28,..,3,8,8,10,12,9,0,0,44,..,7,9,19,31,61,74,75,28,312,0,17,4,0,5,17,9,0,0,55,0,0,0,0,0,0,0,0,0,3,479,220,241,330,396,488,394,211,54,2803,..,7,140,356,455,558,521,238,45,2306,..,35,138,109,114,118,77,19,0,609,..,3,29,45,52,26,20,9,10,190,968,..,..,..,..,..,..,..,..,968,..,168,..,..,..,..,..,..,..,168,..,179,50,24,13,13,0,0,0,279,..,21,10,3,5,13,16,17,4,84,..,24,12,7,8,10,3,0,0,61,..,10,19,14,14,18,21,6,0,100,..,17,25,45,66,117,154,106,34,572,12,28,15,7,15,23,17,7,0,120,0,0,0,0,0,3,0,0,0,8,976,478,425,611,747,900,831,410,95,5467
LGA52940,..,0,0,0,0,0,0,0,0,0,..,0,0,0,0,0,0,0,0,0,..,4,3,3,5,7,16,12,8,49,0,4,0,0,0,0,0,0,0,5,0,0,0,0,0,0,0,0,0,0,57,18,23,45,35,37,61,17,5,301,..,0,16,47,47,46,78,25,0,260,..,10,13,9,3,0,0,0,0,45,..,0,5,10,4,0,0,0,0,25,130,..,..,..,..,..,..,..,..,130,..,10,..,..,..,..,..,..,..,10,..,13,5,0,5,0,0,0,0,24,..,0,0,0,0,0,0,0,0,4,..,0,0,0,0,0,0,0,0,0,..,0,0,0,0,3,0,0,0,7,..,5,3,9,12,21,32,14,6,107,0,4,7,0,8,0,3,0,0,15,0,0,0,0,0,0,0,0,0,0,132,46,51,76,79,76,117,40,12,619
LGA53010,..,0,0,0,0,0,0,0,0,0,..,0,0,0,0,0,0,0,0,8,..,0,0,0,3,8,8,6,0,25,0,0,0,4,0,0,0,0,0,9,0,0,0,0,0,0,0,0,0,0,58,16,32,36,37,43,33,12,0,253,..,0,23,52,47,53,38,20,0,236,..,7,20,8,6,3,7,0,0,56,..,0,0,0,4,4,0,0,0,9,109,..,..,..,..,..,..,..,..,109,..,7,..,..,..,..,..,..,..,7,..,3,6,0,0,0,0,0,0,9,..,0,0,0,3,0,0,0,0,11,..,0,0,0,0,0,0,0,0,0,..,8,0,0,0,0,0,0,0,9,..,3,5,7,12,17,21,11,0,67,0,4,7,3,5,3,0,0,0,21,0,0,5,0,0,0,0,0,0,5,109,27,67,75,77,84,65,34,0,534
LGA53080,..,0,0,0,0,0,0,0,0,0,..,0,0,0,0,0,0,0,0,0,..,0,5,3,8,14,11,9,0,57,3,0,0,0,0,0,0,0,0,9,0,0,0,0,0,0,0,0,0,0,27,17,31,19,31,38,35,21,0,224,..,0,11,8,13,33,30,19,0,115,..,9,22,8,9,11,0,0,0,60,..,0,8,4,5,3,11,0,0,29,55,..,..,..,..,..,..,..,..,55,..,4,..,..,..,..,..,..,..,4,..,13,13,4,4,0,0,0,0,32,..,8,0,0,0,4,4,0,0,16,..,0,0,0,0,0,0,0,0,4,..,0,0,0,0,0,0,0,0,6,..,3,8,9,18,38,28,16,0,133,8,0,3,0,4,0,5,0,0,18,0,0,0,0,0,0,0,0,0,0,57,39,63,42,62,88,77,43,4,474
LGA53150,..,8,12,5,7,3,0,0,0,26,..,23,29,9,4,7,9,3,0,91,..,20,53,41,42,93,106,73,45,474,0,10,13,5,8,3,7,5,0,49,0,0,0,0,0,0,0,0,0,4,677,444,348,477,600,537,392,212,73,3766,..,0,127,528,713,628,514,227,43,2788,..,30,198,115,148,121,65,20,0,700,..,0,11,48,108,48,9,12,13,259,1316,..,..,..,..,..,..,..,..,1316,..,524,..,..,..,..,..,..,..,524,..,192,89,26,23,15,0,0,0,348,..,23,15,0,4,6,3,4,9,80,..,10,19,10,7,4,3,0,0,50,..,42,70,18,10,18,16,6,0,191,..,28,98,74,94,148,148,112,63,772,8,22,28,8,12,16,10,9,0,117,0,0,0,0,0,4,0,0,0,15,1324,875,672,839,1125,1019,776,397,133,7163
LGA53220,..,5,8,0,0,0,0,0,0,12,..,11,15,6,9,4,0,0,0,36,..,23,43,26,22,20,11,4,0,158,8,14,3,5,5,12,15,4,0,66,0,0,0,0,0,0,0,0,0,5,627,295,464,418,246,175,74,22,4,2323,..,23,264,427,277,172,64,14,0,1248,..,108,332,171,81,66,7,0,0,777,..,11,37,68,45,24,8,3,3,196,1294,..,..,..,..,..,..,..,..,1294,..,111,..,..,..,..,..,..,..,111,..,146,48,15,4,3,0,0,0,218,..,82,37,31,20,26,23,3,4,223,..,10,13,3,3,0,0,0,0,31,..,19,40,11,12,15,6,0,0,94,..,38,98,73,92,72,37,11,0,429,17,33,18,19,19,15,24,8,0,147,0,0,0,0,0,0,0,0,0,5,1312,581,889,813,556,399,170,45,8,4778
LGA53290,..,20,9,0,4,0,0,0,0,34,..,28,36,14,17,15,7,3,0,122,..,28,48,28,75,119,153,173,79,705,12,32,24,10,13,17,25,7,3,138,0,0,0,0,0,0,0,0,0,0,1151,589,690,728,790,773,620,390,131,5862,..,23,437,761,881,937,735,382,73,4233,..,179,395,277,249,167,62,14,0,1350,..,20,68,137,118,64,32,32,22,487,2320,..,..,..,..,..,..,..,..,2320,..,382,..,..,..,..,..,..,..,382,..,338,108,42,48,22,0,0,0,561,..,60,25,13,19,36,35,21,9,217,..,43,27,8,9,6,0,0,0,96,..,68,82,33,32,35,21,7,0,275,..,90,140,111,177,269,291,277,115,1462,26,61,43,26,24,40,39,19,4,274,0,0,0,0,0,0,0,0,0,8,2347,1249,1328,1405,1568,1572,1225,751,217,11662
LGA53360,..,15,20,4,0,0,0,0,0,34,..,20,59,7,3,9,3,0,0,107,..,3,18,10,13,27,24,12,0,110,4,23,25,10,9,14,33,9,4,132,0,0,0,0,0,0,0,0,0,4,235,156,276,209,175,152,128,53,13,1401,..,0,110,219,189,161,106,49,4,837,..,38,141,94,73,46,19,6,0,430,..,0,4,19,22,11,7,3,0,76,484,..,..,..,..,..,..,..,..,484,..,71,..,..,..,..,..,..,..,71,..,65,11,6,9,4,0,0,0,91,..,8,7,0,4,5,0,5,3,28,..,32,30,7,0,0,0,0,0,73,..,33,106,31,16,13,8,0,0,209,..,9,29,22,43,70,63,29,4,279,13,35,46,24,22,31,57,27,6,256,0,0,6,0,0,0,0,0,0,9,498,295,492,429,377,347,262,115,21,2840
LGA53430,..,41,63,20,3,6,3,0,0,143,..,223,383,78,49,57,51,20,10,875,..,66,199,217,245,467,591,379,183,2349,28,61,63,39,35,35,26,17,6,300,0,7,11,0,0,0,6,5,0,35,2131,1534,2106,2072,2051,2091,1714,898,327,14917,..,10,735,1903,1884,1972,1602,868,190,9164,..,180,1302,925,626,504,276,64,9,3883,..,8,81,248,423,276,105,84,58,1278,4272,..,..,..,..,..,..,..,..,4272,..,1255,..,..,..,..,..,..,..,1255,..,674,335,139,117,69,17,0,0,1351,..,116,72,16,21,62,67,39,28,430,..,64,133,53,18,17,13,0,0,290,..,368,712,197,99,124,107,44,11,1667,..,122,430,494,602,903,1002,563,256,4375,62,114,134,84,62,69,52,18,10,611,4,11,21,6,5,4,9,5,3,61,4337,2915,3948,4064,3859,3993,3250,1683,580,28634
LGA53570,..,3,10,3,0,0,0,0,0,21,..,4,41,6,10,12,8,7,0,84,..,6,18,14,17,41,51,39,13,197,4,8,8,0,5,5,5,4,4,57,0,0,0,0,0,0,0,0,0,3,358,183,252,255,317,367,357,170,38,2298,..,6,98,246,365,457,507,254,35,1973,..,31,122,87,88,70,57,19,0,477,..,8,21,34,46,16,13,7,6,147,711,..,..,..,..,..,..,..,..,711,..,161,..,..,..,..,..,..,..,161,..,130,51,24,21,8,0,0,0,237,..,15,10,10,12,13,21,15,7,105,..,7,18,16,0,3,3,0,0,56,..,9,70,12,22,27,24,12,0,172,..,7,32,30,73,130,150,91,20,540,14,24,29,8,15,15,12,3,3,124,0,0,0,0,0,0,0,0,0,3,724,400,447,470,638,746,792,396,77,4691
LGA53640,..,0,0,0,0,0,0,0,0,3,..,0,4,4,0,0,5,0,0,12,..,0,0,0,4,11,3,0,0,29,4,3,0,0,3,4,0,0,0,16,0,0,0,0,0,0,0,0,0,0,112,42,82,68,66,67,47,10,5,496,..,10,70,85,105,87,77,18,0,453,..,9,42,20,14,12,6,0,0,105,..,0,7,4,4,9,0,0,0,24,227,..,..,..,..,..,..,..,..,227,..,17,..,..,..,..,..,..,..,17,..,32,13,8,5,0,0,0,0,50,..,10,6,0,3,0,7,0,0,29,..,0,5,0,0,0,0,0,0,5,..,0,4,9,4,3,3,0,0,21,..,9,14,12,11,39,21,12,7,119,3,5,4,3,3,3,3,0,0,29,0,0,0,0,0,0,0,0,0,0,229,92,164,137,136,155,123,32,6,1075
LGA53710,..,4,0,0,0,0,0,0,0,4,..,0,0,0,0,5,3,0,0,3,..,5,0,4,6,12,15,14,5,62,0,3,0,0,0,5,0,0,0,9,0,0,0,0,0,0,0,0,0,0,79,32,29,53,54,71,62,22,8,419,..,0,24,61,70,74,85,28,5,351,..,13,16,15,7,17,6,0,0,76,..,0,3,7,6,6,0,3,0,25,159,..,..,..,..,..,..,..,..,159,..,10,..,..,..,..,..,..,..,10,..,24,13,3,0,0,0,0,0,36,..,5,0,4,0,0,4,0,0,10,..,4,0,0,0,0,0,0,0,0,..,0,0,0,0,7,7,0,0,13,..,6,4,12,9,24,37,21,10,125,0,5,0,4,7,10,3,0,0,24,0,0,0,0,0,0,0,0,0,0,156,63,63,104,97,139,135,50,20,837
LGA53780,..,194,204,69,42,28,12,4,0,565,..,240,267,142,152,133,107,36,0,1077,..,165,407,390,480,860,1149,943,432,4836,166,160,152,92,95,101,98,37,20,929,9,5,13,6,15,44,43,12,6,145,12359,7428,8336,9288,7575,6355,5012,2543,825,59721,..,333,6329,12009,9466,7557,6024,2649,494,44865,..,889,2538,1744,1287,759,326,88,11,7640,..,171,806,1326,1437,854,453,242,130,5424,24981,..,..,..,..,..,..,..,..,24981,..,6927,..,..,..,..,..,..,..,6927,..,4523,2781,829,455,170,43,4,0,8812,..,877,756,308,300,503,505,258,133,3637,..,424,597,265,179,89,43,11,0,1619,..,602,933,481,426,341,225,93,0,3111,..,335,1024,1189,1266,1733,1840,1357,597,9333,326,318,321,226,214,198,160,66,30,1851,18,15,24,26,28,60,73,18,3,264,25323,15417,16111,18407,15055,12269,9695,4781,1401,118465
LGA53800,..,58,35,14,3,9,11,9,0,135,..,94,78,39,37,61,35,19,0,364,..,112,186,118,250,404,451,340,189,2058,83,99,71,48,51,83,56,25,13,533,0,0,6,0,3,0,0,4,0,16,3483,2031,2134,2236,2490,2319,1801,982,328,17800,..,69,1246,2140,2543,2434,2053,1012,218,11714,..,514,1125,690,604,513,198,52,22,3718,..,66,302,488,470,268,133,92,36,1852,6946,..,..,..,..,..,..,..,..,6946,..,1249,..,..,..,..,..,..,..,1249,..,1197,392,196,140,66,15,0,0,2000,..,261,101,66,79,106,114,75,31,833,..,115,89,42,25,23,15,7,0,316,..,185,200,91,81,119,78,31,8,791,..,223,417,344,593,861,786,533,268,4020,156,178,137,118,103,139,106,45,17,999,7,4,4,3,5,3,0,0,5,33,7110,4063,4021,4179,4638,4519,3490,1850,596,34473
LGA53920,..,0,3,0,0,3,0,0,0,11,..,8,5,0,5,0,5,0,0,23,..,7,25,19,17,33,22,4,0,120,13,19,15,8,7,7,5,0,0,67,0,0,0,0,0,0,0,0,0,0,385,293,283,233,183,115,86,25,7,1608,..,41,113,132,92,59,32,9,0,471,..,47,126,99,78,25,22,10,0,398,..,27,73,76,56,23,27,12,3,299,811,..,..,..,..,..,..,..,..,811,..,80,..,..,..,..,..,..,..,80,..,187,64,31,13,3,0,0,0,297,..,139,50,46,47,31,18,9,7,346,..,4,8,5,3,0,4,0,0,23,..,9,18,3,8,3,5,0,0,46,..,17,45,42,45,56,34,6,0,246,20,26,26,15,7,11,8,5,0,118,0,0,0,0,0,0,0,0,0,3,833,584,522,441,340,211,147,41,9,3140
LGA53990,..,45,32,10,5,9,3,4,0,109,..,30,53,18,36,34,29,9,0,212,..,34,38,53,118,216,290,229,119,1091,50,49,37,26,17,31,31,13,10,266,4,0,4,0,0,6,0,0,0,16,2718,1426,1568,1838,1766,1767,1401,688,185,13351,..,48,1163,2118,2121,2227,1830,832,120,10464,..,288,809,470,407,336,141,36,0,2498,..,41,171,356,298,116,67,53,28,1127,5658,..,..,..,..,..,..,..,..,5658,..,1123,..,..,..,..,..,..,..,1123,..,972,267,143,83,38,10,0,0,1516,..,114,83,32,33,61,79,34,16,452,..,88,92,37,25,16,8,4,0,277,..,67,131,68,70,79,52,11,0,485,..,81,166,193,291,384,472,321,157,2061,91,95,78,60,53,60,51,28,12,531,6,0,7,5,5,6,0,0,0,32,5753,2914,2973,3476,3390,3321,2715,1327,337,26209
LGA54060,..,5,0,0,0,0,0,0,0,5,..,3,0,4,0,5,11,0,0,23,..,4,5,11,17,39,76,50,19,217,3,12,9,0,9,11,7,9,0,59,0,0,0,0,0,0,0,0,0,0,255,118,98,174,215,282,280,158,34,1616,..,0,51,161,230,299,322,184,25,1261,..,25,50,48,64,76,54,19,0,332,..,0,18,30,30,21,8,5,3,130,487,..,..,..,..,..,..,..,..,487,..,94,..,..,..,..,..,..,..,94,..,92,36,15,8,10,3,0,0,158,..,14,6,3,5,4,11,12,6,53,..,3,4,5,0,0,3,0,0,13,..,0,0,3,3,11,16,6,0,47,..,16,9,21,45,93,145,78,35,440,13,21,14,14,12,17,10,11,0,118,0,0,0,0,0,0,0,0,0,0,500,269,187,303,399,538,569,309,69,3139
LGA54130,..,0,0,0,0,0,0,0,0,5,..,0,0,0,0,0,0,3,0,10,..,7,10,7,0,7,16,6,0,51,0,3,0,0,0,0,0,0,0,11,0,0,0,0,0,0,0,0,0,0,98,28,65,66,57,69,50,15,3,448,..,0,50,93,75,88,67,19,4,394,..,9,31,17,20,20,8,0,0,113,..,0,6,5,5,4,0,0,0,22,218,..,..,..,..,..,..,..,..,218,..,5,..,..,..,..,..,..,..,5,..,17,3,0,6,0,0,0,0,28,..,5,0,0,0,0,4,0,0,11,..,0,0,0,0,3,0,0,0,3,..,0,0,0,0,7,0,3,0,12,..,16,9,10,16,42,30,11,5,139,0,3,0,4,3,3,7,0,0,25,0,0,0,0,0,0,0,0,0,0,219,63,115,136,116,162,114,35,10,962
LGA54170,..,183,134,45,32,29,7,10,5,443,..,245,316,92,98,145,114,40,9,1057,..,160,409,304,488,1105,1703,1324,697,6191,187,220,176,114,88,106,97,51,30,1073,8,10,13,7,13,16,19,11,0,94,14208,8841,7857,10637,11226,10778,8702,3824,1327,77409,..,103,4713,13376,15134,14750,12336,4625,835,65867,..,814,4213,2791,2031,1357,553,126,18,11905,..,66,441,1367,1909,1125,501,263,163,5841,28938,..,..,..,..,..,..,..,..,28938,..,9605,..,..,..,..,..,..,..,9605,..,5694,3024,885,496,218,51,0,0,10362,..,566,346,149,138,306,413,282,204,2403,..,340,342,140,97,73,33,15,5,1044,..,603,878,303,256,299,219,85,21,2661,..,344,954,936,1230,1946,2572,1796,915,10706,374,419,361,266,222,190,172,76,48,2118,13,16,26,20,22,24,26,12,4,167,29323,18571,15291,20225,21533,20296,16886,7281,2206,151611
LGA54200,..,72,62,20,21,18,0,0,0,200,..,41,77,50,51,64,43,13,3,340,..,51,132,119,227,431,636,632,341,2575,70,99,56,47,41,62,41,33,9,463,0,0,7,0,0,4,0,0,0,17,5310,3047,3132,3900,3786,3478,3074,1763,614,28100,..,63,2066,4568,4612,4290,3964,2033,442,22035,..,429,1568,1060,876,548,277,68,6,4839,..,35,287,662,666,412,166,121,67,2421,10833,..,..,..,..,..,..,..,..,10833,..,2845,..,..,..,..,..,..,..,2845,..,2136,998,342,238,83,22,0,0,3819,..,282,180,87,93,171,210,125,71,1218,..,159,157,60,62,41,16,11,0,505,..,148,232,138,143,155,90,27,8,938,..,125,347,427,563,838,971,878,461,4619,139,174,119,118,104,109,83,52,22,924,5,8,12,3,0,5,7,0,0,37,10975,6397,5975,7466,7362,6661,5806,3316,1075,55035
LGA54280,..,40,29,11,8,3,0,0,0,95,..,75,86,31,27,32,16,0,0,265,..,109,168,95,186,219,172,96,42,1087,38,40,46,27,30,37,30,13,0,265,5,3,0,3,3,3,6,0,0,26,2835,1479,2038,1856,1640,1339,690,278,74,12237,..,52,1207,2041,1798,1620,765,244,30,7747,..,567,1311,710,541,308,80,20,0,3541,..,55,210,292,244,133,61,39,15,1051,5777,..,..,..,..,..,..,..,..,5777,..,756,..,..,..,..,..,..,..,756,..,913,271,91,72,28,4,0,0,1380,..,170,102,66,63,84,76,39,17,618,..,94,78,38,30,16,9,4,0,267,..,206,269,108,92,77,31,6,4,793,..,210,451,364,491,567,412,186,46,2725,72,104,126,76,58,81,55,20,5,603,7,3,4,7,7,10,15,0,0,49,5854,3135,4037,3789,3383,2927,1509,559,121,25306
LGA54310,..,22,26,6,3,3,0,0,0,64,..,35,65,16,22,26,4,4,0,176,..,58,145,69,82,81,41,21,4,498,27,29,47,23,26,73,74,33,5,336,3,3,10,0,0,0,9,0,0,17,2292,864,1604,1612,1160,640,264,85,8,8536,..,17,1045,2037,1428,743,201,42,0,5520,..,315,1046,667,427,186,45,4,0,2689,..,15,102,157,137,51,17,4,0,489,4734,..,..,..,..,..,..,..,..,4734,..,599,..,..,..,..,..,..,..,599,..,474,117,38,15,0,0,0,0,651,..,110,60,23,31,55,37,18,6,345,..,61,64,27,11,18,0,0,0,173,..,75,163,75,72,50,20,7,0,468,..,122,352,250,254,242,101,35,6,1360,50,69,80,53,61,127,157,65,4,666,6,3,5,3,0,0,11,0,0,34,4788,1871,3042,3339,2440,1473,598,176,15,17735
LGA54340,..,5,0,0,0,0,0,0,0,14,..,0,8,0,5,3,5,0,0,26,..,17,17,12,23,35,31,36,26,199,3,9,6,4,3,5,3,0,0,40,0,0,0,0,0,0,0,0,0,0,332,221,217,199,216,220,189,97,43,1741,..,10,138,218,230,297,249,116,25,1290,..,70,107,55,49,35,13,7,0,336,..,14,32,30,38,16,18,6,3,158,685,..,..,..,..,..,..,..,..,685,..,115,..,..,..,..,..,..,..,115,..,120,39,28,11,4,0,0,0,211,..,38,22,6,7,13,10,10,8,121,..,13,6,4,3,0,0,0,0,34,..,9,49,24,21,22,9,5,0,132,..,40,47,42,66,76,63,51,38,417,9,12,26,8,12,6,9,0,0,84,0,0,4,0,0,0,0,0,0,6,697,447,478,412,437,466,376,191,77,3585
LGA54410,..,0,0,0,0,0,0,0,0,0,..,5,0,0,3,0,0,3,0,7,..,4,5,6,5,15,16,20,14,76,0,0,0,3,3,0,0,0,0,13,0,0,0,0,0,0,0,0,0,0,59,40,37,59,64,83,62,40,16,459,..,3,24,52,53,93,78,39,9,345,..,7,26,17,19,28,7,4,0,113,..,0,6,5,10,6,5,5,0,43,134,..,..,..,..,..,..,..,..,134,..,29,..,..,..,..,..,..,..,29,..,25,11,7,7,0,0,0,0,55,..,4,4,0,5,3,0,0,3,22,..,0,0,4,0,0,0,0,0,3,..,5,4,0,6,3,3,3,0,26,..,4,6,13,24,25,34,28,13,145,3,0,8,3,0,0,0,0,0,26,0,0,0,0,0,0,0,0,0,0,140,81,88,112,125,166,130,76,27,936
LGA54480,..,0,0,0,0,0,0,0,0,0,..,0,0,0,0,0,0,0,0,4,..,0,0,0,0,5,3,0,0,14,0,0,0,0,0,4,0,0,0,8,0,0,0,0,0,0,0,0,0,0,50,13,25,35,31,17,15,10,0,190,..,0,21,54,41,24,20,5,0,171,..,3,15,7,14,5,0,0,0,45,..,0,0,0,0,0,0,0,0,0,98,..,..,..,..,..,..,..,..,98,..,12,..,..,..,..,..,..,..,12,..,3,6,0,0,0,0,0,0,8,..,0,4,0,0,0,0,0,0,4,..,0,0,0,0,0,0,0,0,0,..,3,3,0,0,0,0,0,0,7,..,8,3,4,16,14,10,4,0,52,0,4,0,0,0,4,0,0,0,8,0,0,0,0,0,0,0,0,0,0,98,31,53,69,67,40,32,14,0,413
LGA54550,..,5,0,6,0,0,0,0,0,5,..,6,3,0,4,0,0,0,0,13,..,3,8,0,16,15,20,29,19,113,0,7,0,0,0,6,4,0,0,18,0,0,0,0,0,0,0,0,0,0,167,52,79,106,108,121,86,63,28,814,..,0,50,146,113,163,123,66,20,676,..,16,49,28,35,29,4,3,0,166,..,6,3,14,8,3,4,3,0,43,339,..,..,..,..,..,..,..,..,339,..,9,..,..,..,..,..,..,..,9,..,36,21,12,9,0,0,0,0,79,..,11,0,0,0,3,0,0,0,17,..,0,0,4,0,4,0,0,0,18,..,4,9,5,5,6,0,4,0,38,..,16,15,15,34,54,45,41,17,252,0,14,3,0,0,11,4,0,0,36,0,0,0,0,0,0,0,0,0,0,342,114,159,230,208,274,183,117,43,1676
LGA54620,..,0,3,0,0,0,0,0,0,3,..,0,0,0,0,0,0,0,0,3,..,3,0,0,6,9,5,11,3,39,0,5,0,0,0,3,0,0,0,11,0,0,0,0,0,0,0,0,0,0,55,19,30,44,50,50,36,16,7,303,..,0,20,47,59,61,57,26,6,277,..,3,11,12,15,5,0,0,0,60,..,0,4,6,4,4,0,0,0,26,117,..,..,..,..,..,..,..,..,117,..,6,..,..,..,..,..,..,..,6,..,14,4,0,0,0,0,0,0,24,..,6,3,0,0,3,6,0,0,14,..,0,3,0,0,0,0,0,0,3,..,3,0,0,5,6,0,0,0,11,..,11,5,8,18,23,12,14,3,95,3,6,0,0,0,3,0,0,0,22,0,0,0,0,0,0,0,0,0,0,119,51,52,84,107,99,81,39,14,654
LGA54690,..,0,0,0,0,0,0,0,0,0,..,0,0,0,0,0,0,0,0,7,..,3,3,0,5,5,5,0,0,19,0,0,0,0,0,0,0,0,0,5,0,0,0,0,0,0,0,0,0,0,23,8,17,17,22,32,27,10,0,146,..,0,8,30,21,27,33,16,3,142,..,3,8,3,3,7,4,3,0,33,..,0,0,0,3,0,3,0,0,9,61,..,..,..,..,..,..,..,..,61,..,0,..,..,..,..,..,..,..,0,..,3,0,0,4,0,0,0,0,5,..,0,0,0,0,0,0,0,0,3,..,0,0,0,0,0,0,0,0,3,..,0,0,0,0,4,5,0,0,9,..,3,4,4,16,18,14,6,3,60,0,5,0,0,0,0,4,0,0,10,0,0,0,0,0,0,0,0,0,0,61,17,27,39,49,56,58,24,3,331
LGA54760,..,0,0,0,0,0,0,0,0,0,..,0,0,0,0,4,0,0,0,4,..,0,0,3,4,3,0,3,0,19,3,0,0,0,3,0,4,0,0,18,0,0,0,0,0,0,0,0,0,0,78,11,34,35,48,41,35,15,4,310,..,0,27,60,65,64,53,24,0,290,..,6,18,16,24,0,0,0,0,69,..,0,0,0,3,3,0,0,0,15,134,..,..,..,..,..,..,..,..,134,..,5,..,..,..,..,..,..,..,5,..,8,5,0,0,0,0,0,0,12,..,0,0,0,0,0,0,0,0,9,..,0,0,0,0,0,0,0,0,3,..,0,0,0,0,3,0,0,0,7,..,3,3,10,10,19,12,9,3,69,9,0,0,0,4,0,6,0,0,23,0,0,0,0,0,0,0,0,0,0,143,30,65,88,106,91,71,38,9,637
LGA54830,..,79,50,16,8,9,0,0,0,169,..,94,125,63,65,58,41,3,0,446,..,74,231,184,228,367,327,231,88,1726,58,75,60,42,39,44,20,16,3,348,0,0,0,4,4,5,10,0,0,27,4804,2512,3627,3533,2591,1993,1347,626,178,21214,..,89,2479,4071,2872,1991,1395,623,107,13619,..,603,1673,993,620,311,126,16,3,4355,..,97,440,602,565,324,150,72,42,2286,9840,..,..,..,..,..,..,..,..,9840,..,1832,..,..,..,..,..,..,..,1832,..,1555,717,217,146,58,6,0,0,2709,..,299,238,80,90,169,161,81,32,1150,..,173,164,87,41,33,7,0,0,501,..,215,323,172,156,133,90,17,3,1108,..,161,573,547,569,709,551,352,136,3590,105,137,127,91,71,76,48,28,5,683,5,0,3,3,3,14,15,6,0,53,9949,5161,6740,6865,5135,3811,2543,1202,332,41735
LGA54900,..,0,0,0,0,0,0,0,0,0,..,0,0,0,0,0,0,0,0,7,..,0,4,4,7,8,6,8,6,44,0,6,4,3,0,0,0,0,0,8,0,0,0,0,0,0,0,0,0,0,100,34,61,81,66,68,45,22,4,494,..,4,61,100,94,111,73,28,0,478,..,16,35,24,20,11,0,0,0,111,..,0,0,3,4,0,0,4,0,21,226,..,..,..,..,..,..,..,..,226,..,14,..,..,..,..,..,..,..,14,..,19,15,0,5,0,0,0,0,40,..,3,0,0,4,0,0,0,0,10,..,0,0,0,0,0,0,0,0,7,..,4,0,3,3,6,0,0,0,17,..,14,18,17,22,22,27,16,6,141,3,8,5,4,3,0,0,5,0,27,0,0,0,0,0,0,0,0,0,0,229,84,136,155,155,160,104,52,11,1083
LGA54970,..,0,0,0,0,0,0,0,0,0,..,0,0,0,0,0,0,0,0,0,..,0,0,4,4,6,4,0,0,27,0,6,0,3,3,3,0,0,0,20,0,0,0,0,0,0,0,0,0,0,46,30,35,37,36,38,13,4,0,248,..,7,20,11,11,34,6,3,5,86,..,3,17,16,17,12,0,0,0,79,..,0,8,4,5,7,0,0,0,28,102,..,..,..,..,..,..,..,..,102,..,12,..,..,..,..,..,..,..,12,..,10,3,0,0,0,0,0,0,21,..,15,4,14,9,7,8,0,0,56,..,0,0,0,0,0,0,0,0,7,..,0,0,0,0,0,0,0,0,0,..,5,8,9,5,22,14,5,0,66,6,12,6,3,0,3,0,0,0,36,0,0,0,0,0,0,0,0,0,0,108,64,70,65,58,84,32,8,5,486
LGA55040,..,0,0,0,0,0,0,0,0,0,..,4,0,0,0,0,0,0,0,7,..,4,10,7,15,7,8,4,0,50,6,0,0,5,0,6,0,0,0,24,0,0,0,0,0,0,0,0,0,0,109,32,69,60,51,48,26,9,0,405,..,0,45,49,50,43,30,6,0,227,..,22,36,18,19,15,0,0,0,115,..,0,4,9,11,4,0,4,0,31,195,..,..,..,..,..,..,..,..,195,..,10,..,..,..,..,..,..,..,10,..,13,12,7,0,0,0,0,0,32,..,8,6,0,0,4,5,0,0,27,..,0,0,0,0,0,0,0,0,4,..,4,4,0,0,0,0,0,0,11,..,7,20,4,23,21,15,7,0,99,10,5,8,6,4,6,0,3,0,47,0,0,0,0,0,0,0,0,0,0,208,66,130,105,112,98,57,22,5,796
LGA55110,..,135,72,37,23,23,9,6,0,307,..,136,134,73,113,155,114,49,7,776,..,148,282,251,508,1016,1453,1309,681,5649,146,130,98,77,103,100,96,54,28,822,3,5,3,4,3,8,3,3,0,29,7520,4404,4537,4952,5376,5798,5818,3598,1180,43177,..,115,2498,4667,5422,6281,6950,4261,818,31019,..,914,2325,1514,1224,992,629,237,40,7880,..,147,746,1086,1143,614,272,174,128,4306,14782,..,..,..,..,..,..,..,..,14782,..,3440,..,..,..,..,..,..,..,3440,..,2670,1031,433,276,152,45,0,0,4614,..,440,210,120,147,245,225,144,93,1625,..,248,194,92,75,61,28,6,3,700,..,278,362,175,246,284,245,94,18,1707,..,284,707,681,1090,1809,2436,1937,968,9911,249,264,224,182,209,184,154,88,33,1584,6,7,10,14,9,15,9,0,0,68,15036,8805,8304,8962,9840,10626,11012,6957,2098,81641
LGA55180,..,6,3,6,3,0,0,0,0,16,..,13,15,3,12,15,8,9,0,73,..,18,34,29,54,122,120,95,51,529,17,20,22,6,12,13,12,4,0,112,0,0,0,0,0,0,0,0,0,4,667,384,407,453,543,665,493,272,77,3951,..,10,222,442,571,744,606,305,51,2957,..,109,250,145,165,162,64,19,0,914,..,10,44,82,79,46,30,11,9,305,1349,..,..,..,..,..,..,..,..,1349,..,257,..,..,..,..,..,..,..,257,..,260,75,34,30,18,4,0,0,415,..,37,13,4,8,34,17,11,5,135,..,16,17,11,14,3,3,0,0,57,..,28,45,14,29,24,21,12,3,174,..,46,93,79,150,250,256,175,71,1116,30,45,32,25,25,33,21,12,3,217,0,5,6,0,0,0,0,0,0,14,1374,815,792,837,1060,1312,1014,550,151,7904
LGA55250,..,3,0,0,0,0,0,0,0,0,..,0,3,0,4,4,0,0,0,8,..,0,7,6,11,5,0,0,0,33,0,5,0,0,0,0,0,0,0,13,0,0,0,0,0,0,0,0,0,0,74,66,62,42,38,45,17,12,0,347,..,3,19,25,29,25,13,9,0,119,..,18,42,26,14,16,8,0,0,122,..,5,11,10,3,5,0,5,0,39,146,..,..,..,..,..,..,..,..,146,..,14,..,..,..,..,..,..,..,14,..,32,9,6,0,0,0,0,0,40,..,26,11,3,0,11,4,3,0,60,..,3,7,0,0,0,0,0,0,9,..,0,8,4,6,6,0,0,0,23,..,0,13,9,21,28,20,9,0,103,3,12,0,0,3,0,6,0,0,27,0,0,0,0,0,0,0,0,0,0,147,107,116,80,79,97,51,20,0,701
LGA55320,..,96,120,32,21,15,13,0,0,297,..,397,374,113,70,79,66,38,10,1157,..,148,452,347,456,911,1395,1324,944,5975,81,148,122,65,71,104,77,39,23,728,14,6,14,10,17,12,20,4,5,101,8555,5869,5263,6859,6989,6560,5881,3311,1567,50864,..,57,3060,8700,9083,8271,7610,3736,937,41460,..,441,2386,1336,980,797,379,127,27,6458,..,19,181,771,1232,771,310,187,196,3666,17263,..,..,..,..,..,..,..,..,17263,..,6468,..,..,..,..,..,..,..,6468,..,2921,1950,563,317,198,68,0,0,6020,..,502,346,87,91,198,245,190,138,1812,..,218,290,78,52,43,21,4,0,711,..,752,939,259,176,158,145,61,23,2513,..,258,848,743,955,1529,2026,1775,1235,9372,151,260,235,174,156,187,137,77,27,1402,28,13,28,33,35,33,33,10,3,221,17441,11902,10260,12753,13090,12185,10977,6174,2577,97369
LGA55390,..,0,0,0,0,4,0,0,0,4,..,0,0,0,0,0,0,0,0,0,..,0,0,0,0,5,5,0,0,16,0,0,0,0,0,0,0,0,0,0,0,0,0,0,0,0,0,0,0,0,16,10,4,4,11,19,8,3,0,73,..,0,0,3,7,9,0,0,0,22,..,0,8,8,8,8,4,0,0,35,..,0,0,0,0,0,0,0,0,3,20,..,..,..,..,..,..,..,..,20,..,5,..,..,..,..,..,..,..,5,..,6,0,0,0,0,0,0,0,8,..,4,0,3,0,6,0,0,0,10,..,0,0,0,0,4,0,0,0,7,..,0,0,0,0,0,0,0,0,0,..,0,0,3,0,8,10,3,0,33,0,0,0,0,4,0,0,0,0,5,0,0,0,0,0,0,0,0,0,0,22,15,9,22,26,33,17,9,0,151
LGA55460,..,3,0,0,0,0,0,0,0,3,..,5,8,0,0,0,4,3,0,20,..,6,22,8,14,24,31,25,19,150,9,7,4,3,10,3,0,0,0,35,0,0,0,0,0,0,0,0,0,0,261,127,150,160,166,187,142,60,26,1286,..,3,117,158,184,232,196,73,15,983,..,51,73,63,46,23,12,3,3,272,..,0,19,24,30,22,0,3,7,107,508,..,..,..,..,..,..,..,..,508,..,63,..,..,..,..,..,..,..,63,..,71,34,11,9,5,0,0,0,137,..,13,3,4,3,9,3,3,0,36,..,12,0,4,0,0,0,0,0,15,..,9,21,3,3,11,11,3,0,66,..,30,38,34,44,70,80,38,24,363,9,12,6,14,11,6,7,0,0,68,0,0,0,0,0,0,0,0,0,0,517,267,312,311,344,375,305,126,54,2605
LGA55530,..,0,0,0,0,0,0,0,0,0,..,0,0,0,0,0,0,0,0,0,..,0,0,0,0,4,5,0,0,8,0,3,0,0,0,3,0,0,0,10,0,0,0,0,0,0,0,0,0,0,36,11,11,27,21,20,17,12,0,152,..,0,11,26,30,32,19,20,0,135,..,3,12,7,5,6,4,0,0,46,..,0,0,0,0,0,0,0,0,11,68,..,..,..,..,..,..,..,..,68,..,0,..,..,..,..,..,..,..,0,..,10,3,0,0,0,0,0,0,18,..,0,0,0,0,0,0,0,0,6,..,0,0,0,0,0,0,0,0,0,..,0,0,0,0,0,0,0,0,0,..,0,3,3,0,13,19,5,0,45,5,3,0,4,5,3,3,0,0,21,0,0,0,0,0,0,0,0,0,0,71,20,33,45,46,54,45,19,3,341
LGA55600,..,3,0,4,0,0,0,0,0,12,..,10,3,0,0,3,0,0,0,14,..,5,7,12,6,18,21,24,8,108,4,8,5,0,0,7,0,0,0,28,0,0,0,0,0,0,0,0,0,0,180,90,109,108,131,130,107,60,22,941,..,0,45,99,157,177,144,65,8,702,..,28,58,39,40,18,8,0,0,200,..,3,21,22,19,10,6,3,3,88,360,..,..,..,..,..,..,..,..,360,..,35,..,..,..,..,..,..,..,35,..,45,27,4,8,0,0,0,0,79,..,12,3,3,5,0,7,3,3,45,..,7,9,6,0,0,0,0,0,18,..,11,12,3,6,3,4,0,0,38,..,18,29,22,36,50,49,47,21,261,5,9,10,10,6,13,8,0,0,58,0,0,0,0,0,0,0,0,0,0,367,182,209,207,264,284,228,124,33,1886
LGA55670,..,0,0,0,0,0,0,0,0,0,..,0,0,0,0,0,0,0,0,3,..,6,0,0,6,6,11,5,4,31,0,0,0,0,0,6,0,0,0,5,0,0,0,0,0,0,0,0,0,0,51,24,27,29,27,36,31,18,5,243,..,0,21,25,32,35,39,12,7,178,..,12,14,17,3,4,7,4,0,66,..,0,3,7,4,9,4,0,0,16,105,..,..,..,..,..,..,..,..,105,..,9,..,..,..,..,..,..,..,9,..,15,5,0,5,0,0,0,0,19,..,8,4,0,0,0,3,0,0,10,..,0,0,0,0,0,0,0,0,6,..,0,4,0,0,0,6,0,0,9,..,0,3,5,19,16,18,11,10,71,4,0,0,0,4,6,5,0,0,19,0,0,0,0,0,0,0,0,0,0,110,43,53,55,66,69,70,31,20,508
LGA55740,..,8,12,9,3,0,3,0,0,32,..,49,67,10,4,9,3,6,0,148,..,47,66,70,46,99,119,117,48,619,12,15,17,11,9,15,8,3,0,88,4,4,3,0,0,0,0,0,0,15,742,615,491,558,663,518,430,265,88,4366,..,3,212,664,868,614,510,258,55,3192,..,51,230,127,106,75,57,21,0,666,..,0,14,40,104,65,16,11,10,264,1415,..,..,..,..,..,..,..,..,1415,..,659,..,..,..,..,..,..,..,659,..,173,111,17,14,9,4,0,0,329,..,27,31,6,3,8,17,10,7,102,..,17,25,6,3,0,0,0,0,57,..,75,116,22,21,26,14,13,4,285,..,73,146,151,109,199,223,174,74,1147,28,27,29,20,14,19,16,12,5,162,10,4,3,0,4,3,4,3,0,26,1446,1098,915,1062,1257,1014,861,497,150,8303
LGA55810,..,0,0,0,0,0,0,0,0,0,..,0,0,0,0,0,3,0,0,6,..,0,0,0,3,12,10,0,0,24,0,0,0,0,0,4,6,0,0,11,0,0,0,0,0,0,0,0,0,0,24,6,10,30,16,32,22,6,0,139,..,0,0,14,10,15,13,8,0,67,..,0,4,7,10,13,3,0,0,40,..,0,3,11,0,3,0,0,0,12,49,..,..,..,..,..,..,..,..,49,..,4,..,..,..,..,..,..,..,4,..,5,0,0,0,0,0,0,0,5,..,0,0,0,0,0,0,0,0,3,..,0,0,0,0,0,0,0,0,5,..,0,0,0,3,5,6,4,0,19,..,0,7,5,9,17,17,0,0,46,0,4,0,0,0,9,7,0,0,18,0,0,0,0,0,0,0,0,0,0,49,10,19,36,36,57,49,14,7,273
LGA55880,..,0,3,0,0,0,0,0,0,0,..,0,0,0,0,0,0,0,0,3,..,4,0,0,5,4,0,0,0,11,0,0,0,0,0,0,0,0,0,0,0,0,0,0,0,0,0,0,0,0,35,7,23,25,28,35,15,8,3,178,..,0,14,20,39,48,21,9,4,162,..,0,10,18,8,3,0,0,0,40,..,0,0,3,0,3,0,0,0,15,67,..,..,..,..,..,..,..,..,67,..,3,..,..,..,..,..,..,..,3,..,5,5,6,0,0,0,0,0,22,..,0,0,0,0,0,0,0,0,3,..,0,3,0,0,0,0,0,0,0,..,0,0,0,0,0,3,0,0,6,..,4,7,3,17,13,6,3,6,61,6,0,0,0,0,0,0,0,0,4,0,0,0,0,0,0,0,0,0,0,73,14,41,56,67,74,41,15,9,377
LGA55950,..,0,0,0,0,0,0,0,0,0,..,0,0,0,0,0,0,0,0,3,..,0,3,0,6,7,4,14,0,29,0,0,0,0,0,0,0,0,0,8,0,0,0,0,0,0,0,0,0,0,44,16,25,29,34,39,26,28,0,241,..,4,27,37,52,46,47,26,4,245,..,4,12,3,4,5,0,0,0,23,..,0,0,7,3,5,0,0,0,11,99,..,..,..,..,..,..,..,..,99,..,7,..,..,..,..,..,..,..,7,..,7,3,3,0,0,0,0,0,23,..,0,0,0,0,0,0,0,0,3,..,0,0,0,0,0,0,0,0,0,..,0,0,0,0,5,0,0,0,4,..,4,9,6,7,16,8,11,0,65,0,0,3,5,0,0,5,0,0,15,0,0,0,0,0,0,0,0,0,0,101,37,54,62,70,75,62,40,8,504
LGA56090,..,56,20,11,17,16,11,4,0,130,..,20,36,21,57,45,47,15,4,237,..,14,60,54,146,301,440,365,169,1563,58,70,63,35,34,39,39,29,11,365,0,4,3,0,0,5,0,0,0,10,3027,1880,1718,2185,2647,2665,2175,1151,346,17796,..,22,1137,2377,3080,3355,2777,1368,230,14344,..,202,903,753,672,535,235,79,10,3392,..,17,135,292,433,277,134,87,55,1420,6185,..,..,..,..,..,..,..,..,6185,..,1807,..,..,..,..,..,..,..,1807,..,1407,653,221,146,69,13,0,0,2508,..,140,86,35,60,102,119,99,55,697,..,104,64,24,39,32,20,8,0,292,..,59,85,54,106,110,90,27,4,532,..,47,172,172,354,578,715,530,240,2791,109,125,105,90,71,58,60,43,17,674,0,6,10,3,4,7,0,0,0,28,6294,3937,3339,4029,4960,5112,4169,2229,608,34673
LGA56160,..,0,0,0,0,0,0,0,0,0,..,0,0,0,0,0,0,0,0,0,..,0,0,0,0,0,0,0,0,4,0,0,0,0,0,0,0,0,0,0,0,0,0,0,0,0,0,0,0,0,15,0,10,7,10,7,3,0,0,49,..,0,3,3,8,11,4,0,0,25,..,0,4,0,3,0,0,0,0,11,..,0,0,4,0,0,0,0,0,6,26,..,..,..,..,..,..,..,..,26,..,0,..,..,..,..,..,..,..,0,..,0,0,0,0,0,0,0,0,0,..,3,0,0,0,0,0,0,0,3,..,0,0,0,0,0,0,0,0,0,..,0,0,0,0,0,0,0,0,0,..,0,4,0,3,0,0,0,0,8,0,0,0,0,0,0,0,0,0,3,0,0,0,0,0,0,0,0,0,0,26,3,12,11,16,13,5,0,0,91
LGA56230,..,20,24,4,8,4,4,0,0,62,..,18,12,8,19,25,19,10,0,121,..,12,22,35,78,143,193,203,84,767,28,46,13,15,21,24,24,9,0,194,0,0,3,4,0,0,0,0,0,8,1492,889,833,963,1056,1146,1104,639,167,8288,..,29,528,907,1144,1339,1397,799,155,6291,..,179,415,329,275,254,140,45,9,1645,..,19,129,196,203,106,62,38,20,773,2993,..,..,..,..,..,..,..,..,2993,..,633,..,..,..,..,..,..,..,633,..,594,221,110,67,41,3,0,0,1031,..,71,39,18,24,38,69,33,31,312,..,50,49,19,12,13,8,3,0,156,..,34,49,24,40,52,35,18,5,266,..,30,87,105,204,318,408,340,126,1630,63,85,47,38,43,44,51,18,0,386,3,0,4,3,3,0,0,0,0,12,3056,1725,1571,1749,2011,2202,2184,1291,344,16130
LGA56300,..,0,0,0,0,0,0,0,0,5,..,0,0,0,0,10,0,0,0,15,..,0,0,4,11,28,28,16,8,91,6,0,5,0,0,7,0,3,0,26,0,0,0,0,0,0,0,0,0,3,82,32,47,74,72,141,130,58,11,630,..,0,20,68,65,126,176,73,14,538,..,0,25,36,30,33,28,10,0,157,..,0,7,4,12,8,0,5,0,42,160,..,..,..,..,..,..,..,..,160,..,33,..,..,..,..,..,..,..,33,..,29,9,11,0,4,0,0,0,53,..,0,0,0,0,3,4,3,0,14,..,8,5,0,4,4,0,0,0,16,..,0,0,0,3,19,4,0,0,35,..,0,5,21,30,45,58,27,8,185,9,0,4,3,3,11,3,4,0,38,0,0,0,0,0,0,0,0,0,7,170,70,80,148,136,249,280,129,24,1278
LGA56370,..,0,0,0,0,0,0,0,0,0,..,0,0,0,0,0,0,0,0,3,..,4,4,0,0,9,5,3,4,25,0,0,0,0,0,3,0,0,0,5,0,0,0,0,0,0,0,0,0,0,64,10,39,33,34,48,31,28,14,289,..,0,36,38,51,58,42,40,10,279,..,7,23,8,8,9,7,3,0,68,..,0,8,3,0,3,0,3,0,15,127,..,..,..,..,..,..,..,..,127,..,0,..,..,..,..,..,..,..,0,..,12,3,0,0,3,0,0,0,20,..,0,0,0,0,0,0,0,0,4,..,0,0,0,0,0,0,0,0,3,..,0,3,5,6,0,5,0,0,11,..,3,10,4,4,19,17,7,3,71,0,4,0,3,0,3,0,0,0,13,0,0,0,0,0,0,0,0,0,0,127,29,82,66,70,86,69,48,21,612
LGA56460,..,8,0,0,0,0,0,0,0,9,..,7,12,8,11,7,0,0,0,43,..,14,20,20,44,58,66,71,35,327,7,14,8,4,8,8,3,0,0,47,0,0,0,0,0,0,0,0,0,0,372,222,229,257,254,304,218,146,55,2061,..,9,140,234,261,333,282,135,27,1420,..,67,110,64,59,41,18,3,0,362,..,5,35,57,50,29,16,10,6,208,719,..,..,..,..,..,..,..,..,719,..,123,..,..,..,..,..,..,..,123,..,121,41,25,23,10,3,0,0,216,..,18,14,0,3,14,16,10,0,78,..,20,10,6,3,0,0,0,0,31,..,19,35,12,19,14,5,10,0,113,..,38,69,39,94,118,127,98,55,625,13,18,13,12,14,9,6,6,0,95,0,0,0,0,0,0,0,0,0,4,733,435,460,453,525,568,474,268,94,4011
LGA56580,..,23,19,3,4,3,0,0,0,55,..,138,105,10,11,17,15,6,4,312,..,22,28,28,63,139,266,237,184,963,14,30,30,26,13,13,12,7,4,151,0,4,3,0,0,7,9,0,0,25,1938,1378,830,1280,1598,1364,1196,698,289,10575,..,7,478,1781,2380,1937,1656,878,212,9332,..,65,333,192,184,152,81,27,5,1034,..,7,13,111,195,158,52,27,19,581,4069,..,..,..,..,..,..,..,..,4069,..,1970,..,..,..,..,..,..,..,1970,..,394,378,77,49,19,15,0,0,926,..,73,35,9,11,30,34,42,31,265,..,52,46,4,4,3,3,0,0,112,..,280,279,38,17,34,21,20,4,698,..,46,75,71,137,221,377,333,221,1477,34,63,56,47,32,20,29,20,3,297,0,4,10,4,5,15,9,0,5,52,4106,2951,1709,2354,3005,2589,2272,1343,500,20826
LGA56620,..,0,0,0,0,0,0,0,0,0,..,0,0,0,5,5,0,0,0,7,..,0,6,6,9,11,5,0,0,36,5,6,13,0,9,3,0,0,0,37,0,0,0,0,0,0,0,0,0,0,138,111,119,92,87,68,25,3,0,649,..,41,85,104,72,40,20,0,0,360,..,16,14,6,4,0,0,0,0,42,..,10,27,28,21,17,4,3,0,108,277,..,..,..,..,..,..,..,..,277,..,38,..,..,..,..,..,..,..,38,..,71,23,14,5,0,0,0,0,112,..,42,27,23,30,20,15,3,0,153,..,0,0,0,0,0,0,0,0,0,..,0,3,0,3,5,0,0,0,10,..,3,8,18,20,23,6,4,0,83,10,17,11,4,7,3,0,3,0,58,0,0,0,0,0,0,0,0,0,0,289,233,207,188,164,103,46,10,3,1241
LGA56730,..,13,5,6,3,3,0,0,0,33,..,20,11,8,13,23,10,4,0,92,..,6,28,32,96,155,154,112,62,649,20,22,12,6,14,5,12,0,0,103,0,0,0,0,0,0,0,0,0,0,904,514,507,548,703,761,628,323,97,4981,..,21,299,504,621,743,764,352,42,3340,..,147,254,172,178,179,68,12,0,1019,..,11,76,129,150,71,43,30,14,522,1805,..,..,..,..,..,..,..,..,1805,..,334,..,..,..,..,..,..,..,334,..,365,147,70,48,22,3,0,0,656,..,60,15,15,16,38,48,27,17,233,..,18,27,9,16,11,4,0,0,86,..,44,39,24,30,43,31,12,0,223,..,25,76,78,164,290,276,190,82,1184,38,40,34,18,33,25,30,3,0,216,0,0,0,0,0,0,0,0,0,0,1845,1061,972,1020,1254,1419,1259,626,165,9627
LGA56790,..,3,0,0,0,0,0,0,0,5,..,5,5,0,0,0,3,4,0,17,..,0,4,3,24,35,39,30,15,154,11,3,7,11,9,13,12,8,0,76,0,0,0,0,0,0,0,0,0,0,189,69,104,142,158,241,226,102,33,1257,..,0,46,132,146,281,282,138,34,1052,..,26,83,61,53,67,47,6,0,337,..,0,4,26,22,8,10,7,7,76,389,..,..,..,..,..,..,..,..,389,..,39,..,..,..,..,..,..,..,39,..,58,21,8,19,0,0,0,0,105,..,9,3,3,3,9,10,7,3,44,..,8,9,0,4,3,3,0,0,20,..,6,4,0,0,4,5,4,0,31,..,4,17,15,62,96,100,54,25,374,16,12,17,22,20,21,23,14,0,150,0,0,0,0,0,0,0,0,0,0,406,162,195,261,326,488,490,230,63,2630
LGA56860,..,0,0,0,0,0,0,0,0,0,..,0,0,0,0,0,0,0,0,0,..,0,0,0,0,0,0,0,0,13,0,4,0,0,0,0,0,0,0,4,0,0,0,0,0,0,0,0,0,0,12,13,6,4,11,19,12,3,0,95,..,0,6,6,6,20,22,6,0,65,..,8,11,5,8,4,3,0,0,39,..,0,0,3,0,0,0,0,0,5,27,..,..,..,..,..,..,..,..,27,..,0,..,..,..,..,..,..,..,0,..,6,0,0,0,0,0,0,0,9,..,0,0,0,0,3,0,0,0,7,..,0,0,0,0,0,0,0,0,0,..,0,0,0,0,0,0,0,0,0,..,4,0,0,3,9,10,4,0,30,0,6,0,0,0,0,0,0,0,10,0,0,0,0,0,0,0,0,0,0,27,30,14,13,21,36,37,12,0,195
LGA56930,..,3,6,0,0,0,0,0,0,12,..,0,4,0,0,0,0,0,0,3,..,6,6,8,3,4,19,14,7,82,3,0,5,0,0,0,0,0,0,13,0,0,0,0,0,0,0,0,0,3,123,140,53,61,112,114,90,53,26,769,..,0,18,69,164,173,122,68,29,641,..,6,35,6,12,10,3,0,0,71,..,0,4,3,18,10,7,0,4,38,217,..,..,..,..,..,..,..,..,217,..,174,..,..,..,..,..,..,..,174,..,34,25,4,4,0,0,0,0,61,..,0,0,0,0,0,5,7,0,9,..,3,12,0,0,0,0,0,0,17,..,4,4,0,0,0,0,0,0,12,..,10,7,16,6,16,29,21,14,113,7,5,11,0,0,6,0,0,0,24,0,0,0,0,0,0,0,0,0,3,221,239,110,104,210,214,168,93,42,1396
LGA57000,..,0,0,0,0,0,0,0,0,0,..,0,0,0,0,0,0,0,0,0,..,6,0,0,0,4,4,0,3,21,0,0,0,0,0,0,0,0,0,0,0,0,0,0,0,0,0,0,0,0,32,11,15,15,24,26,18,5,3,155,..,0,9,24,33,29,18,7,0,124,..,5,7,8,5,6,0,4,0,41,..,0,0,3,0,0,0,0,0,11,62,..,..,..,..,..,..,..,..,62,..,8,..,..,..,..,..,..,..,8,..,12,0,0,0,0,0,0,0,15,..,0,0,0,0,4,0,0,3,7,..,0,0,0,0,0,0,0,0,0,..,0,0,0,0,0,0,0,0,3,..,6,6,3,5,9,9,5,5,44,0,0,4,0,0,0,0,0,0,9,0,0,0,0,0,0,0,0,0,0,62,26,29,39,46,54,37,14,11,316
LGA57080,..,44,59,18,4,0,3,0,0,129,..,449,589,109,18,23,11,5,4,1222,..,240,658,403,246,265,242,137,70,2259,0,40,51,24,13,9,15,0,3,163,0,4,8,3,8,7,3,0,0,38,866,1445,3437,1773,1021,965,786,343,103,10726,..,61,1665,1686,851,953,861,422,63,6569,..,443,1826,589,259,176,106,27,4,3438,..,4,27,130,194,97,48,21,5,527,1755,..,..,..,..,..,..,..,..,1755,..,346,..,..,..,..,..,..,..,346,..,143,136,46,34,10,3,0,0,373,..,180,168,36,19,29,39,10,9,484,..,97,138,41,3,3,6,0,0,287,..,848,1314,272,69,62,32,14,0,2613,..,472,1518,1109,685,658,519,245,98,5301,13,67,110,46,32,24,21,4,4,322,3,8,16,3,11,12,13,0,0,68,1772,2669,6925,3954,2155,2030,1639,749,192,22082
LGA57140,..,0,0,0,0,0,0,0,0,4,..,0,0,0,0,0,0,0,0,0,..,0,0,0,4,18,20,18,6,70,0,3,0,0,4,0,0,0,0,15,0,0,0,0,0,0,0,0,0,0,71,27,44,38,54,78,74,46,10,453,..,0,24,45,59,92,96,49,12,372,..,12,29,17,8,17,3,0,0,83,..,0,5,10,13,8,3,3,0,43,158,..,..,..,..,..,..,..,..,158,..,10,..,..,..,..,..,..,..,10,..,26,15,9,4,4,0,0,0,50,..,6,0,0,3,0,3,3,5,20,..,0,0,0,0,0,0,0,0,7,..,4,0,5,0,0,0,0,0,7,..,10,4,3,13,44,39,31,12,154,3,5,0,0,3,5,6,0,0,23,0,0,0,0,0,0,0,0,0,0,165,73,84,86,102,164,150,92,25,932
LGA57210,..,0,3,0,0,0,0,0,0,7,..,4,3,0,8,15,6,3,0,34,..,11,8,10,24,61,71,49,25,255,10,4,8,4,6,7,4,4,0,63,0,0,0,0,0,0,0,0,0,3,374,192,214,252,342,393,348,138,47,2299,..,23,149,250,377,480,418,177,32,1900,..,43,115,90,98,69,61,16,5,488,..,4,21,43,54,19,13,9,10,174,786,..,..,..,..,..,..,..,..,786,..,157,..,..,..,..,..,..,..,157,..,145,49,19,6,7,0,0,0,232,..,12,4,8,9,5,23,4,11,69,..,5,3,3,7,6,0,0,0,31,..,7,14,14,23,28,15,6,0,104,..,22,15,35,67,132,161,80,37,555,25,15,22,12,22,16,11,9,4,121,0,0,0,0,0,0,0,0,0,5,812,431,398,463,658,773,717,297,90,4635
LGA57280,..,17,13,9,6,7,0,0,0,48,..,18,40,20,27,4,7,0,0,125,..,56,107,61,71,93,38,6,0,437,25,25,37,27,24,43,31,11,0,214,0,0,4,0,3,0,4,0,0,12,1701,642,1299,1110,717,549,203,45,16,6273,..,23,756,1201,756,587,148,21,0,3486,..,231,898,519,294,163,35,5,0,2147,..,28,113,152,103,64,28,13,5,501,3350,..,..,..,..,..,..,..,..,3350,..,308,..,..,..,..,..,..,..,308,..,365,119,41,12,4,0,0,0,552,..,137,64,38,36,59,35,19,6,389,..,36,43,15,23,12,3,0,0,131,..,42,100,59,65,47,22,0,0,326,..,104,292,233,247,267,88,29,7,1261,55,44,71,49,46,71,66,21,3,435,0,0,5,4,3,0,4,0,0,14,3410,1317,2455,2307,1587,1284,421,101,20,12909
LGA57350,..,0,0,0,0,0,0,0,0,0,..,0,0,0,0,0,0,0,0,5,..,0,5,0,3,8,9,11,3,46,6,0,4,0,0,6,4,0,0,13,0,0,0,0,0,0,0,0,0,0,65,16,41,29,42,62,56,35,11,355,..,0,25,33,46,64,70,41,12,291,..,3,22,6,3,14,7,0,0,62,..,0,0,7,0,5,3,0,0,22,107,..,..,..,..,..,..,..,..,107,..,3,..,..,..,..,..,..,..,3,..,9,6,5,0,4,0,0,0,22,..,6,0,0,0,3,5,0,0,23,..,0,0,3,0,0,0,0,0,4,..,0,0,0,5,0,0,0,0,7,..,3,5,5,12,22,30,18,9,104,6,0,3,0,3,4,3,0,0,22,0,0,0,0,0,0,0,0,0,0,115,32,69,55,75,114,127,69,22,675
LGA57420,..,0,0,0,0,0,0,0,0,5,..,0,3,4,3,3,0,0,0,14,..,5,14,4,14,16,16,18,11,107,3,4,4,0,0,6,3,0,0,22,0,0,0,0,0,0,0,0,0,0,172,54,127,104,96,119,82,60,13,822,..,0,96,105,109,136,100,64,9,619,..,22,62,48,36,35,15,3,0,228,..,0,5,19,13,12,4,5,0,60,340,..,..,..,..,..,..,..,..,340,..,22,..,..,..,..,..,..,..,22,..,26,11,4,9,5,0,0,0,54,..,9,4,4,0,4,0,5,0,22,..,7,0,0,0,0,0,0,0,11,..,3,6,5,3,6,0,0,0,27,..,8,38,20,48,53,47,33,14,263,7,8,8,10,9,5,11,6,0,56,0,0,4,0,0,0,0,0,0,4,341,107,240,207,229,258,181,113,26,1708
LGA57490,..,185,114,42,25,31,21,3,0,426,..,216,230,89,144,156,112,44,10,1003,..,207,538,419,632,1166,1335,1147,479,5922,213,242,161,116,104,140,101,46,7,1126,8,5,8,8,5,17,15,7,0,80,13684,7675,8743,9054,8672,7336,5364,2994,936,64456,..,236,5431,9370,9745,8724,6201,3253,599,43554,..,1633,4743,2724,1985,1191,451,146,18,12891,..,195,1206,1880,1746,809,346,227,151,6552,27756,..,..,..,..,..,..,..,..,27756,..,6179,..,..,..,..,..,..,..,6179,..,4895,1928,562,383,208,43,0,0,8017,..,643,420,195,231,390,356,202,121,2561,..,371,311,147,100,82,42,10,3,1061,..,488,637,240,313,339,234,89,21,2363,..,455,1354,1215,1544,2201,2155,1673,696,11290,424,440,339,288,241,226,173,70,13,2211,10,7,16,16,15,27,18,9,0,134,28195,15540,16390,16641,16298,14182,10026,5669,1632,124560
LGA57630,..,0,0,0,0,0,0,0,0,0,..,0,0,0,0,0,0,0,0,0,..,0,4,0,0,3,3,0,0,7,0,0,0,0,0,0,0,0,0,0,0,0,0,0,0,0,0,0,0,0,0,0,4,0,5,11,8,0,0,22,..,0,0,0,0,12,11,3,0,27,..,0,0,0,0,5,0,0,0,10,..,0,0,0,0,0,0,0,0,0,0,..,..,..,..,..,..,..,..,0,..,0,..,..,..,..,..,..,..,0,..,0,0,0,0,0,0,0,0,0,..,0,0,0,0,0,0,0,0,0,..,0,0,0,0,0,0,0,0,0,..,0,0,0,0,0,0,0,0,3,..,0,4,0,3,9,3,7,0,21,0,0,0,0,0,0,0,0,0,0,0,0,0,0,0,0,0,0,0,0,0,3,6,3,9,22,21,11,0,64
LGA57700,..,36,33,12,12,10,3,0,0,111,..,30,41,18,29,35,18,8,0,173,..,34,104,84,85,172,152,89,38,763,55,49,44,18,30,27,29,16,4,273,3,0,0,0,5,9,9,0,0,25,3776,1797,2481,2261,1920,1595,1000,418,110,15362,..,107,1944,2756,2315,2042,1340,564,82,11150,..,340,1212,713,514,303,103,14,4,3215,..,39,247,329,317,128,61,36,21,1177,7675,..,..,..,..,..,..,..,..,7675,..,1344,..,..,..,..,..,..,..,1344,..,1226,442,115,76,43,4,0,0,1897,..,144,92,43,52,104,106,65,33,634,..,78,77,40,31,25,13,6,5,274,..,64,88,51,70,69,40,13,0,387,..,70,272,235,219,296,251,147,54,1538,103,96,81,39,53,55,39,21,10,501,8,0,0,4,4,6,9,0,0,39,7789,3503,4459,4320,3647,3068,1963,873,207,29820
LGA57770,..,3,0,0,0,0,0,0,0,5,..,6,0,0,0,3,4,0,0,19,..,4,5,3,12,13,14,11,0,55,0,4,3,5,0,8,3,0,0,31,0,0,0,0,0,0,0,0,0,0,61,25,61,49,45,71,56,21,3,387,..,0,20,49,24,53,64,18,0,236,..,0,40,30,17,25,10,4,0,130,..,0,3,6,8,0,0,0,0,19,123,..,..,..,..,..,..,..,..,123,..,6,..,..,..,..,..,..,..,6,..,9,4,0,0,0,0,0,0,12,..,0,3,0,0,0,0,0,0,3,..,3,0,0,0,0,0,0,0,5,..,8,0,0,0,6,5,0,0,30,..,5,12,10,29,29,34,18,4,141,0,4,5,8,9,14,18,3,0,65,0,0,0,0,0,0,0,0,0,0,124,42,92,105,86,139,132,49,8,781
LGA57840,..,62,55,15,9,8,0,0,0,150,..,462,329,56,32,41,42,16,0,975,..,181,429,313,298,553,685,514,289,3257,34,84,69,36,29,50,45,22,7,372,6,7,8,5,9,8,14,0,0,49,2790,2590,3077,2773,2615,2584,2274,1168,455,20322,..,45,1554,3246,3098,2876,2645,1146,249,14858,..,346,1582,679,439,335,229,57,10,3664,..,10,91,288,424,282,119,64,50,1327,5778,..,..,..,..,..,..,..,..,5778,..,2067,..,..,..,..,..,..,..,2067,..,803,590,174,91,57,6,0,0,1728,..,472,243,52,53,84,73,78,41,1092,..,140,138,33,22,13,7,0,0,353,..,912,823,150,81,85,86,35,8,2184,..,330,881,670,647,934,1077,724,383,5648,67,161,140,94,66,82,74,34,9,720,10,10,13,10,10,14,19,0,0,89,5853,5292,6061,5388,4934,4762,4331,2141,752,39516
LGA57910,..,264,387,74,47,36,14,0,0,831,..,997,1744,373,250,265,175,79,15,3898,..,451,2030,1803,1632,2542,3270,2774,1552,16049,159,310,332,176,158,172,174,105,55,1633,17,20,32,17,23,57,28,5,4,215,17852,11601,18126,16719,13660,11904,10212,6429,2605,109107,..,416,11038,18915,15604,12864,10777,6226,1586,77425,..,1554,8544,4507,2340,1536,752,222,36,19499,..,100,805,2052,2719,1621,715,502,355,8870,36309,..,..,..,..,..,..,..,..,36309,..,10777,..,..,..,..,..,..,..,10777,..,5039,3427,1114,762,469,87,6,0,10903,..,1177,1166,387,372,577,561,350,211,4804,..,580,933,240,132,102,38,13,4,2045,..,1967,3913,1030,636,570,400,163,35,8702,..,865,3969,3822,3531,4617,5075,3774,2050,27706,375,556,700,433,353,353,281,159,74,3275,28,30,64,35,44,81,59,19,4,367,36711,23062,34570,32529,26506,22782,18732,11438,4352,210682
LGA57980,..,15,20,3,0,5,0,0,0,40,..,137,168,23,10,17,11,7,3,372,..,81,271,166,127,263,326,280,144,1656,13,26,23,15,12,20,13,4,0,131,0,0,5,0,0,0,3,0,0,15,1311,894,1305,1196,1054,977,897,573,200,8415,..,14,548,1392,1230,1013,969,503,110,5767,..,123,739,259,202,171,100,43,6,1646,..,3,27,117,194,118,41,29,6,545,2574,..,..,..,..,..,..,..,..,2574,..,850,..,..,..,..,..,..,..,850,..,227,152,42,27,13,0,0,0,460,..,76,52,16,7,20,37,19,16,240,..,25,34,9,8,3,0,0,0,83,..,227,313,40,20,24,32,14,0,689,..,144,515,335,280,449,541,411,175,2849,22,48,51,30,23,32,18,9,0,236,0,0,11,0,6,5,10,0,0,35,2598,1728,2439,2260,1997,1853,1742,1034,320,15968
LGA58050,..,211,187,77,62,39,23,10,3,605,..,259,298,125,151,199,124,26,11,1190,..,243,690,520,697,1169,1237,790,344,5695,210,263,216,121,94,127,99,60,24,1204,9,8,19,7,10,46,35,7,0,139,15453,8831,11424,10941,9564,8111,5261,2527,778,72888,..,336,8266,12987,11030,9436,6108,2678,505,51349,..,1536,4861,2883,1993,1205,438,120,9,13049,..,187,1193,1834,1999,1124,464,266,134,7196,31598,..,..,..,..,..,..,..,..,31598,..,7477,..,..,..,..,..,..,..,7477,..,5785,2808,800,426,201,46,3,0,10075,..,922,797,283,337,560,584,344,156,3977,..,445,513,224,167,90,64,19,8,1529,..,533,922,449,373,420,254,67,17,3037,..,454,1684,1451,1644,2217,2024,1203,485,11163,415,489,453,318,229,230,173,104,37,2441,14,11,30,14,21,66,50,13,6,217,32025,18196,21520,21241,18208,15548,10210,4810,1352,143108
LGA58190,..,0,0,0,0,0,0,0,0,6,..,0,0,0,0,0,4,0,0,4,..,0,0,0,0,4,4,5,0,17,0,0,0,0,0,0,0,0,0,4,0,0,0,0,0,0,0,0,0,0,26,9,10,26,20,15,16,9,0,135,..,0,12,19,33,28,13,12,0,113,..,0,10,6,7,10,0,0,0,30,..,0,0,5,0,0,0,0,0,17,57,..,..,..,..,..,..,..,..,57,..,8,..,..,..,..,..,..,..,8,..,13,7,0,0,3,0,0,0,19,..,0,3,0,0,0,4,0,0,9,..,0,3,0,0,0,0,0,0,7,..,0,0,0,0,0,4,0,0,4,..,6,5,5,7,14,8,9,0,51,0,0,0,0,0,0,0,0,0,3,0,0,0,0,0,0,0,0,0,0,57,28,37,31,45,52,34,22,9,313
LGA58260,..,0,0,0,0,0,0,0,0,0,..,0,0,0,0,0,0,0,0,0,..,0,0,0,0,6,3,5,0,15,0,0,0,0,0,3,0,0,0,6,0,0,0,0,0,0,0,0,0,0,43,13,25,29,32,30,28,17,3,218,..,5,21,29,33,29,38,22,0,182,..,8,11,17,14,3,3,0,3,61,..,0,4,9,0,0,0,0,0,17,91,..,..,..,..,..,..,..,..,91,..,11,..,..,..,..,..,..,..,11,..,4,0,0,0,0,0,0,0,11,..,0,0,0,0,0,0,4,0,3,..,0,0,0,0,0,0,0,0,0,..,0,0,0,0,0,0,0,0,0,..,3,3,13,5,23,17,9,0,66,0,0,0,0,0,5,0,0,0,15,0,0,0,0,0,0,0,0,0,0,91,28,48,66,63,64,59,32,4,461
LGA58330,..,9,0,0,3,0,0,0,0,17,..,0,0,3,6,17,10,5,0,42,..,5,7,6,21,56,63,38,14,204,11,4,14,11,11,3,0,0,0,43,0,0,0,0,0,0,0,0,0,0,270,141,155,186,305,395,324,134,32,1950,..,0,65,177,320,480,436,195,21,1707,..,25,65,68,84,74,43,13,0,365,..,6,23,34,41,21,13,0,5,147,560,..,..,..,..,..,..,..,..,560,..,122,..,..,..,..,..,..,..,122,..,110,58,30,15,8,4,0,0,222,..,21,6,3,4,13,23,8,4,86,..,8,6,0,3,3,3,0,0,38,..,0,10,5,15,32,33,12,0,105,..,5,21,19,51,120,146,68,29,469,19,8,18,15,12,6,5,4,3,87,0,0,0,0,0,0,0,0,0,0,574,313,274,355,548,765,703,303,65,3901
LGA58400,..,0,0,0,0,0,0,0,0,0,..,0,0,0,0,0,0,0,0,0,..,0,0,0,0,3,6,4,0,20,0,0,0,0,0,0,0,0,0,3,0,0,0,0,0,0,0,0,0,0,12,12,11,6,20,19,16,10,0,107,..,0,9,9,21,23,18,9,0,83,..,3,11,0,0,3,3,0,0,26,..,0,0,4,4,0,0,0,0,12,21,..,..,..,..,..,..,..,..,21,..,10,..,..,..,..,..,..,..,10,..,3,5,0,0,0,0,0,0,5,..,0,0,0,0,0,0,3,0,4,..,0,0,0,0,0,0,0,0,0,..,0,0,0,0,3,0,0,0,3,..,6,0,0,9,19,18,9,0,56,0,0,0,0,0,0,0,0,0,5,0,0,0,0,0,0,0,0,0,0,24,22,25,15,32,49,46,18,0,239
LGA58470,..,0,0,0,0,0,0,0,0,0,..,0,0,0,0,0,0,0,0,0,..,0,5,0,5,0,0,0,0,6,0,0,0,0,0,0,0,0,0,7,0,0,0,0,0,0,0,0,0,0,23,10,15,14,11,7,3,0,0,76,..,0,0,12,4,5,3,0,0,29,..,4,3,0,6,3,0,0,0,25,..,0,0,0,0,5,5,0,0,6,40,..,..,..,..,..,..,..,..,40,..,0,..,..,..,..,..,..,..,0,..,4,0,0,0,0,0,0,0,8,..,0,3,3,5,5,0,0,0,20,..,3,0,0,0,0,0,0,0,5,..,0,5,0,0,0,0,0,0,5,..,0,5,0,11,4,0,0,0,19,4,0,6,5,0,0,0,0,0,12,0,0,0,0,0,0,0,0,0,0,45,14,19,18,28,20,15,0,0,168
LGA58510,..,102,100,15,9,5,0,0,0,228,..,441,428,81,58,39,28,10,0,1092,..,156,376,300,298,417,487,432,264,2723,29,70,72,31,30,46,29,11,7,305,0,4,6,4,3,12,8,0,0,38,2426,2060,3499,2669,1948,1660,1311,746,367,16677,..,91,2120,2982,2048,1622,1216,498,161,10747,..,424,1832,868,486,268,122,30,0,4029,..,13,83,247,320,240,104,53,41,1096,4851,..,..,..,..,..,..,..,..,4851,..,1075,..,..,..,..,..,..,..,1075,..,527,397,124,73,44,15,0,0,1171,..,355,263,64,45,72,87,35,20,949,..,200,233,65,28,18,4,3,0,548,..,905,1110,267,175,129,80,23,5,2698,..,298,830,731,673,892,889,662,351,5327,63,134,123,64,52,82,54,18,11,599,3,13,14,12,0,16,6,7,0,64,4919,4036,6997,5426,3903,3374,2575,1334,588,33146
LGA58540,..,0,0,0,0,0,0,0,0,0,..,0,0,0,0,0,0,0,0,3,..,0,5,3,0,4,13,6,0,31,0,0,0,0,0,0,0,0,0,3,0,0,0,0,0,0,0,0,0,0,54,15,36,39,43,56,40,19,3,307,..,0,25,52,54,84,49,27,3,289,..,6,29,15,12,13,10,0,0,81,..,0,0,0,5,0,0,3,0,15,106,..,..,..,..,..,..,..,..,106,..,5,..,..,..,..,..,..,..,5,..,14,4,4,0,3,0,0,0,29,..,0,0,0,0,5,0,0,0,8,..,0,0,0,0,0,0,0,0,0,..,0,0,0,0,0,0,0,0,3,..,5,7,3,14,18,26,10,3,80,0,0,0,4,0,0,0,0,0,12,0,0,0,0,0,0,0,0,0,0,109,35,63,78,89,124,86,40,7,638
LGA58570,..,45,89,22,3,3,0,0,0,164,..,434,715,114,40,29,18,11,0,1375,..,131,609,410,313,435,430,258,161,2755,19,45,71,31,23,16,29,8,7,249,0,3,11,6,9,3,9,0,0,31,2450,1836,3821,2828,2129,1726,1164,543,278,16769,..,44,1471,2901,2329,1711,1133,470,118,10174,..,363,2315,1083,593,423,159,34,3,4980,..,5,78,242,344,193,60,65,64,1054,4992,..,..,..,..,..,..,..,..,4992,..,1204,..,..,..,..,..,..,..,1204,..,495,303,97,87,79,16,0,0,1088,..,150,171,51,30,69,63,37,25,582,..,84,209,46,15,13,7,0,0,376,..,841,1500,311,114,106,57,24,5,2960,..,219,1172,970,736,829,718,383,217,5242,42,88,144,68,54,37,48,18,11,503,0,8,15,10,12,5,8,0,0,61,5037,3503,7371,5785,4317,3465,2263,1021,448,33212
LGA58610,..,0,0,0,0,0,0,0,0,0,..,0,0,0,0,6,4,0,0,17,..,6,3,7,13,28,23,19,16,110,4,5,0,0,0,0,3,0,0,14,0,0,0,0,0,0,0,0,0,0,112,56,74,81,90,116,121,58,23,728,..,0,37,86,75,124,148,65,10,550,..,22,54,20,19,28,6,0,0,158,..,0,10,13,16,9,7,10,4,66,245,..,..,..,..,..,..,..,..,245,..,32,..,..,..,..,..,..,..,32,..,29,9,7,11,3,3,0,0,66,..,4,4,4,0,5,0,4,0,21,..,0,6,0,0,0,0,0,0,7,..,8,3,4,9,6,14,0,0,41,..,9,15,14,36,50,47,42,18,241,4,4,7,3,7,8,3,0,0,29,0,0,0,0,0,0,0,0,0,0,249,115,143,164,170,230,234,130,35,1466
LGA58680,..,0,0,0,0,0,0,0,0,0,..,0,0,0,0,0,0,0,0,4,..,0,0,0,0,4,6,0,0,17,0,0,0,0,0,0,3,0,0,9,0,0,0,0,0,0,0,0,0,0,38,18,18,25,39,26,29,17,3,206,..,0,11,31,55,39,43,29,9,207,..,0,7,8,8,3,3,0,0,38,..,0,0,0,3,0,0,0,0,12,62,..,..,..,..,..,..,..,..,62,..,4,..,..,..,..,..,..,..,4,..,14,13,0,5,0,0,0,0,31,..,0,0,0,0,0,0,0,0,3,..,0,0,0,0,0,0,0,0,0,..,0,0,0,0,0,0,9,0,8,..,5,0,3,5,14,12,0,0,42,0,0,0,0,0,0,6,0,0,14,0,0,0,0,0,0,0,0,0,0,62,33,33,44,79,67,63,39,7,422
LGA58760,..,250,217,96,56,61,20,7,6,708,..,285,367,153,156,193,119,39,6,1316,..,226,758,616,814,1435,1658,1315,519,7344,223,308,235,138,117,140,136,71,30,1392,10,14,18,16,7,37,27,12,0,151,21746,12858,14529,15402,14032,10601,7393,3863,1072,101491,..,406,9786,18274,17305,13073,8898,4206,717,72665,..,1869,6953,4002,2735,1450,532,158,31,17722,..,244,1562,2575,2877,1563,671,315,133,9934,44170,..,..,..,..,..,..,..,..,44170,..,11559,..,..,..,..,..,..,..,11559,..,8676,4069,1033,570,235,36,3,0,14618,..,1137,846,350,373,645,697,400,210,4670,..,532,619,274,186,145,51,22,5,1833,..,642,1034,456,384,371,258,86,18,3267,..,514,1772,1734,2035,2533,2493,1840,708,13620,444,588,534,351,269,255,247,108,39,2827,27,23,43,27,17,58,51,16,5,268,44642,26179,27224,29081,26760,20332,13938,7155,1860,197163
LGA58820,..,0,6,0,0,0,0,0,0,12,..,0,0,4,9,9,11,0,0,28,..,6,9,12,22,40,51,42,20,201,5,6,0,4,5,9,3,0,0,47,0,0,0,0,0,0,0,0,0,0,337,182,171,226,261,303,259,128,47,1912,..,4,89,217,277,353,343,162,30,1478,..,18,96,91,78,61,27,12,0,381,..,0,19,39,44,24,10,4,8,147,647,..,..,..,..,..,..,..,..,647,..,147,..,..,..,..,..,..,..,147,..,160,46,11,13,3,0,0,0,233,..,6,7,0,7,14,15,12,5,62,..,13,12,7,0,4,3,0,0,29,..,5,12,8,8,21,22,4,0,84,..,9,25,30,67,97,105,68,34,438,11,20,10,11,10,13,11,6,0,75,0,0,0,0,0,0,0,0,0,4,655,376,311,419,501,580,530,263,78,3717
LGA58890,..,0,0,0,0,0,0,0,0,0,..,0,0,0,0,3,0,0,0,9,..,0,0,0,3,10,8,4,6,29,0,0,0,0,0,0,0,0,0,7,0,0,0,0,0,0,0,0,0,0,46,16,23,34,57,56,44,14,9,291,..,0,18,42,63,83,67,28,9,318,..,4,10,7,15,4,0,0,0,41,..,0,0,0,6,0,0,0,0,17,98,..,..,..,..,..,..,..,..,98,..,9,..,..,..,..,..,..,..,9,..,19,4,9,3,0,0,0,0,28,..,0,0,0,0,0,7,3,0,8,..,0,0,0,0,4,0,0,0,5,..,0,3,0,0,3,0,0,0,9,..,6,0,4,10,25,21,12,8,86,0,3,0,0,7,0,0,0,0,16,0,0,0,0,0,0,0,0,0,0,98,44,47,60,109,126,97,46,22,640
LGA59030,..,0,0,0,0,0,0,0,0,0,..,0,0,0,0,0,0,0,0,0,..,0,0,0,0,0,3,3,5,13,0,0,0,0,0,0,0,0,0,6,0,0,0,0,0,0,0,0,0,0,20,6,11,10,10,20,13,8,6,109,..,0,8,16,14,26,21,10,3,95,..,0,6,3,0,4,5,3,0,30,..,0,0,0,0,0,0,0,0,4,42,..,..,..,..,..,..,..,..,42,..,0,..,..,..,..,..,..,..,0,..,3,0,0,0,0,0,0,0,3,..,0,0,0,0,0,0,0,0,0,..,0,0,0,0,0,0,0,0,0,..,0,0,0,0,0,0,0,0,0,..,3,0,0,4,6,8,7,6,32,0,0,0,0,0,0,5,0,0,8,0,0,0,0,0,0,0,0,0,0,42,9,23,27,22,42,33,18,8,218
LGA59100,..,0,0,0,0,0,0,0,0,0,..,0,0,0,0,0,0,0,0,8,..,0,0,0,0,8,7,10,0,20,0,3,0,0,0,0,0,3,0,8,0,0,0,0,0,0,0,0,0,0,58,19,29,33,26,40,25,24,6,259,..,0,23,34,44,54,34,23,9,213,..,3,21,12,11,14,5,0,0,71,..,0,3,3,0,3,0,3,0,20,114,..,..,..,..,..,..,..,..,114,..,5,..,..,..,..,..,..,..,5,..,17,0,0,0,0,0,0,0,21,..,0,0,0,0,0,4,0,0,12,..,6,0,0,0,0,0,0,0,4,..,0,0,0,0,5,3,0,0,10,..,0,3,0,6,16,24,13,0,61,0,3,4,0,0,0,0,3,0,13,0,0,0,0,0,0,0,0,0,0,114,36,57,57,64,94,63,45,9,538
LGA59170,..,0,0,0,0,0,0,0,0,0,..,0,0,0,0,0,0,0,0,6,..,5,0,0,9,6,11,10,10,53,3,0,3,0,0,3,0,0,0,16,0,0,0,0,0,0,0,0,0,0,93,23,50,61,54,70,40,24,3,437,..,0,39,83,63,92,64,41,4,384,..,9,30,20,13,9,5,5,0,94,..,0,0,9,4,0,0,0,3,22,196,..,..,..,..,..,..,..,..,196,..,21,..,..,..,..,..,..,..,21,..,13,3,0,0,0,0,0,0,26,..,4,0,0,0,0,0,0,0,8,..,3,0,0,0,0,0,0,0,3,..,7,0,4,0,4,0,0,0,15,..,4,7,10,15,18,15,13,8,97,4,4,3,0,3,3,5,0,0,26,0,0,0,0,0,0,0,0,0,0,201,61,93,132,101,130,85,59,18,886
LGA59250,..,0,0,0,0,0,0,0,0,0,..,0,0,0,0,0,0,0,0,3,..,0,0,0,0,0,0,0,0,7,0,5,0,0,0,0,0,0,0,10,0,0,0,0,0,0,0,0,0,0,33,19,12,13,15,11,12,4,0,117,..,3,3,5,12,0,6,3,0,28,..,7,6,10,6,4,4,0,0,45,..,0,3,4,5,9,0,0,0,19,49,..,..,..,..,..,..,..,..,49,..,4,..,..,..,..,..,..,..,4,..,8,0,0,0,0,0,0,0,10,..,8,4,5,0,5,0,6,0,22,..,0,0,0,0,0,0,0,0,0,..,0,3,0,0,0,0,0,0,0,..,0,3,0,7,3,4,0,0,35,4,4,4,0,0,0,0,0,0,17,0,0,0,0,0,0,0,0,0,0,53,34,30,29,36,18,22,4,0,234
LGA59310,..,3,0,0,0,4,0,0,0,3,..,0,0,0,0,3,0,0,0,9,..,9,7,3,5,15,18,7,4,60,0,0,0,6,5,4,0,0,0,13,0,0,0,0,0,0,0,0,0,0,107,39,64,83,63,74,72,31,5,533,..,3,40,82,70,93,97,31,4,419,..,21,34,19,20,12,4,0,0,115,..,0,14,14,11,3,6,8,0,56,221,..,..,..,..,..,..,..,..,221,..,9,..,..,..,..,..,..,..,9,..,16,13,8,3,3,0,0,0,46,..,4,0,3,0,0,4,0,0,21,..,3,5,0,0,4,0,0,0,14,..,5,4,4,4,0,6,5,0,23,..,15,13,15,26,34,34,28,6,176,0,9,0,6,6,5,6,0,0,29,0,0,0,0,0,0,0,0,0,0,224,87,130,152,138,167,163,66,13,1135
LGA59320,..,0,0,0,0,0,0,0,0,3,..,0,0,0,0,0,0,0,0,0,..,0,0,0,0,7,9,0,0,16,0,5,0,0,0,0,0,0,0,5,0,0,0,0,0,0,0,0,0,0,36,17,15,29,24,30,20,6,0,186,..,0,15,25,30,48,20,7,3,149,..,4,17,8,3,5,11,0,0,52,..,0,0,3,4,3,0,0,0,12,85,..,..,..,..,..,..,..,..,85,..,8,..,..,..,..,..,..,..,8,..,9,4,3,0,0,0,0,0,22,..,0,0,0,0,0,4,0,0,3,..,0,0,0,0,0,0,0,0,5,..,0,0,0,0,3,0,0,0,8,..,0,0,3,8,10,11,5,0,42,0,5,0,0,0,0,0,0,0,8,0,0,0,0,0,0,0,0,0,0,87,34,38,44,47,72,49,10,0,388
LGA59330,..,0,0,0,0,0,0,0,0,0,..,0,0,5,0,0,0,0,0,7,..,5,7,0,4,3,13,7,0,38,0,3,0,0,0,0,0,0,0,9,0,0,0,0,0,0,0,0,0,0,29,16,18,19,19,28,30,25,0,183,..,0,15,15,26,25,25,36,0,135,..,0,14,6,4,12,3,0,0,35,..,0,0,5,4,0,0,0,0,15,56,..,..,..,..,..,..,..,..,56,..,8,..,..,..,..,..,..,..,8,..,9,0,4,0,0,0,0,0,12,..,0,3,4,0,3,0,0,0,13,..,0,0,0,0,0,0,0,0,0,..,0,0,5,0,3,4,3,0,15,..,7,7,5,12,21,34,17,5,98,0,3,3,0,0,4,0,0,0,13,0,0,0,0,0,0,0,0,0,0,56,26,41,41,42,63,62,51,5,400
LGA59340,..,5,11,3,10,3,3,0,0,35,..,14,42,10,5,9,3,4,0,89,..,21,60,41,50,50,34,19,0,268,19,16,29,20,20,35,41,4,0,180,0,0,6,0,0,4,4,0,0,11,717,351,549,465,424,349,164,40,5,3063,..,10,189,299,306,311,128,30,0,1275,..,114,326,239,173,94,39,5,0,974,..,26,78,92,87,41,19,5,0,360,1408,..,..,..,..,..,..,..,..,1408,..,121,..,..,..,..,..,..,..,121,..,191,66,36,15,5,0,0,0,317,..,81,62,28,42,45,24,10,7,289,..,13,28,17,13,11,5,0,0,78,..,37,85,22,16,28,9,6,0,205,..,36,107,72,113,106,77,36,0,546,39,25,62,35,30,60,84,19,0,348,0,3,7,3,0,3,4,0,0,24,1445,654,1003,847,793,705,379,106,10,5948
LGA59350,..,0,0,0,0,0,0,0,0,0,..,0,0,0,0,0,0,0,0,0,..,0,0,0,0,0,3,0,0,7,0,0,0,0,0,0,0,0,0,0,0,0,0,0,0,0,0,0,0,0,8,4,7,4,11,6,8,8,0,57,..,0,3,0,7,0,3,0,0,20,..,3,5,0,6,4,4,0,0,19,..,0,5,0,4,0,0,0,0,15,26,..,..,..,..,..,..,..,..,26,..,0,..,..,..,..,..,..,..,0,..,0,6,0,0,0,0,0,0,6,..,0,0,0,0,0,0,0,0,6,..,0,0,0,0,0,0,0,0,4,..,0,0,0,0,0,0,0,0,0,..,0,0,3,3,0,5,0,0,15,0,0,0,0,0,0,0,6,0,3,0,0,0,0,0,0,0,0,0,0,24,4,19,5,24,13,11,6,4,116
LGA59360,..,0,0,0,0,0,0,0,0,3,..,0,0,0,5,0,0,0,0,10,..,6,3,3,7,4,12,5,3,51,0,4,3,0,0,0,0,0,0,12,0,0,0,0,0,0,0,0,0,0,50,16,41,34,66,57,44,17,5,334,..,3,20,38,60,73,66,21,5,276,..,3,25,12,18,15,5,0,0,88,..,0,6,7,7,6,0,0,0,20,99,..,..,..,..,..,..,..,..,99,..,3,..,..,..,..,..,..,..,3,..,12,12,3,0,0,0,0,0,26,..,0,3,0,4,0,0,0,0,8,..,0,3,0,0,0,0,0,0,13,..,4,5,0,9,7,4,0,0,24,..,10,10,11,31,39,26,23,6,154,0,6,3,0,3,3,3,0,0,25,0,0,0,0,0,0,0,0,0,0,101,50,82,78,127,142,106,43,5,733
LGA59370,..,0,0,0,3,0,5,0,0,9,..,3,11,0,0,4,5,0,0,34,..,8,6,11,18,53,66,68,12,242,9,11,8,0,0,3,7,6,0,40,0,0,0,0,0,0,0,0,0,0,239,100,103,166,177,274,293,154,36,1537,..,4,65,178,186,309,362,150,33,1284,..,18,48,48,37,44,38,14,0,254,..,3,14,31,27,22,16,12,5,136,450,..,..,..,..,..,..,..,..,450,..,61,..,..,..,..,..,..,..,61,..,81,38,17,15,13,4,0,0,165,..,9,3,3,0,7,17,8,10,56,..,3,5,0,3,3,6,0,0,26,..,5,10,3,4,13,21,4,0,60,..,7,17,17,41,108,127,116,26,463,7,10,10,3,5,5,15,8,0,63,0,0,0,0,0,0,0,0,0,0,456,201,215,296,332,530,601,310,75,3014
LGA59799,..,0,0,0,0,0,0,0,0,0,..,0,0,0,0,0,0,0,0,0,..,0,0,0,0,0,0,0,0,0,0,0,0,0,0,0,0,0,0,0,0,0,0,0,0,0,0,0,0,0,0,0,0,0,0,0,0,0,0,4,..,0,0,0,0,0,0,0,0,0,..,0,0,0,0,0,0,0,0,0,..,0,0,0,0,0,0,0,0,0,0,..,..,..,..,..,..,..,..,0,..,0,..,..,..,..,..,..,..,0,..,0,0,0,0,0,0,0,0,0,..,0,0,0,0,0,0,0,0,0,..,0,0,0,0,0,0,0,0,0,..,0,0,0,0,0,0,0,0,3,..,0,0,0,0,0,0,0,0,0,0,0,0,4,0,5,0,0,0,8,0,0,0,0,0,0,0,0,0,0,0,0,0,4,5,3,0,0,0,15
