UCL_CODE_2021,M_15_19_Mgrs,M_15_19_Profnls,M_15_19_Techs_trades_workers,M_15_19_Comm_psnl_serv_wrkrs,M_15_19_Cler_admin_wrkrs,M_15_19_Sales_wrkrs,M_15_19_Mach_oper_dvrs,M_15_19_Labrs,M_15_19_Inad_desc_Ns,M_15_19_Tot,M_20_24_Mgrs,M_20_24_Profnls,M_20_24_Techs_trades_wrkrs,M_20_24_Comm_psnl_serv_wrkrs,M_20_24_Cler_admin_wrkrs,M_20_24_Sales_wrkrs,M_20_24_Mach_oper_dvrs,M_20_24_Labrs,M_20_24_Inad_desc_Ns,M_20_24_Tot,M_25_34_Mgrs,M_25_34_Profnls,M_25_34_Techs_trades_wrkrs,M_25_34_Comm_psnl_serv_wrkrs,M_25_34_Cler_admin_wrkrs,M_25_34_Sales_wrkrs,M_25_34_Mach_oper_dvrs,M_25_34_Labrs,M_25_34_Inad_desc_Ns,M_25_34_Tot,M_35_44_Mgrs,M_35_44_Profnls,M_35_44_Techs_trades_wrkrs,M_35_44_Comm_psnl_serv_wrkrs,M_35_44_Cler_admin_wrkrs,M_35_44_Sales_wrkrs,M_35_44_Mach_oper_dvrs,M_35_44_Labrs,M_35_44_Inad_desc_Ns,M_35_44_Tot,M_45_54_Mgrs,M_45_54_Profnls,M_45_54_Techs_trades_wrkrs,M_45_54_Comm_psnl_serv_wrkrs,M_45_54_Cler_admin_wrkrs,M_45_54_Sales_wrkrs,M_45_54_Mach_oper_dvrs,M_45_54_Labrs,M_45_54_Inad_desc_Ns,M_45_54_Tot,M_55_64_Mgrs,M_55_64_Profnls,M_55_64_Techs_trades_wrkrs,M_55_64_Comm_psnl_serv_wrkrs,M_55_64_Cler_admin_wrkrs,M_55_64_Sales_wrkrs,M_55_64_Mach_oper_dvrs,M_55_64_Labrs,M_55_64_Inad_desc_Ns,M_55_64_Tot,M_65_74_Mgrs,M_65_74_Profnls,M_65_74_Techs_trades_wrkrs,M_65_74_Comm_psnl_serv_wrkrs,M_65_74_Cler_admin_wrkrs,M_65_74_Sales_wrkrs,M_65_74_Mach_oper_dvrs,M_65_74_Labrs,M_65_74_Inad_desc_Ns,M_65_74_Tot,M_75_84_Mgrs,M_75_84_Profnls,M_75_84_Techs_trades_wrkrs,M_75_84_Comm_psnl_serv_wrkrs,M_75_84_Cler_admin_wrkrs,M_75_84_Sales_wrkrs,M_75_84_Mach_oper_dvrs,M_75_84_Labrs,M_75_84_Inad_desc_Ns,M_75_84_Tot,M_85_yr_over_Mgrs,M_85_yr_over_Profnls,M_85ov_Techs_trades_wrkrs,M_85ov_Com_psnl_serv_wrkrs,M_85_yr_over_Cler_admin_wrkrs,M_85_yr_over_Sales_wrkrs,M_85_yr_over_Mach_oper_dvrs,M_85_yr_over_Labrs,M_85_yr_over_Inad_desc_Ns,M_85_yr_over_Tot,M_Tot_Mgrs,M_Tot_Profnls,M_Tot_Techs_trades_wrkrs,M_Tot_Comm_psnl_serv_wrkrs,M_Tot_Cler_admin_wrkrs,M_Tot_Sales_wrkrs,M_Tot_Mach_oper_dvrs,M_Tot_Labrs,M_Tot_Inad_desc_Ns,M_Tot_Tot,F_15_19_Mgrs,F_15_19_Profnls,F_15_19_Techs_trades_workers,F_15_19_Comm_psnl_serv_wrkrs,F_15_19_Cler_admin_wrkrs,F_15_19_Sales_wrkrs,F_15_19_Mach_oper_dvrs,F_15_19_Labrs,F_15_19_Inad_desc_Ns,F_15_19_Tot,F_20_24_Mgrs,F_20_24_Profnls,F_20_24_Techs_trades_wrkrs,F_20_24_Comm_psnl_serv_wrkrs,F_20_24_Cler_admin_wrkrs,F_20_24_Sales_wrkrs,F_20_24_Mach_oper_dvrs,F_20_24_Labrs,F_20_24_Inad_desc_Ns,F_20_24_Tot,F_25_34_Mgrs,F_25_34_Profnls,F_25_34_Techs_trades_wrkrs,F_25_34_Comm_psnl_serv_wrkrs,F_25_34_Cler_admin_wrkrs,F_25_34_Sales_wrkrs,F_25_34_Mach_oper_dvrs,F_25_34_Labrs,F_25_34_Inad_desc_Ns,F_25_34_Tot,F_35_44_Mgrs,F_35_44_Profnls,F_35_44_Techs_trades_wrkrs,F_35_44_Comm_psnl_serv_wrkrs,F_35_44_Cler_admin_wrkrs,F_35_44_Sales_wrkrs,F_35_44_Mach_oper_dvrs,F_35_44_Labrs,F_35_44_Inad_desc_Ns,F_35_44_Tot,F_45_54_Mgrs,F_45_54_Profnls,F_45_54_Techs_trades_wrkrs,F_45_54_Comm_psnl_serv_wrkrs,F_45_54_Cler_admin_wrkrs,F_45_54_Sales_wrkrs,F_45_54_Mach_oper_dvrs,F_45_54_Labrs,F_45_54_Inad_desc_Ns,F_45_54_Tot,F_55_64_Mgrs,F_55_64_Profnls,F_55_64_Techs_trades_wrkrs,F_55_64_Comm_psnl_serv_wrkrs,F_55_64_Cler_admin_wrkrs,F_55_64_Sales_wrkrs,F_55_64_Mach_oper_dvrs,F_55_64_Labrs,F_55_64_Inad_desc_Ns,F_55_64_Tot,F_65_74_Mgrs,F_65_74_Profnls,F_65_74_Techs_trades_wrkrs,F_65_74_Comm_psnl_serv_wrkrs,F_65_74_Cler_admin_wrkrs,F_65_74_Sales_wrkrs,F_65_74_Mach_oper_dvrs,F_65_74_Labrs,F_65_74_Inad_desc_Ns,F_65_74_Tot,F_75_84_Mgrs,F_75_84_Profnls,F_75_84_Techs_trades_wrkrs,F_75_84_Comm_psnl_serv_wrkrs,F_75_84_Cler_admin_wrkrs,F_75_84_Sales_wrkrs,F_75_84_Mach_oper_dvrs,F_75_84_Labrs,F_75_84_Inad_desc_Ns,F_75_84_Tot,F_85_yr_over_Mgrs,F_85_yr_over_Profnls,F_85_yr_over_Techs_tra_wrkrs,F_85ov_Com_psnl_serv_wrkrs,F_85ov_Cler_admin_wrkrs,F_85_yr_over_Sales_wrkrs,F_85_yr_over_Mach_oper_dvrs,F_85_yr_over_Labrs,F_85_yr_over_Inad_desc_Ns,F_85_yr_over_Tot,F_Tot_Mgrs,F_Tot_Profnls,F_Tot_Techs_trades_wrkrs,F_Tot_Comm_psnl_serv_wrkrs,F_Tot_Cler_admin_wrkrs,F_Tot_Sales_wrkrs,F_Tot_Mach_oper_dvrs,F_Tot_Labrs,F_Tot_Inad_desc_Ns,F_Tot_Tot
UCL501001,313,573,4527,3107,637,6139,2075,8759,418,26535,1638,5340,11736,5911,2521,5736,4754,8021,929,46594,10416,26496,30155,8364,6704,5567,12508,11482,2416,114114,20461,30131,27953,6457,7163,4180,12830,8786,2258,120217,20705,22752,22697,5293,6312,3836,11859,7651,1899,102999,14400,15658,16252,3879,5292,3128,10644,6668,1274,77192,4146,5747,3950,1037,1675,1384,2945,2355,442,23675,625,907,304,88,227,212,219,353,137,3075,36,52,10,4,24,22,4,20,50,232,72739,107662,117579,34132,30551,30204,57837,54096,9831,514630,346,676,966,7868,1687,12552,410,3751,391,28647,2030,7447,2910,13772,7156,8965,914,3064,653,46913,9836,37446,7213,19309,18946,8054,1925,5679,1675,110078,12901,37259,5913,17362,21626,6553,1707,6012,1544,110875,12021,28177,4739,16122,22647,7139,1758,6699,1258,100554,7061,17495,3131,11325,18485,5941,1297,5533,828,71099,1518,4381,696,2401,4969,1569,295,1436,256,17523,153,339,48,140,427,124,23,157,112,1516,6,13,6,0,24,9,0,10,40,99,45870,133228,25616,88306,95967,50909,8321,32336,6752,487315
UCL511001,4,9,259,76,15,269,76,411,26,1143,31,68,520,82,44,117,209,353,23,1446,237,402,1277,148,94,168,513,564,70,3479,440,525,1206,161,141,107,662,452,83,3782,494,538,1036,167,171,131,677,372,72,3662,372,452,771,134,158,115,631,330,43,3005,118,155,167,42,52,42,170,86,16,846,23,12,3,6,3,9,18,6,5,82,0,0,0,0,0,3,0,0,0,4,1713,2169,5240,821,674,965,2953,2587,338,17452,15,16,43,325,81,583,19,193,19,1290,70,161,113,383,218,214,37,140,19,1351,217,816,253,583,587,344,72,293,35,3211,317,980,218,700,706,335,77,366,51,3750,329,841,220,761,832,361,84,382,51,3844,213,574,114,512,648,269,62,281,22,2691,50,142,24,92,143,42,16,72,13,588,8,10,0,7,4,3,0,8,0,42,4,0,0,0,0,0,0,0,0,3,1215,3535,989,3361,3229,2147,368,1733,203,16784
UCL512001,6,8,133,35,13,118,19,196,6,527,24,29,214,46,10,53,48,129,11,558,103,173,457,78,27,80,143,211,19,1284,169,193,342,98,49,67,141,184,22,1264,217,229,306,131,51,72,186,171,25,1383,216,213,238,130,58,77,194,150,19,1301,98,64,72,24,15,25,67,57,5,437,16,5,9,4,0,5,7,5,3,59,3,0,0,0,0,0,0,4,4,16,851,910,1772,546,227,495,801,1103,110,6829,10,10,20,156,32,225,3,71,10,532,17,66,45,158,63,95,10,63,7,519,72,321,80,242,210,125,12,86,14,1170,131,363,62,280,240,138,13,136,9,1372,185,375,73,338,298,152,14,145,12,1598,122,299,49,267,321,133,18,130,9,1344,42,78,20,49,90,29,3,41,0,356,10,6,0,3,4,3,0,0,3,33,0,0,0,0,0,0,0,0,0,5,588,1513,342,1495,1265,908,75,670,75,6929
UCL512002,7,3,100,57,3,145,25,129,6,470,14,13,180,20,12,48,33,104,0,417,89,98,373,61,25,51,93,160,21,978,164,155,403,65,30,60,149,141,29,1199,207,189,363,71,50,64,187,139,29,1302,176,138,225,66,63,45,180,140,16,1060,66,45,54,20,17,32,59,50,10,357,5,6,4,0,4,4,3,0,3,46,0,0,0,0,0,0,0,0,0,4,735,650,1697,363,215,450,736,872,121,5834,3,7,16,163,10,211,0,60,3,487,22,47,35,109,44,63,4,70,5,396,91,224,85,201,133,86,15,108,11,958,134,344,81,266,251,107,11,120,18,1332,144,360,85,291,310,150,36,148,8,1537,96,213,50,212,243,140,28,136,12,1138,20,44,14,44,76,38,7,33,11,284,4,0,0,0,6,0,0,6,5,27,0,0,0,0,0,0,0,0,0,0,531,1246,365,1288,1068,796,106,685,76,6159
UCL512003,11,3,146,28,7,109,33,173,7,516,20,20,244,43,21,70,49,121,8,608,97,171,480,84,52,87,169,220,29,1391,211,213,395,86,53,76,177,193,15,1417,223,216,340,105,65,73,274,156,29,1482,187,189,304,89,73,56,295,130,15,1348,82,64,71,25,18,13,75,41,8,404,20,9,9,3,0,7,0,6,9,67,5,0,0,0,0,0,0,0,0,7,853,896,1993,458,292,494,1077,1051,125,7240,7,9,30,169,27,254,9,88,4,589,27,98,44,190,91,109,11,48,5,619,89,384,82,276,224,112,20,93,12,1294,124,421,71,289,313,130,26,104,12,1496,164,409,71,323,336,148,41,141,25,1650,131,246,47,247,274,125,29,137,16,1264,32,59,9,55,91,32,4,38,9,335,5,10,5,0,0,0,0,6,5,29,0,0,0,0,0,0,0,0,3,3,576,1642,357,1543,1362,912,144,653,80,7264
UCL512004,0,7,165,23,5,97,38,116,9,463,10,64,333,34,13,44,154,131,12,804,105,272,782,82,54,42,448,188,28,1996,259,251,656,77,48,36,421,110,30,1889,223,178,533,82,47,38,452,73,38,1672,210,140,389,49,50,32,414,125,27,1446,44,50,81,14,12,5,120,30,12,367,4,9,4,0,0,0,3,4,0,34,0,0,0,0,0,0,0,0,0,0,866,971,2945,357,233,296,2043,778,168,8662,5,7,40,85,37,157,19,55,11,424,14,130,69,115,129,75,57,42,11,643,104,443,137,243,337,128,128,105,14,1636,153,319,73,255,304,109,113,113,26,1472,154,263,88,193,333,106,120,143,21,1413,108,172,46,149,244,105,59,125,17,1021,35,26,4,26,57,23,8,38,10,223,4,3,0,0,4,0,0,5,3,15,0,0,0,0,0,0,0,0,0,0,585,1365,468,1067,1437,702,501,621,103,6848
UCL513001,0,0,30,12,0,58,4,54,5,171,13,17,85,27,11,16,18,42,3,241,93,201,221,96,43,24,65,82,23,854,196,214,219,92,41,34,80,76,27,980,193,138,222,89,36,34,81,67,28,896,196,132,133,50,34,40,85,64,15,744,100,56,47,18,21,21,42,34,13,344,26,11,0,0,4,6,0,4,6,58,0,0,0,0,0,0,0,0,0,0,806,781,955,391,195,241,380,425,114,4292,4,7,10,62,29,72,4,38,5,221,13,60,10,90,54,36,4,24,4,293,115,402,50,227,171,66,8,84,11,1146,169,369,36,158,234,66,6,59,22,1121,148,239,27,131,243,69,10,41,9,916,125,208,27,92,189,78,15,43,11,791,55,55,9,20,63,18,4,11,3,240,11,6,0,5,5,3,0,4,3,34,0,0,0,0,0,0,0,0,0,0,635,1342,169,780,989,411,50,296,83,4756
UCL513002,3,0,52,8,4,37,16,45,4,173,11,11,95,5,4,17,30,25,6,194,46,59,166,16,11,36,74,72,15,495,68,52,139,20,19,25,87,55,18,485,111,67,98,18,17,23,116,57,14,517,76,63,93,13,19,16,131,52,15,485,27,13,13,0,10,7,30,10,3,119,12,4,0,0,0,0,0,0,3,17,4,0,0,0,0,0,0,0,0,0,357,264,653,84,90,163,482,325,74,2499,0,0,10,26,16,62,0,32,4,144,5,26,11,44,37,38,6,10,4,185,37,112,22,64,92,42,14,39,8,423,34,110,23,79,102,51,6,48,6,454,63,87,23,84,118,49,6,41,5,484,43,72,16,75,87,37,13,60,8,401,13,18,3,18,25,3,0,16,0,102,3,3,0,0,0,0,3,0,0,20,0,0,0,0,0,0,0,0,0,0,211,433,116,394,465,273,56,238,35,2221
UCL513003,0,0,72,17,3,66,10,85,8,262,17,23,167,20,11,18,42,74,6,378,115,192,576,52,43,27,163,188,32,1380,221,192,651,60,79,19,222,125,43,1617,186,142,449,46,56,11,194,90,48,1220,106,101,244,38,40,10,154,69,16,776,29,25,38,3,4,0,41,14,8,160,4,0,0,0,0,0,7,0,0,11,0,0,0,0,0,0,0,0,0,0,678,678,2186,238,237,160,841,639,156,5801,0,5,18,39,28,91,4,25,10,215,17,50,26,60,67,32,15,24,0,290,110,322,100,136,230,89,35,91,13,1124,136,263,97,184,251,61,34,80,24,1131,105,158,50,130,171,65,37,76,7,804,48,68,9,63,93,33,20,47,4,390,11,18,0,12,14,4,5,13,0,80,0,0,0,0,0,0,0,0,0,4,0,0,0,0,0,0,0,0,0,0,431,889,298,620,852,373,152,356,62,4039
UCL513004,0,3,58,15,8,34,18,50,12,196,9,11,119,9,3,15,34,70,4,274,74,161,592,49,41,24,202,136,40,1318,160,172,589,42,50,24,250,110,51,1431,115,130,347,19,50,19,303,76,28,1082,95,92,217,24,42,15,245,73,18,813,23,22,41,7,4,3,32,14,0,150,0,0,0,0,0,0,0,0,0,3,0,0,0,0,0,0,0,0,0,0,469,587,1963,161,201,129,1085,529,155,5273,0,6,21,35,19,56,6,19,7,168,7,54,25,40,49,30,26,28,8,269,95,244,105,137,209,77,92,96,22,1082,96,183,59,166,198,51,59,98,14,909,79,113,34,87,116,45,44,74,12,598,47,75,23,53,94,33,8,39,8,393,9,20,0,3,17,6,0,9,0,72,0,0,0,0,0,0,0,0,0,0,0,0,0,0,0,0,0,0,0,0,343,689,270,522,706,297,240,361,76,3498
UCL513005,5,0,25,15,0,17,11,34,0,117,3,7,71,15,10,26,22,38,4,191,39,27,181,30,22,19,90,75,17,510,64,59,170,38,24,15,97,63,17,542,74,71,145,42,19,28,86,46,22,512,45,42,93,28,14,16,65,36,5,344,6,12,15,4,12,8,7,11,6,73,0,0,0,0,0,0,3,0,0,7,0,0,0,0,0,0,0,0,0,0,238,215,702,171,96,129,385,301,63,2305,0,0,3,27,10,53,5,24,3,129,7,7,9,42,27,22,4,20,4,145,47,78,48,105,96,45,18,38,6,485,45,115,40,138,134,35,10,43,11,572,47,87,29,115,106,40,12,60,3,500,30,49,16,56,78,42,11,27,3,326,11,7,6,12,21,5,0,0,0,65,0,0,0,0,0,0,0,0,0,0,0,0,0,0,0,0,0,0,0,0,186,359,149,504,482,243,58,215,35,2221
UCL514001,0,0,24,5,0,11,0,33,0,78,0,3,56,3,0,9,13,32,4,130,9,13,133,6,5,0,48,48,7,265,17,20,91,8,11,12,76,51,12,288,15,23,110,5,4,3,84,30,7,279,14,8,70,6,8,7,100,34,10,258,9,7,14,5,5,0,17,4,0,62,0,0,3,0,0,0,3,0,5,12,0,0,0,0,0,0,0,0,0,5,75,70,499,38,35,47,337,235,45,1375,0,0,9,22,4,28,4,18,3,93,0,3,7,24,20,15,9,18,0,94,18,36,22,52,31,29,23,35,0,235,17,38,13,66,45,30,17,28,3,262,27,37,19,66,52,29,18,51,5,292,15,26,12,46,29,29,9,39,0,209,0,9,0,8,9,6,0,12,0,47,0,0,0,0,0,0,0,0,0,9,0,0,0,0,0,0,0,0,0,0,77,152,81,287,189,170,79,200,13,1247
UCL514002,0,0,28,19,0,33,0,39,0,124,3,5,34,10,0,3,0,17,0,73,34,27,109,23,7,8,9,42,4,261,70,76,170,23,7,16,22,41,5,426,70,80,118,11,6,21,29,33,4,376,63,43,65,10,5,17,23,31,9,260,29,26,15,0,9,9,18,11,3,119,8,6,0,0,0,0,0,0,0,15,0,0,0,0,0,0,0,0,0,0,266,266,539,94,39,108,98,212,34,1654,0,0,11,42,0,25,4,14,4,101,3,3,3,21,4,13,0,8,5,68,38,83,26,61,34,19,5,23,3,294,77,141,31,65,78,51,0,34,11,486,63,101,24,58,83,46,4,39,3,428,27,59,15,26,57,42,0,28,4,258,12,20,3,6,18,17,0,7,0,83,0,0,0,0,0,0,0,0,0,8,0,0,0,0,0,0,0,0,0,0,220,410,109,294,279,209,15,146,24,1719
UCL514003,0,0,22,18,0,32,6,37,0,125,8,0,32,10,0,7,9,45,0,115,46,34,145,31,8,19,25,88,7,406,69,64,146,30,12,9,52,79,6,463,77,70,111,21,6,24,43,63,3,425,39,40,62,17,9,19,29,43,4,265,11,22,12,0,10,5,13,10,0,87,0,0,0,0,0,0,0,4,0,8,0,0,0,0,0,0,0,0,0,0,260,242,539,128,41,108,174,363,24,1887,6,3,8,35,0,43,0,18,0,108,5,6,3,27,0,17,0,16,0,77,45,73,32,97,37,33,6,52,0,369,79,139,41,106,70,45,8,53,10,543,57,98,24,82,77,52,5,39,0,437,28,53,16,47,46,34,4,30,4,265,8,21,3,3,15,10,0,7,0,65,0,5,0,4,0,0,0,0,0,6,0,0,0,0,0,0,0,0,0,0,224,395,128,395,252,234,19,206,15,1874
UCL514004,0,0,18,7,0,25,6,26,5,83,3,9,45,5,0,9,11,27,0,109,23,24,72,10,9,11,29,59,0,247,30,39,52,20,17,11,21,36,7,228,38,20,60,19,14,10,55,36,6,248,37,30,60,21,17,10,58,39,3,276,26,11,9,9,5,10,30,13,0,104,3,0,0,4,0,0,0,3,0,10,0,0,0,0,0,0,0,0,0,0,155,140,321,84,60,85,209,240,23,1308,0,0,10,13,11,46,0,12,3,87,6,13,3,29,21,23,0,17,4,117,11,54,11,36,45,22,3,16,5,205,20,46,17,58,42,28,3,31,6,249,35,51,9,64,65,28,3,31,0,291,40,52,13,42,65,32,3,25,0,272,3,11,3,22,15,11,0,8,5,73,0,0,0,0,4,0,0,0,0,5,0,0,0,0,0,0,0,0,0,0,125,224,65,264,268,181,24,143,20,1303
UCL515001,0,0,0,0,0,0,0,4,0,5,0,0,4,0,0,0,0,3,0,9,4,0,11,0,0,4,3,9,0,38,6,0,10,4,0,0,0,0,0,25,6,3,12,3,0,0,5,6,0,37,15,0,12,4,0,0,9,6,0,53,3,5,3,0,0,0,3,11,0,27,7,0,0,0,0,5,0,0,0,13,0,0,0,0,0,0,0,0,0,0,43,16,57,9,0,13,18,44,7,207,0,0,0,3,0,0,0,0,0,9,0,0,0,4,0,0,0,0,0,7,5,3,3,3,0,0,0,3,0,24,3,9,0,7,8,6,0,7,0,38,10,10,4,6,11,3,0,6,0,55,6,14,4,9,13,13,0,9,0,58,3,7,0,0,3,0,0,0,0,19,0,0,0,0,0,0,0,0,0,0,0,0,0,0,0,0,0,0,0,0,34,30,22,35,38,28,0,28,3,217
UCL515002,0,0,3,0,0,0,4,5,0,14,0,4,7,0,0,0,3,3,0,17,8,0,22,0,0,4,4,9,0,46,8,3,18,0,4,0,9,11,3,63,12,5,23,3,7,4,14,3,0,72,11,10,22,8,5,0,16,7,0,71,3,9,6,0,0,0,0,3,0,17,0,0,0,0,0,0,0,0,0,0,0,0,0,0,0,0,0,0,0,0,38,29,100,10,16,12,63,45,3,311,0,0,0,12,3,0,0,3,0,20,0,5,0,4,0,3,0,0,0,18,4,6,4,3,19,3,4,6,0,48,3,24,4,7,13,8,0,3,0,60,7,17,3,18,19,8,0,4,0,73,8,16,0,12,8,7,0,7,0,51,0,3,0,3,5,0,0,0,0,19,0,0,0,0,0,0,0,0,0,0,0,0,0,0,0,0,0,0,0,0,22,62,13,64,65,30,9,27,3,292
UCL515003,0,0,3,3,0,0,0,8,0,13,0,0,11,0,0,4,7,4,0,28,7,7,19,4,0,4,7,12,4,69,7,14,25,0,5,5,11,8,3,79,18,11,27,0,0,4,15,12,4,98,14,13,23,3,3,0,17,10,0,92,7,4,12,0,3,4,8,3,0,43,0,5,0,0,0,0,0,0,0,6,0,0,0,0,0,0,0,0,0,0,62,59,116,15,10,27,72,54,15,428,0,0,0,10,0,13,0,3,0,31,0,4,0,5,0,5,0,8,0,25,6,14,9,18,9,5,0,6,0,63,6,19,5,17,11,9,0,5,0,77,7,31,4,28,15,14,0,8,0,117,13,22,3,28,21,15,3,13,0,120,5,3,4,8,7,0,0,3,0,34,0,0,0,4,3,0,0,0,0,6,0,0,0,0,0,0,0,0,0,0,37,86,32,114,67,57,9,50,6,471
UCL515004,0,0,4,0,0,3,8,14,0,37,5,30,30,7,5,3,0,4,0,86,14,27,65,4,13,3,32,16,7,171,11,8,29,0,9,0,33,15,0,97,14,5,24,5,6,6,26,9,0,87,4,0,17,4,3,5,8,0,0,42,3,0,0,3,0,0,8,4,0,20,0,0,0,0,0,0,0,0,0,0,0,0,0,0,0,0,0,0,0,0,50,72,166,25,23,21,112,66,9,541,0,0,0,8,5,3,0,3,0,20,5,12,3,11,4,7,0,9,0,51,14,14,18,24,39,13,0,6,0,133,8,15,12,16,27,4,4,13,0,103,11,8,8,19,26,8,3,16,0,95,8,3,10,11,8,4,0,6,0,54,0,4,0,3,0,0,0,4,0,11,0,0,0,0,0,0,0,0,0,0,0,0,0,0,0,0,0,0,0,0,38,59,49,92,110,46,15,55,3,470
UCL515005,0,0,5,5,0,8,0,14,0,32,0,0,24,3,0,0,5,13,0,48,9,10,35,6,0,3,10,20,0,88,9,9,38,6,3,6,25,13,5,109,8,8,33,10,5,6,41,17,6,124,6,4,11,3,8,5,30,12,4,82,0,0,6,0,0,0,3,6,0,22,0,0,0,0,0,0,0,0,0,0,0,0,0,0,0,0,0,0,0,0,35,35,148,32,11,21,107,97,11,506,4,0,4,5,4,22,0,10,0,39,0,0,9,11,4,3,0,0,0,32,5,16,4,21,14,11,0,13,0,85,10,25,10,21,15,10,4,16,0,117,18,27,12,27,21,12,4,18,0,138,3,16,9,23,8,8,6,8,0,78,0,0,0,5,5,5,0,0,0,19,0,0,0,0,0,0,0,0,0,3,0,0,0,0,0,0,0,0,0,0,44,89,38,114,74,68,15,61,3,508
UCL515006,0,0,10,0,0,11,5,6,0,35,4,6,24,4,0,10,0,14,0,60,14,15,51,17,12,5,25,20,6,170,37,19,41,21,4,5,23,20,0,165,31,29,45,9,13,14,38,23,10,213,46,22,43,24,8,8,39,16,4,207,22,12,9,4,7,0,13,12,8,88,7,0,0,0,0,0,0,3,0,9,0,0,0,0,0,0,0,0,0,0,160,97,218,78,44,58,141,121,26,947,0,0,3,7,3,13,0,3,0,36,0,13,0,11,16,11,0,5,0,59,8,44,5,32,41,15,4,21,4,174,19,44,8,27,37,27,4,15,0,177,26,44,5,33,46,11,0,25,0,197,29,47,6,43,48,24,7,31,0,228,17,7,4,4,15,7,0,10,4,66,4,0,0,0,0,5,0,0,0,6,0,0,0,0,0,0,0,0,0,0,112,205,30,154,197,112,15,104,12,941
UCL515007,0,0,9,5,0,4,0,7,0,24,0,0,10,0,0,4,0,3,0,16,3,10,23,6,0,0,9,10,0,58,24,25,59,14,0,0,18,24,0,163,23,22,33,4,3,4,11,17,0,115,10,12,20,3,3,0,9,11,0,70,0,0,5,0,0,0,4,6,0,15,3,0,0,0,0,0,0,0,0,8,0,0,0,0,0,0,0,0,0,0,67,73,146,26,10,11,52,74,4,470,0,0,0,13,0,13,0,4,0,28,0,0,0,3,0,0,0,0,0,15,4,22,4,12,19,3,0,4,0,70,27,56,16,31,24,15,0,8,3,180,9,41,3,17,30,13,4,6,0,120,3,12,4,7,14,13,3,6,0,68,5,3,0,0,4,0,0,0,0,11,0,0,0,0,0,0,0,0,0,0,0,0,0,0,0,0,0,0,0,0,49,136,27,80,98,64,13,35,8,496
UCL515008,0,0,8,0,0,0,0,12,0,21,0,0,9,0,0,0,6,4,0,24,4,8,33,0,0,0,3,7,0,58,14,23,48,4,5,0,6,9,0,108,14,20,36,0,5,4,12,3,0,97,11,6,18,0,3,0,12,4,4,71,0,4,6,0,0,0,3,0,0,11,0,0,0,0,0,0,0,0,0,0,0,0,0,0,0,0,0,0,0,0,44,60,154,8,16,6,48,44,6,391,0,0,3,3,0,3,0,3,0,16,0,0,0,3,3,0,0,0,0,10,0,24,4,7,10,4,5,0,0,55,11,25,11,5,21,0,6,0,0,83,13,14,14,9,27,4,5,4,0,89,8,7,4,8,4,4,4,0,0,40,0,0,0,0,0,0,0,0,0,3,0,0,0,0,0,0,0,0,0,0,0,0,0,0,0,0,0,0,0,0,38,69,36,42,68,14,21,18,3,300
UCL515009,0,0,6,5,0,8,3,22,0,45,0,0,15,0,0,0,0,3,0,16,9,14,30,0,0,0,8,3,0,66,12,32,39,4,4,0,8,11,0,108,27,29,27,10,5,8,10,8,3,117,11,16,20,6,11,11,17,18,4,106,5,13,4,3,4,3,3,6,0,44,4,5,0,0,0,0,0,3,0,14,0,0,0,0,0,0,0,0,0,0,72,104,136,30,24,30,44,75,8,522,0,0,3,11,0,15,0,8,0,32,0,0,5,9,3,3,0,4,0,24,7,27,5,12,10,9,0,6,0,73,10,42,8,23,21,5,0,13,0,133,18,37,7,27,25,9,0,20,3,153,12,26,8,23,21,7,0,10,0,115,0,7,0,3,10,7,0,3,0,35,4,3,0,0,0,0,0,0,0,3,0,0,0,0,0,0,0,0,0,0,56,150,35,103,89,57,7,65,6,568
UCL515010,0,0,0,5,0,7,0,9,0,16,9,13,9,6,0,0,3,8,0,38,10,30,23,28,4,3,3,12,5,124,13,20,24,27,5,0,4,6,0,101,17,23,19,19,6,3,19,7,0,112,28,23,23,29,8,4,7,15,0,140,18,11,8,14,3,3,8,8,0,68,0,0,5,0,0,0,0,0,0,6,0,0,0,0,0,0,0,0,0,0,90,120,106,128,27,23,48,58,9,616,0,0,0,0,7,10,0,0,0,18,0,13,0,14,7,4,0,5,0,42,4,63,0,27,26,8,4,7,4,140,10,49,0,25,12,7,0,8,0,107,16,33,3,30,26,7,0,9,4,120,18,32,8,24,37,8,0,11,0,146,10,21,0,7,8,0,0,6,0,46,0,0,0,3,0,0,0,0,0,9,0,0,0,0,0,0,0,0,0,0,63,208,9,129,121,38,4,37,6,624
UCL515011,3,0,12,0,0,7,3,18,0,47,0,0,10,3,6,3,3,16,0,36,9,6,37,0,0,4,15,25,0,95,18,7,38,7,4,0,37,12,3,127,21,11,23,0,8,3,39,20,6,127,9,4,23,8,10,6,28,13,0,110,5,0,8,0,5,0,8,3,0,28,3,0,0,0,0,0,0,0,0,5,0,0,0,0,0,0,0,0,0,0,64,33,152,27,23,24,130,109,10,569,0,0,0,12,0,15,0,10,0,44,0,3,4,9,7,6,4,11,0,35,10,12,9,5,8,5,4,26,0,86,16,23,9,17,23,12,5,13,4,117,21,26,3,21,28,11,0,19,0,120,6,19,9,20,22,6,0,15,0,104,0,8,3,0,0,3,0,0,0,20,0,0,0,0,0,0,0,0,0,8,0,0,0,0,0,0,0,0,0,0,62,89,30,88,94,50,16,92,8,529
UCL515012,0,0,12,4,0,12,0,16,0,46,0,0,20,7,4,0,6,6,0,40,10,12,51,21,7,5,17,12,3,130,12,12,33,10,3,3,19,11,0,109,19,21,28,6,5,6,22,6,3,121,13,17,17,13,0,9,6,4,0,75,3,3,3,6,0,0,0,3,0,19,0,0,0,0,0,0,0,0,0,0,0,0,0,0,0,0,0,0,0,0,62,58,169,63,17,33,84,53,9,540,0,0,0,22,3,17,0,0,0,46,4,8,6,9,9,6,0,3,0,34,16,43,4,27,30,10,0,9,0,144,13,35,3,27,22,15,5,5,0,122,10,46,7,28,18,13,0,3,0,135,3,8,0,20,21,0,0,3,0,63,4,5,0,3,5,4,0,0,0,19,0,0,0,0,0,0,0,0,0,0,0,0,0,0,0,0,0,0,0,0,43,141,23,130,119,63,9,23,9,564
UCL515013,4,0,20,4,0,24,0,17,0,65,4,6,34,13,3,4,6,14,0,86,20,42,110,33,10,15,19,37,6,281,52,43,82,23,8,7,26,30,5,278,60,48,62,13,11,7,13,29,10,246,48,40,45,20,10,7,20,21,8,221,29,10,9,0,3,3,3,4,5,67,5,3,0,0,0,0,0,0,4,16,0,0,0,0,0,0,0,0,0,3,227,187,363,104,46,62,96,156,34,1270,0,0,0,21,3,17,0,11,0,50,6,3,9,28,21,5,0,15,3,96,30,84,33,73,53,16,6,30,3,329,41,60,14,42,58,20,4,26,4,263,31,43,3,24,53,26,3,23,6,217,33,37,6,16,47,27,6,17,0,192,14,12,0,0,19,5,0,4,5,57,5,0,0,0,0,0,0,0,0,10,0,0,0,0,0,0,0,0,0,0,158,242,58,216,260,118,19,129,26,1220
UCL515014,0,0,0,0,0,0,0,0,0,5,0,0,3,4,0,0,0,0,0,14,9,20,10,12,0,5,0,6,0,66,4,6,4,14,6,6,4,8,0,42,9,10,8,9,3,0,5,3,0,46,11,7,4,9,0,0,4,5,3,41,0,5,0,7,0,3,3,3,0,22,0,0,0,0,0,0,5,0,0,5,0,0,0,0,0,0,0,0,0,0,34,50,41,48,10,11,15,17,5,234,0,0,0,3,0,6,0,0,0,9,0,7,0,6,0,4,0,0,0,21,11,29,0,17,12,0,0,0,3,72,9,29,0,13,8,6,0,0,0,55,9,13,0,16,11,3,0,0,0,49,7,18,0,10,6,0,0,0,0,49,0,9,0,0,4,0,0,0,0,17,0,0,0,0,0,0,0,0,0,0,0,0,0,0,0,0,0,0,0,0,28,97,3,68,39,12,0,9,9,270
UCL515015,0,0,15,0,0,0,4,9,0,32,0,0,23,0,0,5,6,14,0,52,4,4,40,5,0,0,21,88,6,174,7,7,25,3,6,0,29,53,8,137,15,12,39,6,0,10,34,22,7,135,14,7,17,6,0,5,25,19,0,101,6,4,9,3,0,0,5,9,0,32,4,0,0,0,0,0,0,0,0,6,0,0,0,0,0,0,0,0,0,0,51,25,155,20,16,17,118,230,30,665,0,0,0,3,7,6,0,5,0,35,0,3,10,5,5,7,0,0,0,33,7,15,15,9,15,9,5,54,3,133,6,11,9,14,11,9,3,27,0,96,11,11,7,19,18,10,3,26,0,110,10,10,5,12,10,4,0,26,0,79,3,3,0,0,4,0,0,5,0,20,0,0,0,0,0,0,0,0,0,0,0,0,0,0,0,0,0,0,0,0,34,55,47,75,75,48,13,152,12,505
UCL515016,0,0,0,6,0,3,0,7,0,10,0,3,10,0,0,5,0,4,0,15,7,13,29,5,0,0,3,9,0,74,14,6,19,4,0,0,4,11,0,57,9,11,14,4,0,5,20,9,0,72,16,7,22,0,0,5,17,9,0,80,13,3,3,5,6,3,3,6,0,39,3,0,0,0,0,0,0,0,0,5,0,0,0,0,0,0,0,0,0,0,57,44,106,12,10,27,50,48,3,359,0,0,0,3,0,0,0,0,0,14,0,0,0,7,0,0,3,3,0,14,6,17,3,18,10,3,5,5,0,71,5,20,5,9,18,3,4,7,0,69,11,10,9,9,14,5,3,6,0,66,9,8,3,11,24,8,3,13,0,81,3,5,0,3,6,3,0,0,4,32,0,0,0,0,0,0,0,0,0,3,0,0,0,0,0,0,0,0,0,0,37,67,20,58,72,24,13,46,8,346
UCL515017,0,0,3,0,0,6,0,12,0,21,0,0,13,0,0,0,0,0,0,22,10,7,15,0,0,0,0,6,4,53,0,13,21,5,3,0,11,14,0,74,16,10,17,5,3,6,10,14,0,85,21,11,14,7,9,9,25,25,3,127,15,4,10,0,0,4,6,6,3,48,0,0,0,0,0,0,0,0,0,9,0,0,0,0,0,0,0,0,0,0,78,53,103,26,9,22,57,78,15,437,0,0,0,4,0,4,0,0,0,11,0,0,0,10,5,4,0,4,0,24,3,14,6,7,10,3,0,5,0,42,9,11,7,4,9,3,5,12,0,61,10,15,0,17,16,9,0,12,0,73,9,20,4,15,23,15,0,16,0,110,10,5,0,4,10,0,0,9,0,40,0,0,0,0,0,0,0,0,0,0,0,0,0,0,0,0,0,0,0,0,50,71,10,62,61,44,6,52,7,366
UCL515018,0,0,5,0,4,0,0,5,0,17,0,0,17,0,0,0,4,3,0,26,3,3,33,0,0,0,35,6,0,84,4,9,22,0,0,0,44,6,0,75,8,6,28,6,6,0,28,3,4,88,10,6,34,0,0,0,26,7,0,88,0,3,6,0,0,0,7,5,0,22,0,0,0,0,0,0,0,0,0,4,0,0,0,0,0,0,0,0,0,0,26,32,144,7,8,0,149,27,6,401,0,0,0,0,0,9,7,5,0,13,0,7,5,4,13,4,6,3,0,37,5,11,3,10,6,0,4,0,0,52,4,11,11,6,14,5,12,6,0,76,3,9,6,9,15,13,16,6,4,77,0,15,0,10,8,3,10,9,0,52,4,0,0,0,0,0,4,4,0,11,0,0,0,0,0,0,0,0,0,0,0,0,0,0,0,0,0,0,0,0,15,48,23,44,60,36,47,34,5,318
UCL515019,0,0,13,0,0,10,0,15,0,49,9,3,29,3,3,8,0,26,0,86,12,18,46,10,8,6,15,76,6,191,18,10,33,3,5,10,14,58,3,150,19,12,30,6,4,4,23,52,5,153,19,13,33,5,3,7,23,41,10,170,9,3,8,7,8,4,3,18,0,56,4,0,0,0,0,0,0,4,0,9,0,0,0,0,0,0,0,0,0,0,82,69,207,40,32,56,79,290,22,874,0,3,5,11,3,16,0,12,0,53,6,8,3,16,11,10,0,16,0,72,9,30,10,27,17,16,0,21,0,127,10,26,9,23,24,17,3,24,0,128,8,22,3,25,26,11,0,40,0,137,18,22,7,26,24,12,0,23,5,140,0,5,4,3,16,6,3,7,0,43,0,0,5,0,0,0,0,0,0,6,0,0,0,0,0,0,0,0,0,0,52,116,43,132,128,75,11,131,8,700
UCL515020,0,0,8,6,0,10,4,12,0,39,0,11,20,10,6,5,8,16,3,79,30,71,79,34,9,12,22,44,3,300,43,42,49,29,11,0,18,23,8,217,53,36,46,22,8,6,33,21,7,228,52,25,35,19,14,3,33,22,4,202,27,9,9,14,3,3,21,9,0,87,3,0,0,0,0,0,0,0,3,6,0,0,0,0,0,0,0,0,0,0,195,194,239,131,51,37,136,140,33,1166,0,0,0,16,3,8,0,12,3,44,4,14,4,13,24,7,3,16,0,84,40,138,6,56,52,23,5,24,10,351,37,72,13,49,58,14,0,16,10,276,40,63,15,31,44,17,5,11,4,229,28,48,10,36,52,24,0,12,3,218,10,15,3,4,12,6,0,4,0,56,0,0,0,0,0,0,0,0,0,0,0,0,0,0,0,0,0,0,0,0,157,358,50,210,242,107,19,97,18,1258
UCL515021,0,0,11,11,0,10,0,12,0,42,0,4,12,3,0,0,3,7,0,25,0,6,18,3,0,8,8,4,0,51,8,12,22,8,0,4,7,6,0,70,18,15,30,5,3,3,5,5,0,91,13,19,23,10,0,0,12,13,0,94,8,9,6,4,0,0,4,0,0,32,4,0,0,0,0,0,0,0,0,0,0,0,0,0,0,0,0,0,0,0,54,60,133,35,8,23,41,52,0,408,0,0,0,3,0,13,0,9,3,25,0,0,3,4,0,3,0,4,0,20,0,14,3,4,10,8,0,4,0,46,3,19,0,16,15,3,3,0,0,72,11,22,3,11,22,8,0,8,3,84,4,18,5,19,21,0,0,6,0,79,3,8,0,0,3,5,0,0,0,22,0,0,0,0,0,0,0,3,0,4,0,0,0,0,0,0,0,0,0,0,32,91,22,62,74,37,8,34,3,362
UCL515022,0,0,14,3,0,12,7,19,0,62,6,8,27,4,0,3,20,28,0,95,24,11,52,8,3,12,27,46,5,200,28,14,37,9,0,11,34,36,6,173,27,14,37,9,8,14,36,31,0,172,26,15,31,7,5,3,46,40,7,177,11,7,15,4,4,0,12,13,0,70,9,0,0,0,3,0,0,4,0,14,0,0,0,0,0,0,0,0,0,0,130,70,219,51,24,62,181,215,18,971,0,0,6,18,3,27,0,5,3,60,0,8,5,18,9,9,0,11,0,65,11,33,13,32,21,14,0,27,3,161,17,38,9,29,32,17,0,26,0,162,21,25,17,38,31,15,3,29,3,178,11,21,13,40,36,16,0,39,3,175,5,3,0,11,10,5,0,3,0,47,4,0,0,0,0,0,0,0,0,7,0,0,0,0,0,0,0,0,0,0,66,124,58,174,154,108,10,142,11,852
UCL515023,0,0,8,0,0,7,6,9,0,29,0,4,31,3,0,6,8,13,0,65,7,14,42,8,4,3,25,23,4,131,17,11,36,3,5,9,13,6,3,100,16,20,29,10,6,0,25,11,5,117,13,5,19,6,8,3,31,12,0,107,6,8,6,0,0,5,21,0,6,45,7,0,0,0,0,0,0,0,0,7,0,0,0,0,0,0,0,0,0,0,64,57,169,28,23,34,126,68,15,600,0,0,0,10,0,15,4,8,0,42,5,3,7,9,8,9,0,0,0,43,14,26,3,19,23,6,0,5,0,100,15,19,11,18,21,0,7,4,0,94,13,21,6,13,20,9,0,19,0,101,15,18,0,20,17,7,3,16,0,93,0,4,0,4,3,4,0,0,0,22,0,0,0,0,0,0,0,0,0,0,0,0,0,0,0,0,0,0,0,0,55,90,28,96,95,56,9,51,8,489
UCL515024,0,0,10,3,0,4,0,4,0,16,0,0,17,0,0,6,0,4,0,28,3,6,20,9,7,4,4,11,0,62,11,8,17,0,4,0,6,5,0,52,13,3,13,0,0,0,15,11,3,58,9,8,18,4,3,5,29,14,0,90,4,0,5,0,0,0,13,3,0,35,4,0,0,0,0,0,0,0,0,3,0,0,0,0,0,0,0,0,0,0,46,34,102,13,13,23,72,52,5,351,0,0,0,0,0,0,3,5,0,13,0,3,0,4,5,0,0,4,0,26,5,16,0,14,7,5,0,9,0,58,12,16,0,11,18,9,0,7,0,60,0,5,5,13,20,7,3,6,0,63,7,12,4,12,18,4,4,9,0,66,4,0,0,6,4,5,0,4,0,22,0,0,0,0,0,0,0,0,0,3,0,0,0,0,0,0,0,0,0,0,32,54,7,69,74,28,8,37,3,315
UCL515025,0,0,6,4,0,4,0,15,4,27,0,0,14,0,0,0,4,5,0,28,3,0,16,4,0,4,8,26,0,69,11,7,17,3,0,0,10,13,0,57,8,13,12,7,0,0,14,13,0,79,7,5,11,4,0,8,18,14,3,67,3,0,9,3,0,0,6,7,0,31,3,0,0,0,0,0,0,3,0,8,0,0,0,0,0,0,0,0,0,0,34,27,86,19,12,22,57,99,14,366,0,0,0,11,0,5,0,0,3,19,0,0,0,5,4,4,0,0,0,18,3,15,0,9,13,3,0,9,3,62,9,13,5,13,9,7,0,5,0,56,4,14,5,14,14,4,3,10,0,78,7,12,3,8,10,16,0,15,0,72,4,0,0,0,0,0,0,4,0,13,0,0,0,0,0,0,0,0,0,0,0,0,0,0,0,0,0,0,0,0,34,52,13,60,60,36,8,44,11,324
UCL515026,0,0,10,0,4,3,5,12,0,31,0,4,41,0,0,0,7,13,0,72,7,7,76,5,8,5,25,14,11,161,13,11,30,10,7,0,23,16,3,110,8,8,33,3,8,4,27,17,0,111,12,4,16,5,6,0,21,14,4,76,3,0,5,0,0,0,5,4,0,19,0,0,0,0,0,0,0,0,0,0,0,0,0,0,0,0,0,0,0,0,55,33,202,24,26,14,120,89,18,581,0,0,3,4,0,13,0,4,0,35,0,4,5,24,6,7,0,9,0,51,16,27,15,27,31,11,9,3,4,151,15,19,6,9,23,10,0,10,0,92,11,14,4,22,31,5,0,13,0,104,5,5,4,11,26,3,4,6,0,65,0,0,0,0,0,0,0,6,0,8,0,0,0,0,0,0,0,0,0,0,0,0,0,0,0,0,0,0,0,0,46,77,36,103,124,48,19,47,14,510
UCL515027,0,0,10,3,0,9,0,13,0,47,0,4,28,6,3,3,11,16,0,81,14,16,49,15,0,3,24,48,3,169,23,18,30,11,0,9,12,19,0,139,28,19,47,11,5,11,21,22,4,166,29,22,41,3,8,6,26,22,7,156,15,18,6,4,3,4,13,7,0,64,3,0,0,0,0,0,0,0,0,9,0,0,0,0,0,0,0,0,0,0,107,93,217,58,24,45,111,153,22,827,0,3,0,7,6,12,0,14,0,41,3,17,6,26,10,11,0,5,0,74,9,48,8,39,21,12,0,10,0,157,21,30,9,36,34,16,3,17,0,159,18,38,7,34,30,14,0,11,5,159,10,43,7,31,24,14,4,23,0,148,9,18,4,9,7,4,0,0,0,54,0,4,0,0,0,0,0,3,0,4,0,0,0,0,0,0,0,0,0,0,68,197,40,178,132,88,7,86,6,799
UCL515028,4,0,8,3,0,10,6,15,0,50,0,9,42,0,6,7,13,13,6,99,33,39,200,14,4,15,82,33,6,417,35,37,170,14,13,0,105,22,14,409,39,45,124,11,5,4,142,15,7,410,16,21,65,4,4,5,120,17,3,263,4,10,7,0,0,0,18,3,0,53,0,0,0,0,0,0,0,0,0,0,0,0,0,0,0,0,0,0,0,0,136,159,623,52,37,45,487,123,46,1698,0,0,8,12,7,7,0,4,0,41,7,11,14,7,20,9,20,10,6,104,20,77,51,49,55,15,59,22,11,359,30,46,34,36,46,15,46,25,8,286,22,22,19,25,30,14,44,23,0,202,13,17,6,10,14,10,18,13,8,108,0,0,0,10,3,0,0,3,0,21,0,0,0,0,0,0,0,0,0,0,0,0,0,0,0,0,0,0,0,0,90,182,131,148,179,81,195,102,25,1120
UCL515029,0,0,7,0,0,0,0,3,4,11,0,0,8,0,0,0,13,6,0,28,10,7,51,5,3,0,36,13,5,123,10,8,62,3,0,0,48,10,8,148,11,3,41,0,4,0,64,13,3,129,0,10,27,4,0,0,49,3,7,99,0,0,0,0,0,3,4,0,0,11,0,0,0,0,0,0,0,0,0,0,0,0,0,0,0,0,0,0,0,0,30,34,189,12,16,3,209,42,21,543,0,0,0,4,0,0,9,0,0,5,0,3,4,3,0,0,6,9,0,21,7,9,3,5,12,0,20,7,4,67,7,7,3,5,17,7,23,8,0,71,5,5,3,5,10,5,22,6,5,56,0,8,4,0,0,9,11,7,0,43,0,0,0,0,0,0,0,0,0,0,0,0,0,0,0,0,0,0,0,0,0,0,0,0,0,0,0,0,0,0,16,25,18,26,35,19,82,36,12,272
UCL515030,0,0,10,6,0,15,8,17,0,55,0,4,28,3,0,3,7,15,0,61,5,11,40,6,0,4,21,20,4,117,9,10,47,5,3,3,43,18,5,133,13,9,37,9,4,4,52,11,0,143,7,17,46,7,6,5,34,19,0,133,6,10,12,0,0,0,12,6,0,42,0,0,4,0,0,0,5,0,0,10,0,0,0,0,0,0,0,0,0,0,47,51,217,35,14,35,169,102,11,688,0,0,4,22,0,28,0,12,0,75,0,6,8,9,15,9,9,7,0,61,8,16,14,27,14,11,8,4,0,105,9,34,11,36,20,5,14,14,0,138,17,33,5,24,31,26,10,19,0,160,12,17,15,31,23,17,5,22,0,136,0,8,4,4,8,3,0,0,0,25,0,0,0,0,0,0,0,0,0,0,0,0,0,0,0,0,0,0,0,0,44,105,53,153,116,101,32,79,4,698
UCL515031,0,0,6,0,0,8,0,12,3,32,0,0,9,4,0,4,4,8,0,31,8,13,23,12,0,5,9,9,0,78,19,20,36,0,4,0,14,16,0,114,35,11,36,4,0,5,24,17,6,126,21,11,36,5,4,4,23,20,8,134,22,5,8,0,0,5,13,4,4,63,3,4,0,0,0,0,0,3,0,20,0,0,0,0,0,0,0,0,0,0,111,64,158,23,9,26,83,84,25,596,0,0,0,15,0,15,0,4,0,32,0,0,4,11,4,3,0,4,4,37,3,17,7,11,8,15,0,6,0,61,11,19,6,21,20,10,0,20,0,110,18,26,3,26,32,16,4,20,0,133,16,27,14,18,24,16,6,21,0,136,11,5,3,3,12,7,0,4,0,42,3,0,0,0,4,0,0,4,3,16,0,0,0,0,0,0,0,0,0,0,65,93,36,96,103,72,17,74,9,564
UCL515032,0,0,4,0,0,5,3,8,0,23,3,0,15,0,0,5,4,7,0,28,9,3,30,0,4,3,3,4,9,61,13,9,30,0,4,0,10,0,0,69,18,5,29,5,3,0,24,7,11,104,11,6,15,5,5,3,19,6,0,69,0,0,0,0,0,0,8,0,0,9,0,0,0,0,0,0,0,0,0,0,0,0,0,0,0,0,0,0,0,0,50,25,136,10,13,14,71,35,21,376,0,0,0,8,4,4,3,3,0,23,0,3,7,8,4,7,0,0,0,29,3,11,9,7,12,5,3,0,0,61,4,16,8,9,27,3,5,6,4,77,9,20,4,15,26,9,3,5,5,93,10,3,4,17,21,0,0,3,0,64,0,0,0,3,0,0,0,0,0,5,0,0,0,0,0,0,0,0,0,0,0,0,0,0,0,0,0,0,0,0,22,62,36,55,87,36,13,23,10,358
UCL515033,0,0,8,0,0,16,0,14,0,38,0,0,21,0,0,3,7,10,0,47,14,23,94,11,3,0,53,4,6,207,28,22,110,6,11,0,99,10,10,300,21,11,71,6,6,0,71,10,5,206,14,3,40,3,7,0,57,4,7,136,0,0,6,0,0,0,12,0,0,21,0,0,0,0,0,0,0,0,0,3,0,0,0,0,0,0,0,0,0,0,81,75,348,17,26,22,307,62,26,960,0,0,0,10,0,7,3,4,0,31,0,6,4,13,4,0,5,4,0,36,16,49,8,24,30,7,19,17,0,172,13,33,15,41,48,11,22,15,0,211,12,21,11,8,29,5,20,14,0,125,11,9,5,9,17,11,9,6,0,75,0,3,0,6,4,0,0,0,0,18,0,0,0,0,0,0,0,0,0,0,0,0,0,0,0,0,0,0,0,0,52,128,44,111,127,47,90,61,6,669
UCL515034,0,0,6,4,0,4,0,7,0,17,0,0,15,3,0,0,6,7,0,39,12,11,46,4,3,4,27,25,0,126,8,5,37,7,3,7,27,14,4,108,25,9,42,5,0,3,31,16,4,135,7,7,36,8,3,3,19,23,0,107,4,0,0,3,0,0,0,4,0,25,0,0,0,0,4,0,0,0,0,7,0,0,0,0,0,0,0,0,0,0,59,42,181,31,21,22,111,88,3,565,0,0,3,8,0,8,0,4,0,25,0,3,5,12,4,4,3,3,0,34,9,11,11,30,17,9,6,8,7,100,9,28,3,20,16,19,0,14,3,115,15,22,12,22,15,14,6,18,0,116,8,14,5,15,22,3,0,10,0,70,4,4,0,5,3,0,0,3,0,16,0,0,0,0,0,0,0,0,0,0,0,0,0,0,0,0,0,0,0,0,48,77,39,115,79,59,12,53,4,483
UCL515035,0,0,5,0,0,0,0,6,0,12,0,0,8,0,0,0,0,4,0,12,0,4,22,0,0,3,3,12,0,47,7,0,13,0,0,0,10,4,5,45,10,0,10,0,0,0,8,7,0,34,12,8,13,5,0,4,21,15,0,62,12,0,0,0,0,5,5,6,0,24,0,0,0,0,0,0,0,0,0,0,0,0,0,0,0,0,0,0,0,0,35,18,69,3,3,9,40,50,9,239,0,0,0,4,0,6,0,5,0,14,0,3,0,0,4,4,0,0,0,16,0,9,0,15,9,0,0,6,0,44,0,5,0,3,5,3,0,10,0,36,5,11,6,14,10,4,8,8,0,49,8,9,5,10,8,6,7,9,3,56,0,6,0,0,8,4,0,7,0,19,0,0,0,0,0,0,0,0,0,4,0,0,0,0,0,0,0,0,0,0,15,35,13,46,48,27,9,42,4,242
UCL515036,0,0,16,0,0,3,3,5,0,28,0,0,17,0,5,0,4,10,0,37,7,0,32,3,5,0,15,10,5,80,0,9,24,4,0,0,24,13,0,76,7,5,35,0,3,0,42,5,0,101,3,6,30,4,6,5,48,11,0,108,3,0,11,0,0,0,11,8,0,31,0,0,0,0,0,3,0,0,0,8,0,0,0,0,0,0,0,0,0,0,24,24,167,10,12,9,135,68,9,461,0,0,3,3,0,8,0,6,0,25,0,0,0,12,4,0,0,6,0,30,0,9,12,11,8,0,3,8,0,57,5,14,12,10,9,10,5,8,0,85,6,11,10,20,18,8,0,15,8,91,5,7,10,20,15,7,3,14,0,78,3,0,0,3,4,0,0,7,0,24,0,0,0,0,0,0,0,0,0,3,0,0,0,0,0,0,0,0,0,0,19,43,43,77,68,42,19,71,7,390
UCL515037,0,0,6,0,0,9,3,17,0,33,0,0,21,0,0,3,7,8,0,43,10,12,115,4,10,6,25,35,5,214,13,23,105,4,7,0,43,21,7,237,10,3,68,0,7,0,40,16,6,154,6,17,53,0,6,0,29,10,4,122,0,0,5,5,0,0,0,3,0,14,0,0,0,0,0,0,0,0,0,0,0,0,0,0,0,0,0,0,0,0,41,57,380,11,31,12,149,106,27,822,0,0,0,6,0,6,0,3,0,23,0,7,4,3,5,0,7,10,5,38,4,22,20,21,29,9,9,7,0,117,17,18,16,19,26,5,11,14,4,125,12,10,10,13,13,6,5,9,0,76,0,9,0,7,7,4,8,4,0,33,0,0,0,0,0,0,0,0,0,0,0,0,0,0,0,0,0,0,0,0,0,0,0,0,0,0,0,0,0,0,37,61,52,71,69,30,39,53,7,414
UCL515038,0,0,5,6,0,6,0,11,0,26,0,0,13,0,0,0,0,7,0,22,6,12,20,7,0,10,14,16,0,76,11,11,18,3,3,0,9,10,0,68,13,11,17,7,0,0,26,7,0,83,18,7,29,10,6,9,25,18,0,114,12,10,11,0,0,4,8,5,0,49,4,0,0,0,0,0,0,0,0,8,0,0,0,0,0,0,0,0,0,0,59,45,118,29,13,27,89,74,5,456,0,0,0,9,3,4,0,7,0,20,0,6,0,7,4,6,0,3,0,20,4,23,8,7,7,4,0,9,0,59,6,16,3,17,21,8,0,11,0,83,12,18,5,19,24,8,0,3,0,93,8,16,8,31,19,9,4,15,7,112,4,8,5,3,9,0,0,3,0,36,0,0,0,3,0,0,0,0,0,5,0,0,0,0,0,0,0,0,0,0,38,79,29,88,82,46,6,51,11,432
UCL521001,0,0,4,0,0,0,0,4,0,17,0,0,0,0,0,0,3,0,0,6,0,0,7,0,0,0,3,0,0,15,0,0,11,0,3,0,9,0,0,28,0,4,15,0,0,0,8,0,0,32,7,3,10,0,0,0,9,3,0,22,0,0,0,0,0,0,4,3,0,9,0,0,0,0,0,0,0,0,0,0,0,0,0,0,0,0,0,0,0,0,6,13,52,0,3,5,35,17,6,137,0,0,6,0,0,3,0,5,0,10,0,0,0,0,0,0,3,0,0,7,0,0,0,3,0,0,0,0,0,12,4,8,3,8,7,7,0,0,0,28,4,13,3,3,7,3,0,5,0,32,3,4,4,3,5,3,0,0,0,25,0,0,0,0,0,0,0,0,0,0,0,0,0,0,0,0,0,0,0,0,0,0,0,0,0,0,0,0,0,0,5,19,18,18,21,13,6,12,0,120
UCL521002,0,0,4,0,0,4,0,0,0,12,0,0,4,0,0,0,5,0,0,6,0,0,12,0,0,0,0,0,0,23,0,4,12,0,0,0,8,5,4,33,6,4,16,3,3,0,3,5,0,36,0,3,5,7,0,0,9,5,0,24,8,0,3,3,0,0,3,3,0,13,0,0,0,0,0,0,0,0,0,0,0,0,0,0,0,0,0,0,0,0,14,14,54,6,4,7,24,10,9,151,0,0,0,6,0,4,0,0,0,13,0,0,5,0,4,0,0,0,0,12,0,6,3,3,0,0,0,0,0,15,0,6,3,3,3,4,0,0,0,25,0,8,0,14,8,8,4,4,0,44,5,9,0,5,5,0,0,0,5,25,0,7,0,4,3,0,0,0,0,18,3,0,0,0,0,0,0,0,0,3,0,0,0,0,0,0,0,0,0,0,10,32,12,42,28,19,7,12,5,151
UCL521003,0,0,0,0,0,0,0,3,0,3,0,0,0,0,0,0,0,0,0,3,0,0,4,0,0,0,0,5,0,16,3,0,7,0,0,0,9,5,0,24,0,0,5,7,0,0,6,4,0,22,7,3,9,5,4,0,11,3,0,30,7,0,0,0,0,0,7,0,0,14,0,0,0,0,0,0,0,0,0,3,0,0,0,0,0,0,0,0,0,0,19,0,30,6,5,4,30,24,5,122,0,0,0,0,0,0,0,0,0,4,0,0,0,0,0,0,0,0,0,0,0,7,0,6,0,0,0,0,0,15,0,8,0,8,5,4,0,0,0,27,3,5,5,5,6,0,0,5,0,25,6,5,0,3,6,3,0,4,0,31,0,0,3,0,0,3,0,0,0,12,0,0,0,0,0,0,0,5,0,0,0,0,0,0,0,0,0,0,0,0,15,22,9,20,19,15,0,11,6,113
UCL521004,0,0,0,0,0,0,0,0,0,0,0,3,0,0,0,0,0,0,0,3,0,0,4,0,0,4,0,0,0,15,0,7,0,0,0,0,3,0,0,11,0,3,0,0,0,0,0,0,0,11,0,0,0,3,0,0,0,0,0,5,0,0,0,0,0,0,0,0,0,0,0,0,0,0,0,0,0,0,0,0,0,0,0,0,0,0,0,0,0,0,0,21,5,3,0,5,6,4,3,56,0,0,0,0,0,0,0,0,0,0,0,0,0,0,0,0,0,0,0,5,0,8,0,3,5,0,0,0,0,21,3,0,0,0,0,0,0,0,0,10,3,5,0,5,5,0,0,0,0,16,5,3,4,0,0,0,0,0,0,9,0,0,0,0,0,0,0,0,0,0,0,0,0,0,0,0,0,0,0,0,0,0,0,0,0,0,0,0,0,0,9,24,4,13,9,3,0,0,0,65
UCL521005,0,0,0,0,0,0,0,0,0,0,0,0,11,0,0,0,5,3,0,20,6,5,18,4,0,0,11,5,0,44,7,0,14,4,0,0,22,0,0,54,3,0,18,0,0,0,18,0,3,53,4,9,12,0,4,6,24,0,0,63,4,0,3,0,0,0,7,0,0,18,3,0,0,0,0,0,0,0,0,4,0,0,0,0,0,0,0,0,0,0,27,20,74,6,6,5,82,22,10,254,0,0,0,0,0,0,0,4,0,5,0,0,4,0,0,0,3,0,0,18,0,10,3,9,10,0,10,5,0,40,7,10,0,4,9,0,15,6,0,49,5,4,0,8,9,0,7,8,0,40,4,4,4,4,9,7,3,6,0,51,5,3,0,4,0,0,0,0,0,10,0,0,0,0,0,0,0,0,0,0,0,0,0,0,0,0,0,0,0,0,19,27,13,24,39,14,38,33,0,210
UCL521006,0,0,6,0,0,0,0,0,0,11,0,0,10,0,0,3,0,0,0,17,0,6,4,0,0,0,10,4,0,27,0,3,15,3,0,0,8,0,0,41,3,3,7,8,0,0,12,6,0,45,0,0,6,3,0,0,13,12,4,48,8,0,6,0,0,0,4,0,0,10,0,0,0,0,0,0,0,0,0,3,0,0,0,0,0,0,0,0,0,0,16,19,52,20,5,5,52,24,5,190,0,0,0,6,0,3,0,0,0,16,0,0,0,3,4,0,0,0,0,6,0,4,3,0,8,0,0,3,0,22,8,8,4,7,9,6,6,3,0,44,0,10,5,6,8,6,0,7,0,42,8,7,3,8,11,5,5,9,0,53,0,0,0,0,0,0,0,5,0,8,0,0,0,0,0,0,0,0,0,0,0,0,0,0,0,0,0,0,0,0,16,37,12,35,40,20,7,26,0,195
UCL521007,0,0,0,0,0,0,0,3,0,10,0,0,3,0,0,0,0,7,0,13,0,0,8,0,0,0,5,3,0,12,0,0,6,0,0,0,0,0,0,11,0,0,3,0,0,0,4,0,0,12,0,0,3,0,0,0,4,4,0,20,3,0,0,0,0,0,3,3,0,11,0,0,0,0,0,0,0,0,0,0,0,0,0,0,0,0,0,0,0,0,14,5,27,0,3,7,17,16,0,89,0,0,0,0,0,0,0,3,0,3,0,0,0,3,4,4,0,6,0,9,0,3,3,0,5,0,0,0,0,19,0,9,0,6,0,5,0,6,0,25,0,6,0,3,0,5,0,0,0,17,3,6,0,3,0,0,0,3,0,18,0,0,0,0,0,0,0,0,0,3,0,0,0,0,0,0,0,0,0,4,0,0,0,0,0,0,0,0,0,0,5,19,5,21,14,9,0,16,0,98
UCL521008,0,0,0,0,0,0,0,0,0,0,0,0,0,0,0,0,0,5,0,10,0,3,4,0,0,0,6,0,0,15,0,0,0,4,0,0,4,3,0,11,7,0,0,0,0,0,7,5,0,15,3,0,3,0,0,4,0,3,0,21,5,0,6,0,0,0,0,3,0,9,0,0,0,0,0,0,0,0,0,5,0,0,0,0,0,0,0,0,0,0,17,9,12,3,7,6,16,22,0,93,0,0,0,0,0,0,0,0,0,0,0,5,0,0,0,0,0,0,0,8,0,7,3,3,0,0,0,4,0,22,0,0,0,10,0,6,0,0,0,14,4,5,0,4,4,0,0,6,0,20,4,0,0,0,3,0,0,0,0,20,0,0,0,6,0,0,0,0,0,8,0,0,0,0,0,0,0,0,0,0,0,0,0,0,0,0,0,0,0,0,8,13,7,20,14,6,4,13,0,88
UCL521009,0,0,6,0,0,0,4,0,0,5,0,0,4,0,0,0,3,3,0,10,6,0,6,4,0,0,0,8,0,26,0,0,14,0,0,0,3,0,0,31,0,6,10,0,0,0,0,0,0,25,10,0,6,0,4,3,8,6,0,29,0,0,0,0,0,0,4,0,0,11,0,0,0,0,0,0,0,0,0,0,0,0,0,0,0,0,0,0,0,0,16,5,42,7,8,5,27,21,0,132,0,0,0,0,0,0,0,0,0,0,0,0,0,0,0,0,0,0,0,6,3,0,0,6,3,0,0,0,0,15,7,5,4,7,0,0,0,0,0,21,0,0,3,6,0,0,0,3,0,18,0,4,0,4,4,0,0,3,0,12,3,0,0,3,0,0,0,0,0,3,0,0,0,0,0,0,0,0,0,0,0,0,0,0,0,0,0,0,0,0,12,13,7,20,12,3,7,9,0,74
UCL521010,0,0,5,0,0,0,0,3,0,13,0,0,4,0,0,0,5,4,0,20,0,0,14,4,0,0,3,4,0,27,0,5,8,0,0,0,5,3,0,29,0,0,13,0,0,0,7,10,0,36,0,0,3,0,0,0,16,0,0,22,0,0,0,0,0,0,5,0,0,12,0,0,0,0,0,0,0,0,0,0,0,0,0,0,0,0,0,0,0,0,8,8,53,4,0,0,39,25,8,150,0,0,0,0,0,0,0,3,0,5,0,0,0,4,0,3,0,0,0,12,0,4,3,4,4,0,3,7,0,22,0,4,3,4,3,4,0,0,0,18,4,7,0,9,6,3,0,4,0,43,0,3,0,14,7,0,0,6,0,32,0,0,0,0,0,0,0,0,0,4,0,0,0,0,0,0,0,0,0,0,0,0,0,0,0,0,0,0,0,0,3,17,11,30,22,17,11,24,0,135
UCL521011,0,0,3,3,0,0,4,4,0,12,0,0,0,0,0,0,0,4,0,12,0,0,13,0,0,4,3,4,0,26,4,6,17,0,0,0,8,3,0,47,4,5,8,0,0,0,13,0,0,37,4,3,4,0,0,0,6,0,0,20,0,0,0,0,0,0,0,0,0,4,0,0,0,0,0,0,0,0,0,0,0,0,0,0,0,0,0,0,0,0,9,12,58,9,3,3,32,22,0,154,0,0,0,0,0,7,0,7,0,10,0,0,0,0,3,0,0,0,0,5,0,4,0,0,6,3,0,0,0,21,7,8,0,10,17,0,0,8,0,46,5,3,3,9,15,5,0,0,0,36,0,3,0,0,4,0,0,0,0,18,0,0,0,0,0,0,0,0,0,4,0,0,0,0,0,0,0,0,0,0,0,0,0,0,0,0,0,0,0,0,9,29,9,27,43,14,7,17,0,143
UCL521012,0,0,0,0,0,5,0,0,0,9,0,0,5,0,0,0,0,0,0,5,0,0,14,5,0,0,0,3,0,24,0,3,14,0,0,0,0,4,0,27,12,0,4,3,0,0,7,4,0,30,4,4,0,5,0,0,10,0,0,23,0,0,0,0,0,0,3,0,0,12,0,0,0,0,0,0,0,0,0,0,0,0,0,0,0,0,0,0,0,0,15,11,33,9,0,5,24,20,3,127,0,0,0,5,0,0,0,0,0,6,0,0,0,0,0,0,0,0,0,5,0,0,0,3,11,5,0,0,0,22,3,4,0,0,0,4,0,0,0,17,0,11,0,4,3,0,0,0,0,29,9,4,0,5,9,3,0,5,0,35,0,0,0,0,4,0,0,4,0,11,0,0,0,0,0,0,0,0,0,0,0,0,0,0,0,0,0,0,0,0,15,22,7,20,24,14,3,9,0,114
UCL521013,0,0,3,0,0,3,0,11,0,19,0,0,7,0,0,0,0,5,0,16,0,6,17,7,0,0,7,0,0,34,4,6,14,3,0,3,7,4,0,33,5,3,13,6,7,0,3,4,3,47,5,0,13,0,3,0,12,8,5,48,0,0,3,0,0,0,6,0,0,12,0,0,0,0,0,0,0,0,0,0,0,0,0,0,0,0,0,0,0,0,21,17,72,19,16,9,31,32,6,216,0,0,4,3,0,4,0,4,0,21,0,0,0,0,3,0,0,0,0,9,4,4,9,6,10,3,6,0,0,39,3,8,4,9,14,0,0,0,0,43,3,9,0,13,12,12,0,0,0,56,0,10,0,12,3,6,0,3,0,38,0,0,0,0,5,0,0,0,0,11,0,0,0,0,0,0,0,0,0,0,0,0,0,0,0,0,0,0,0,0,18,31,14,45,46,29,7,11,0,212
UCL521014,0,0,5,0,0,0,0,0,0,3,0,0,4,0,0,0,7,0,0,13,7,7,20,3,0,0,22,5,0,54,0,4,21,0,0,0,20,0,0,47,3,7,12,3,5,0,21,0,4,52,6,6,9,0,4,0,28,3,5,61,4,0,0,0,0,0,8,4,0,15,0,0,0,0,0,0,0,0,0,0,0,0,0,0,0,0,0,0,0,0,22,20,62,4,8,5,108,17,4,256,0,0,0,0,0,0,0,0,0,3,0,0,0,0,0,0,0,0,0,4,0,6,0,0,6,0,3,3,0,16,5,0,3,4,3,0,4,6,0,22,8,0,4,9,8,3,5,6,0,42,0,8,0,3,3,6,0,5,0,29,0,0,0,0,4,0,0,6,0,13,0,0,0,0,0,0,0,0,0,0,0,0,0,0,0,0,0,0,0,0,11,15,13,23,26,10,14,17,3,134
UCL521015,0,0,6,0,0,0,0,8,0,10,0,0,0,0,0,0,0,4,0,12,0,0,9,0,0,3,7,3,0,25,3,3,10,3,0,0,7,4,0,25,7,0,4,0,0,0,8,0,5,35,10,0,8,0,0,3,5,5,5,31,13,0,6,0,0,6,0,0,0,20,0,0,0,0,0,0,0,0,0,0,0,0,0,0,0,0,0,0,0,0,36,4,39,4,8,9,21,25,9,160,0,0,0,4,0,3,0,0,0,3,0,0,0,0,0,0,0,0,0,6,0,10,0,3,6,3,0,5,0,34,6,0,0,7,7,0,0,3,0,25,3,3,0,3,3,4,0,3,0,27,4,3,0,3,3,10,0,0,0,27,4,3,0,0,5,0,0,4,0,19,0,0,0,0,0,0,0,0,0,0,0,0,0,0,0,0,0,0,0,0,22,21,3,19,32,14,5,17,0,137
UCL521016,0,0,9,0,0,0,0,5,0,7,0,0,6,0,0,3,0,6,0,16,13,4,7,3,0,3,3,3,0,45,4,9,11,0,0,3,7,0,0,28,7,0,13,6,0,0,4,0,0,31,10,0,3,0,0,0,6,0,0,27,5,0,3,3,0,0,3,0,0,14,0,0,0,0,0,0,0,0,0,0,0,0,0,0,0,0,0,0,0,0,40,13,44,6,0,15,22,24,0,170,0,0,0,3,0,0,0,0,0,5,0,0,0,0,4,4,0,3,0,10,3,4,0,5,3,0,0,7,0,21,0,0,0,8,0,0,0,0,0,21,0,4,0,4,6,0,0,9,0,28,3,0,0,5,8,0,0,3,0,18,0,0,0,0,5,3,0,0,0,8,0,0,0,0,0,0,0,0,0,0,0,0,0,0,0,0,0,0,0,0,7,15,9,23,28,16,8,23,0,119
UCL521017,0,0,0,0,0,0,3,0,0,4,0,0,8,0,0,3,0,0,0,17,20,6,7,0,0,0,9,9,0,44,14,0,19,0,4,0,0,3,0,49,3,9,7,0,0,0,4,3,0,30,9,3,6,0,0,0,7,8,0,37,6,0,4,0,0,0,0,5,0,17,3,0,0,0,0,0,0,0,0,3,0,0,0,0,0,0,0,0,0,0,51,18,48,8,3,10,31,24,3,200,0,0,0,0,0,0,0,0,0,3,0,3,0,0,4,3,0,0,0,13,0,12,0,4,9,0,0,4,0,34,4,10,0,3,11,5,0,3,3,31,4,0,0,0,8,4,0,3,0,23,5,0,0,3,14,0,0,0,0,20,3,0,0,0,0,0,0,0,0,7,0,0,0,0,0,0,0,0,0,4,0,0,0,0,0,0,0,0,0,0,16,26,0,13,49,15,6,12,3,144
UCL521018,0,0,0,0,0,0,0,6,0,12,0,0,8,0,0,6,0,0,0,13,0,0,10,0,0,0,9,3,0,31,5,0,7,0,0,0,6,9,0,22,7,3,6,0,4,0,4,10,0,30,4,0,5,0,0,0,7,0,0,13,0,0,4,0,0,0,0,4,0,9,0,0,0,0,0,0,0,0,0,0,0,0,0,0,0,0,0,0,0,0,17,8,36,4,3,3,35,23,4,135,0,0,0,0,0,0,0,0,0,5,0,0,0,3,0,4,0,0,0,12,6,3,0,5,3,0,0,4,0,21,0,7,3,4,8,0,0,0,0,21,3,9,0,8,4,3,0,3,0,26,4,7,0,3,6,0,0,3,0,15,0,0,0,0,0,0,0,0,0,8,0,0,0,0,0,0,0,0,0,0,0,0,0,0,0,0,0,0,0,0,11,29,3,18,24,10,3,9,0,112
UCL521019,0,0,6,0,0,0,0,3,0,7,0,3,0,0,0,0,5,0,0,15,5,8,19,4,0,0,3,9,0,46,10,9,20,0,0,6,6,9,0,61,15,7,19,0,4,4,10,10,0,58,25,4,16,8,3,0,15,15,0,98,9,3,4,3,0,0,4,8,0,28,5,0,0,0,0,0,0,0,0,5,0,0,0,0,0,0,0,0,0,0,55,32,84,15,12,13,38,51,5,316,0,0,0,4,0,0,0,0,0,8,0,0,0,5,5,5,0,4,0,19,9,10,8,13,15,5,0,3,0,55,9,4,0,6,12,3,0,3,5,46,15,12,0,10,12,3,0,3,0,57,18,7,3,11,22,7,3,10,0,83,0,3,0,4,0,4,0,3,3,20,0,0,0,0,0,0,0,0,0,5,0,0,0,0,0,0,0,0,0,0,45,39,15,56,66,31,5,28,10,298
UCL521020,0,0,0,0,0,0,0,8,0,5,0,0,3,0,0,0,0,0,0,9,0,0,6,0,0,0,0,3,3,19,0,0,8,0,0,0,8,0,4,27,6,3,15,3,0,0,10,3,0,41,4,0,9,0,3,0,10,6,0,36,0,0,0,0,0,0,0,0,0,3,0,0,0,0,0,0,0,0,0,3,0,0,0,0,0,0,0,0,0,0,17,8,45,5,3,5,28,24,8,147,0,0,0,3,0,0,0,0,0,9,0,0,0,3,0,0,0,0,0,11,0,0,0,6,9,5,0,0,0,19,5,5,5,0,3,0,0,0,0,22,3,8,0,5,10,3,0,4,0,41,0,3,0,0,7,3,0,5,0,23,0,4,0,0,0,0,0,0,0,6,0,0,0,0,0,0,0,0,0,0,0,0,0,0,0,0,0,0,0,0,10,18,5,25,27,15,3,19,0,127
UCL521021,0,0,0,0,0,0,0,0,0,6,0,0,5,0,0,0,0,5,0,13,3,3,6,0,0,0,11,5,0,27,14,0,9,0,0,0,8,8,0,43,10,3,9,0,4,0,13,4,6,45,7,3,6,0,3,0,11,9,0,34,3,0,0,0,0,6,0,6,0,13,5,0,0,0,0,0,0,0,0,5,0,0,0,0,0,0,0,0,0,0,39,11,36,3,5,8,42,34,8,188,0,0,0,3,0,3,0,0,0,11,0,0,0,0,0,4,0,0,0,13,4,5,0,3,10,3,0,15,0,46,6,11,0,3,12,3,0,10,0,48,7,10,0,0,0,0,0,8,0,35,5,6,3,0,12,0,8,9,0,32,0,0,0,0,3,0,0,0,0,10,0,0,0,0,0,0,0,0,0,3,0,0,0,0,0,0,0,0,0,0,27,28,7,19,40,14,8,41,5,192
UCL521022,0,0,0,4,0,0,0,3,0,10,0,0,3,6,0,0,0,0,0,11,0,9,10,4,0,0,0,5,0,30,6,9,13,0,0,5,0,0,0,35,14,15,9,4,3,6,0,0,0,42,12,12,6,0,0,3,3,0,0,41,3,3,0,0,0,0,0,0,0,12,0,0,0,0,0,0,0,0,0,0,0,0,0,0,0,0,0,0,0,0,37,57,42,11,3,8,8,12,0,185,0,0,0,11,0,0,0,0,0,14,0,0,0,0,0,3,0,0,0,7,0,10,3,4,0,7,0,0,0,30,7,17,0,8,5,5,0,3,0,39,9,20,0,9,6,5,0,7,0,54,11,13,0,3,10,10,0,4,0,45,0,0,0,0,0,4,0,0,0,11,0,0,0,0,0,0,0,0,0,0,0,0,0,0,0,0,0,0,0,0,24,64,11,37,29,26,0,17,3,206
UCL521023,0,0,0,0,0,0,0,0,0,4,0,4,10,0,0,0,0,0,0,8,4,0,12,0,0,0,0,3,0,23,8,0,10,0,4,0,0,6,0,29,6,0,9,3,0,0,6,3,0,27,4,3,10,0,0,0,9,0,0,27,6,0,0,0,0,0,11,0,0,19,0,0,0,0,0,0,0,0,0,3,0,0,0,0,0,0,0,0,0,0,30,11,45,3,4,3,26,15,0,140,0,0,0,0,4,0,0,0,0,4,0,0,0,4,4,0,0,0,0,9,0,6,0,7,3,0,0,3,0,27,0,5,0,4,3,0,0,0,0,27,3,0,0,0,3,0,0,4,0,14,0,0,3,0,7,0,0,0,0,16,0,0,5,0,3,0,0,0,0,13,0,0,0,0,0,0,0,0,0,0,0,0,0,0,0,0,0,0,0,0,11,20,11,12,28,7,3,13,4,98
UCL521024,0,0,0,0,0,0,0,0,0,6,0,7,6,4,0,3,0,7,0,20,8,14,5,17,6,0,3,6,0,61,6,8,7,14,0,0,3,6,0,54,14,10,6,7,4,0,4,3,4,52,12,3,4,9,0,0,9,6,5,51,0,3,3,0,3,0,4,0,0,16,0,0,0,0,0,0,0,0,0,4,0,0,0,0,0,0,0,0,0,0,40,50,33,45,15,3,24,31,8,254,0,0,0,3,0,0,0,4,0,6,0,8,0,4,0,0,0,0,0,17,3,20,0,12,4,11,0,4,5,61,4,12,4,15,10,0,0,0,4,45,10,11,5,7,9,3,0,3,3,52,9,20,0,6,0,0,0,0,3,45,5,3,0,0,0,0,0,0,0,15,0,0,0,0,0,0,0,0,0,0,0,0,0,0,0,0,0,0,0,0,29,70,12,60,24,13,0,15,11,231
UCL521025,0,0,0,0,0,0,0,0,0,0,0,0,0,0,0,0,0,0,0,7,3,9,21,6,0,0,14,0,0,51,9,9,12,3,0,0,4,4,0,43,6,10,11,0,3,0,9,4,0,46,0,6,20,3,0,6,12,0,4,44,0,5,3,0,0,0,3,0,0,13,0,0,0,0,0,0,0,0,0,0,0,0,0,0,0,0,0,0,0,0,25,31,67,10,3,0,43,14,11,210,0,0,0,4,0,0,0,0,0,6,0,3,0,4,0,0,0,3,0,15,0,9,7,3,10,3,5,0,0,40,7,10,0,8,8,0,0,0,0,32,5,3,0,0,5,0,3,4,0,31,5,4,5,7,4,0,6,5,0,34,0,0,0,0,0,0,0,0,0,3,0,0,0,0,0,0,0,0,0,0,0,0,0,0,0,0,0,0,0,0,12,31,10,25,28,15,11,16,5,158
UCL521026,0,0,8,0,0,0,0,4,0,11,0,4,7,0,0,0,0,0,0,13,0,4,9,4,0,0,0,0,0,19,6,4,11,0,0,0,7,0,0,31,4,4,16,8,0,0,17,0,6,55,4,0,13,4,0,0,10,5,0,41,3,0,0,0,0,0,7,5,0,12,0,0,0,0,0,0,0,0,0,4,0,0,0,0,0,0,0,0,0,0,20,21,55,9,3,4,45,18,6,181,0,0,0,3,6,8,0,3,0,18,0,0,4,5,0,0,0,0,0,14,0,6,3,3,6,0,0,6,0,25,4,15,0,9,4,3,0,8,0,36,16,9,3,9,17,0,6,6,0,64,8,3,0,5,5,0,0,0,0,28,0,4,0,0,0,0,0,0,0,4,0,0,0,0,0,0,0,0,0,0,0,0,0,0,0,0,0,0,0,0,24,36,13,35,36,12,7,14,0,187
UCL521027,0,0,0,0,0,6,4,0,4,11,0,0,3,0,0,0,8,0,0,17,0,9,20,0,0,0,33,3,3,72,3,9,13,0,0,0,26,5,0,53,4,3,19,0,0,0,24,4,0,58,3,6,10,0,5,0,15,0,0,37,0,0,4,0,0,0,0,0,0,10,0,0,0,0,0,0,0,0,0,3,0,0,0,0,0,0,0,0,0,0,15,27,68,5,3,9,115,15,7,259,0,0,0,3,0,4,0,5,0,17,0,0,3,0,0,0,3,0,0,12,0,9,0,6,3,0,0,4,0,25,0,0,0,4,4,0,8,8,0,22,0,3,5,0,5,5,6,5,0,29,4,4,0,0,5,0,0,0,0,14,0,0,0,0,0,0,0,0,0,4,0,0,0,0,0,0,0,0,0,0,0,0,0,0,0,0,0,0,0,0,7,15,11,16,27,8,16,17,0,125
UCL521028,0,0,5,0,0,0,0,4,5,11,0,0,0,0,0,0,0,0,0,8,0,3,12,3,0,0,4,9,0,33,6,0,6,4,0,0,0,10,0,26,6,0,6,0,0,0,4,4,0,25,8,0,10,4,0,0,13,8,0,44,0,0,0,0,0,0,0,0,0,7,0,0,0,0,0,0,0,0,0,3,0,0,0,0,0,0,0,0,0,0,21,11,42,6,0,4,29,33,0,156,0,0,0,0,0,0,0,4,0,15,0,0,0,0,0,0,0,0,0,9,0,6,0,4,5,0,0,0,0,23,0,5,3,8,4,5,0,6,0,23,3,0,3,12,8,0,0,11,0,39,0,4,6,15,0,4,0,8,0,36,0,0,0,0,6,0,0,0,0,9,0,0,0,0,0,0,0,0,0,0,0,0,0,0,0,0,0,0,0,0,12,18,9,37,18,17,4,29,3,144
UCL521029,0,0,0,0,0,0,0,8,0,13,0,0,4,0,0,3,0,6,0,17,3,0,15,3,0,5,5,10,0,42,3,0,7,0,0,3,5,18,0,37,8,0,8,0,0,0,11,9,0,33,4,0,14,0,0,0,15,12,0,55,9,0,3,0,0,0,9,0,0,22,5,0,0,0,0,0,0,0,0,0,0,0,0,0,0,0,0,0,0,0,38,7,56,8,6,7,44,61,4,224,0,0,0,6,0,0,0,0,3,3,0,0,0,0,5,0,0,9,0,10,3,8,0,7,5,0,0,0,0,29,8,7,7,9,0,0,0,5,0,32,0,3,3,4,0,3,3,4,0,31,5,11,4,4,14,3,0,8,0,42,5,0,0,0,6,0,0,0,0,14,0,0,0,0,0,0,0,0,0,0,0,0,0,0,0,0,0,0,0,0,24,33,10,32,24,6,12,28,6,172
UCL521030,0,0,4,0,0,3,0,0,0,10,0,0,0,0,0,0,5,10,0,16,0,0,9,3,0,0,4,19,0,39,3,8,0,0,0,0,4,3,0,18,10,3,10,0,0,0,0,10,0,29,11,4,5,0,0,3,4,3,0,34,3,0,3,0,0,0,0,3,0,13,0,0,0,0,0,0,0,0,0,4,0,0,0,0,0,0,0,0,0,0,30,12,31,4,0,9,24,49,8,170,0,0,0,0,0,0,0,0,0,0,0,0,0,0,0,3,0,11,0,11,8,0,4,3,4,0,0,46,0,64,5,3,0,4,4,0,0,4,4,29,7,0,0,0,5,0,0,3,0,24,6,8,0,5,4,3,0,10,0,33,0,0,0,0,3,0,0,0,3,11,0,0,0,0,0,0,0,0,0,6,0,0,0,0,0,0,0,0,0,0,21,18,0,12,19,7,0,76,9,166
UCL521031,0,0,0,0,0,0,0,0,0,4,0,0,5,0,0,0,3,7,0,20,8,13,23,5,3,7,20,10,3,89,12,5,17,0,0,0,20,5,0,56,12,0,18,3,0,0,18,7,0,59,5,11,18,3,0,0,13,9,0,59,3,0,7,0,0,0,5,0,0,13,0,0,0,0,0,0,0,0,0,0,0,0,0,0,0,0,0,0,0,0,36,38,83,18,9,6,81,36,4,305,0,0,0,0,0,0,0,0,0,0,0,0,0,0,0,0,0,0,0,7,0,7,0,8,12,3,0,5,0,41,4,3,0,4,6,3,0,3,0,28,0,3,0,3,4,0,4,0,0,22,8,9,0,0,3,0,0,0,0,25,4,0,0,0,0,5,0,0,0,7,0,0,0,0,0,0,0,0,0,3,0,0,0,0,0,0,0,0,0,0,19,23,7,25,27,7,3,18,0,133
UCL521032,0,0,0,0,0,0,0,0,0,0,0,0,0,4,0,0,0,0,0,7,4,7,6,4,0,5,0,3,0,26,0,6,5,0,0,0,0,0,0,15,3,0,4,7,3,0,3,3,0,24,6,5,5,6,7,0,6,3,0,40,3,5,0,0,5,0,0,0,0,13,0,0,0,0,0,0,0,0,0,0,0,0,0,0,0,0,0,0,0,0,19,21,24,19,13,12,16,10,0,126,0,0,0,0,0,0,0,0,4,4,0,0,0,0,4,0,0,0,0,7,0,14,3,0,5,3,0,4,0,34,0,5,0,3,5,0,0,4,0,14,3,5,0,3,3,4,0,0,0,19,3,6,0,5,0,0,0,6,0,25,0,0,0,3,0,0,0,4,0,4,0,0,0,0,0,0,0,0,0,0,0,0,0,0,0,0,0,0,0,0,6,25,3,15,18,7,4,10,9,102
UCL521033,0,0,0,0,0,0,0,0,0,0,0,0,0,0,0,0,0,6,0,8,0,8,10,0,0,0,5,0,0,29,0,3,6,5,0,0,5,0,0,28,5,5,9,0,0,0,14,7,0,47,7,0,9,0,6,0,12,7,0,38,3,0,0,0,0,0,0,0,0,7,0,0,0,0,0,0,0,0,0,0,0,0,0,0,0,0,0,0,0,0,19,15,42,7,6,0,39,18,5,158,0,0,0,0,0,0,0,0,0,5,0,0,0,0,0,0,0,0,0,4,0,6,0,0,3,0,3,0,0,13,0,3,0,3,3,0,0,0,6,16,3,6,4,4,4,0,4,4,0,19,5,9,0,0,4,0,0,0,0,22,3,5,0,0,0,0,0,0,0,11,0,0,0,0,0,0,0,0,0,0,0,0,0,0,0,0,0,0,0,0,12,27,7,8,14,7,5,8,0,94
UCL521034,0,0,9,0,0,0,0,0,0,12,0,0,14,3,0,3,3,9,0,28,0,0,6,0,0,0,3,3,0,22,3,0,7,0,0,0,6,3,0,29,6,3,12,0,0,0,12,3,0,47,13,3,16,0,0,0,14,3,0,47,0,0,0,0,0,0,0,0,0,8,0,0,0,0,0,0,0,0,0,3,0,0,0,0,0,0,0,0,0,0,24,10,64,10,0,5,43,23,11,194,0,0,6,0,0,4,0,5,0,15,0,0,0,0,0,0,0,0,0,4,3,5,4,3,3,6,5,0,0,32,4,8,3,0,5,0,5,4,3,33,7,7,8,11,8,0,0,11,0,52,4,4,5,3,10,3,0,0,0,39,0,0,0,0,0,0,0,0,0,3,0,0,0,0,0,0,0,0,0,0,0,0,0,0,0,0,0,0,0,0,23,24,18,22,36,13,8,23,7,174
UCL521035,0,0,0,0,0,0,3,6,0,5,0,0,0,0,0,0,0,0,0,0,4,5,4,0,0,0,0,7,0,18,3,0,5,4,0,0,0,7,0,17,0,0,6,0,0,0,6,3,0,25,0,3,10,0,0,0,7,4,0,30,4,0,0,0,0,0,3,0,0,11,0,0,0,0,0,0,0,0,0,0,0,0,0,0,0,0,0,0,0,0,14,14,27,5,0,0,23,26,0,109,0,0,0,4,0,0,0,4,0,8,0,0,0,0,0,0,0,0,0,0,5,0,0,0,0,0,0,3,0,11,6,4,0,5,0,3,0,3,0,24,4,7,0,8,3,0,0,3,0,26,4,10,0,11,4,3,0,0,0,32,0,0,0,5,0,0,0,0,0,4,0,0,0,0,0,0,0,0,0,0,0,0,0,0,0,0,0,0,0,0,21,18,0,26,12,9,3,20,0,105
UCL521036,0,0,0,0,0,0,0,0,0,3,0,4,0,0,0,0,0,0,0,5,4,0,0,3,0,0,0,8,0,19,0,0,3,5,0,0,5,0,0,10,0,4,6,0,0,0,3,4,0,19,0,8,5,0,0,0,8,7,0,26,5,4,5,0,0,0,0,0,0,12,0,0,0,0,0,0,0,0,0,0,0,0,0,0,0,0,0,0,0,0,7,22,18,5,4,6,18,21,0,100,0,0,0,0,0,0,0,0,0,4,0,0,0,0,0,0,0,0,0,6,0,3,0,12,4,0,0,3,3,26,0,4,3,4,0,0,0,4,0,16,8,3,3,0,0,0,0,6,0,19,3,3,0,0,5,6,0,3,0,25,0,0,0,0,0,0,0,0,0,9,0,0,0,0,0,0,0,0,0,0,0,0,0,0,0,0,0,0,0,0,11,22,7,13,19,9,4,19,4,105
UCL521037,0,0,3,0,0,8,3,3,0,19,0,0,4,0,0,0,0,6,0,12,0,0,13,6,0,0,12,3,0,36,6,3,12,6,0,0,17,0,0,45,4,0,5,0,0,0,11,5,0,29,0,0,6,0,0,0,18,5,0,33,0,0,3,0,0,0,0,0,0,3,0,0,0,0,0,0,0,0,0,0,0,0,0,0,0,0,0,0,0,0,4,5,49,12,6,6,66,34,3,177,0,0,0,0,0,6,0,0,0,10,0,0,0,0,0,0,0,0,0,3,0,3,4,6,3,0,0,0,0,23,5,5,6,17,7,6,0,8,0,47,0,9,5,11,0,9,3,7,0,45,0,5,0,11,4,4,0,10,0,26,0,0,0,0,0,0,0,0,0,0,0,0,0,0,0,0,0,0,0,0,0,0,0,0,0,0,0,0,0,0,6,13,13,40,17,25,4,29,4,152
UCL521038,0,0,0,0,0,0,0,3,0,6,0,0,0,0,0,0,0,0,0,0,0,0,4,0,0,0,0,0,0,14,0,0,7,0,0,0,6,5,0,19,0,0,6,0,0,0,9,3,0,20,3,0,7,5,0,0,22,0,0,39,0,0,7,0,0,0,3,4,0,13,0,0,0,0,0,0,0,0,0,0,0,0,0,0,0,0,0,0,0,0,12,7,22,6,0,0,31,19,5,115,0,0,0,0,0,0,0,0,0,4,0,0,0,0,0,0,0,0,0,3,0,4,4,0,0,0,0,0,0,15,0,8,0,8,6,0,0,0,0,16,5,4,4,3,5,3,0,4,0,28,4,4,0,8,3,0,0,9,0,32,0,0,0,4,0,0,0,0,0,8,0,0,0,0,0,0,0,0,0,0,0,0,0,0,0,0,0,0,0,0,9,25,10,31,15,11,8,25,0,117
UCL521039,0,0,5,0,0,4,0,9,0,21,0,0,4,0,0,0,5,0,0,7,0,7,8,0,0,0,0,0,0,19,8,9,13,3,0,0,4,0,0,42,8,5,11,0,0,0,0,5,5,32,11,10,15,5,5,5,3,6,0,52,3,5,0,0,0,0,0,0,0,14,0,0,0,0,0,0,0,0,0,0,0,0,0,0,0,0,0,0,0,0,29,25,57,5,3,14,17,17,7,182,0,0,0,3,0,5,0,3,0,11,0,0,0,0,0,0,0,0,0,0,4,5,4,5,3,0,0,0,0,20,4,17,4,10,4,0,0,5,0,47,9,15,5,3,9,5,0,0,0,46,3,16,0,11,12,4,0,3,0,47,0,0,0,0,0,0,0,0,0,10,0,0,0,0,0,0,0,0,0,3,0,0,0,0,0,0,0,0,0,0,23,57,12,32,26,15,0,17,4,189
UCL521040,0,0,0,0,0,0,0,0,0,0,0,3,8,0,0,0,0,6,0,19,7,3,19,10,0,0,13,7,0,56,9,13,27,5,0,0,10,3,0,75,12,4,21,0,0,0,10,10,0,62,11,7,14,0,6,0,21,7,0,69,5,3,0,0,5,0,5,0,0,21,0,0,0,0,0,0,0,0,0,3,0,0,0,0,0,0,0,0,0,0,41,32,84,21,10,0,58,42,4,296,0,0,0,0,0,0,0,0,0,0,0,0,0,7,3,0,0,0,0,9,6,14,3,16,13,3,0,0,0,59,9,15,0,7,13,0,0,3,0,50,6,8,0,9,10,3,4,4,0,42,6,3,0,5,16,7,5,8,0,46,6,3,0,0,0,0,0,0,0,20,0,0,0,0,0,0,0,0,0,0,0,0,0,0,0,0,0,0,0,0,30,48,10,33,57,12,7,20,3,228
UCL521041,0,0,0,0,0,0,0,0,0,0,0,3,4,0,0,0,0,3,0,11,0,6,45,8,0,0,24,4,0,82,9,11,36,0,4,0,34,0,4,91,3,4,16,0,0,0,26,4,0,52,5,6,14,0,3,0,21,5,0,51,0,0,0,0,0,0,9,0,0,3,0,0,0,0,0,0,0,0,0,0,0,0,0,0,0,0,0,0,0,0,17,20,121,9,3,0,101,15,9,292,0,0,0,0,0,0,0,0,0,0,0,5,0,0,0,4,0,3,0,16,6,6,5,12,4,0,11,4,0,56,4,4,6,5,7,0,10,8,0,45,0,3,0,0,0,0,6,0,0,20,4,4,0,0,0,5,4,0,0,17,0,0,0,0,0,0,4,0,0,5,0,0,0,0,0,0,0,0,0,0,0,0,0,0,0,0,0,0,0,0,16,27,10,24,18,4,35,17,0,157
UCL521042,0,0,0,6,0,7,0,6,0,10,0,0,3,0,0,0,3,6,0,12,4,0,3,0,0,0,0,9,0,27,5,0,8,0,0,0,6,3,0,25,5,7,3,4,0,0,11,7,0,37,8,11,0,0,5,0,8,3,0,35,6,0,0,3,0,0,7,0,0,14,0,0,0,0,0,0,0,0,0,0,0,0,0,0,0,0,0,0,0,0,29,20,21,13,8,6,26,41,0,170,0,0,0,0,0,5,0,0,0,10,0,0,0,0,0,0,0,3,0,12,0,3,0,4,3,0,0,5,0,25,4,3,4,5,3,7,0,5,0,33,3,9,0,8,6,6,0,10,0,40,0,9,0,3,7,4,0,3,0,33,3,3,0,4,0,5,0,0,0,8,0,0,0,0,0,0,0,0,0,0,0,0,0,0,0,0,0,0,0,0,16,30,5,25,18,17,6,36,5,158
UCL521043,0,0,0,0,0,0,0,0,0,11,0,0,0,0,0,0,0,0,0,9,0,0,5,0,0,0,5,0,0,16,3,3,9,0,0,0,0,0,0,21,8,7,4,0,0,0,5,3,0,31,12,10,3,5,4,0,7,4,0,37,4,0,5,0,4,0,0,0,0,9,0,0,0,0,0,0,0,0,0,0,0,0,0,0,0,0,0,0,0,0,23,29,29,7,8,8,9,9,0,124,0,0,0,4,0,0,0,0,0,6,0,0,0,0,0,0,0,4,0,8,0,5,0,0,3,0,0,0,0,17,4,8,3,5,6,0,0,0,0,17,3,11,3,11,4,3,0,3,0,32,6,8,0,10,9,0,0,0,0,40,0,3,0,0,0,0,0,0,0,5,0,0,0,0,0,0,0,0,0,0,0,0,0,0,0,0,0,0,0,0,13,35,7,26,19,5,0,7,0,121
UCL521044,0,0,4,0,0,0,0,4,0,3,0,0,8,0,0,0,0,4,0,15,0,0,4,0,0,0,4,3,0,12,5,0,7,3,0,4,0,0,0,12,0,0,8,0,0,0,0,3,0,16,3,0,10,0,6,0,10,0,0,29,0,0,4,0,0,0,0,0,0,8,4,0,0,0,0,0,0,0,0,4,0,0,0,0,0,0,0,0,0,0,10,4,32,4,5,7,19,18,3,101,0,0,0,0,0,0,0,0,0,10,4,0,0,0,0,0,0,0,0,9,0,0,0,3,3,0,0,3,0,16,4,8,3,0,0,0,0,0,0,19,0,3,0,6,0,0,0,0,0,20,3,7,0,8,4,0,0,0,0,29,0,0,0,0,0,0,0,3,0,3,0,0,0,0,0,0,0,0,0,4,0,0,0,0,0,0,0,0,0,0,10,22,12,23,9,6,6,13,0,101
UCL521045,0,0,0,0,0,3,0,0,0,5,0,0,0,0,0,0,0,0,0,6,3,0,8,0,0,0,0,3,0,14,0,0,0,4,0,0,0,4,0,8,6,0,5,0,0,0,5,0,0,13,9,0,9,3,0,0,5,0,0,21,10,0,0,0,0,4,4,3,0,17,0,0,0,0,0,0,0,0,0,4,0,0,0,0,0,0,0,0,0,0,25,3,17,9,0,10,15,11,0,83,0,0,0,0,0,0,0,0,0,3,0,0,0,0,0,0,0,0,0,0,0,0,0,4,0,3,0,0,0,15,3,3,0,0,0,0,0,3,0,14,3,0,0,0,0,0,0,0,0,9,5,0,0,5,0,3,0,3,0,18,0,0,0,0,0,0,0,0,0,5,0,0,0,0,0,0,0,0,0,0,0,0,0,0,0,0,0,0,0,0,11,4,0,15,7,9,4,14,0,65
UCL521046,0,0,0,0,0,3,0,4,0,9,0,0,0,0,0,0,0,4,0,10,0,3,9,9,3,0,7,5,0,27,0,3,5,6,3,0,4,5,0,24,3,0,6,0,0,0,0,3,0,16,4,5,4,0,0,0,3,0,0,17,0,0,0,0,0,0,4,4,0,5,0,0,0,0,0,0,0,0,0,4,0,0,0,0,0,0,0,0,0,0,12,10,28,13,7,5,21,18,0,112,0,0,0,0,3,3,0,0,0,4,0,0,0,6,0,0,0,0,0,9,0,3,0,11,0,5,0,0,0,23,4,7,0,14,3,0,0,3,0,28,5,6,0,6,4,0,0,5,0,22,4,3,0,4,0,0,0,0,0,15,0,4,0,0,0,0,0,0,0,8,0,0,0,0,0,0,0,0,0,0,0,0,0,0,0,0,0,0,0,0,11,16,4,32,9,8,4,17,0,103
UCL521047,0,0,0,0,0,0,0,0,0,4,3,0,3,0,0,0,0,0,0,11,4,0,11,0,0,0,6,4,5,33,5,4,10,3,0,0,6,0,0,32,14,5,10,0,4,0,10,4,0,37,9,0,11,0,4,0,16,15,0,52,6,0,3,0,0,0,6,5,0,15,0,0,0,0,0,0,0,0,0,0,0,0,0,0,0,0,0,0,0,0,25,4,45,5,9,4,44,28,3,181,0,0,0,0,0,0,0,0,0,0,0,0,4,0,4,0,0,4,0,11,0,4,0,4,3,4,0,0,0,25,3,3,0,6,4,3,0,6,0,27,6,5,6,0,8,5,5,3,0,38,0,5,0,3,7,0,4,6,0,19,0,0,0,0,0,0,0,0,0,7,0,0,0,0,0,0,0,0,0,0,0,0,0,0,0,0,0,0,0,0,11,11,7,14,25,12,8,19,3,126
UCL521048,0,0,0,0,0,0,0,4,0,7,0,0,4,0,0,3,0,0,0,10,0,0,15,5,0,0,0,7,0,27,3,3,9,0,0,0,4,6,0,24,4,3,3,3,0,0,4,3,0,25,7,6,6,4,0,0,6,3,4,40,0,0,0,0,0,0,6,0,0,11,0,0,0,0,0,0,0,0,0,0,0,0,0,0,0,0,0,0,0,0,20,18,42,11,4,4,20,24,3,143,0,0,0,0,0,0,0,0,0,6,0,0,0,3,0,7,0,0,0,11,0,3,0,3,9,0,0,4,0,22,3,6,0,8,0,5,0,0,0,33,7,11,0,3,5,3,0,0,0,31,5,8,0,5,11,5,0,5,0,47,0,6,0,0,6,0,0,3,0,17,0,0,0,0,0,0,0,0,0,0,0,0,0,0,0,0,0,0,0,0,15,39,10,24,35,15,4,11,6,158
UCL521049,0,0,0,0,0,0,0,0,0,0,0,0,0,0,3,0,0,0,0,5,0,0,0,0,0,0,0,3,0,11,4,4,0,0,0,0,0,3,0,11,5,4,0,0,0,0,0,0,0,8,0,3,0,0,0,0,0,3,0,8,0,0,0,0,0,0,0,0,0,5,0,0,0,0,0,0,0,0,0,0,0,0,0,0,0,0,0,0,0,0,9,17,6,3,6,3,0,9,0,50,0,0,0,0,0,0,0,0,0,0,0,0,0,5,0,0,0,0,0,5,0,0,0,4,0,0,0,0,0,5,3,7,0,0,0,0,0,0,0,8,0,3,0,6,0,4,0,0,0,13,0,3,0,0,3,0,0,0,0,10,0,0,0,0,0,0,0,0,0,3,0,0,0,0,0,0,0,0,0,0,0,0,0,0,0,0,0,0,0,0,7,14,0,9,4,3,0,0,0,42
UCL521050,0,0,9,0,0,0,0,0,0,14,0,0,7,0,0,0,4,0,0,17,6,3,12,3,5,0,0,12,0,41,5,4,7,4,0,3,5,5,0,34,4,0,6,6,0,6,3,4,0,35,7,3,5,3,0,4,10,0,0,27,0,0,4,0,0,0,9,0,0,15,3,0,0,0,0,0,0,0,0,3,0,0,0,0,0,0,0,0,0,0,25,16,58,9,10,9,32,24,3,188,0,0,0,0,0,3,0,5,0,3,0,3,3,0,3,0,0,5,0,18,0,4,0,0,5,4,0,6,0,19,3,12,3,6,7,4,0,6,0,35,4,8,0,8,7,7,0,0,0,25,0,7,0,8,7,0,0,7,0,36,0,0,0,3,5,0,3,3,0,15,0,0,0,0,0,0,0,0,0,0,0,0,0,0,0,0,0,0,0,0,9,23,6,28,32,13,9,23,4,145
UCL521051,0,0,0,0,0,0,0,0,0,9,0,0,4,3,0,0,4,8,0,24,0,4,7,3,0,0,6,6,0,31,0,0,5,0,0,0,5,6,0,23,0,3,13,0,0,0,9,3,4,36,3,6,10,0,0,0,13,8,0,45,4,0,0,0,0,0,0,0,0,9,0,0,0,0,0,0,0,0,0,0,0,0,0,0,0,0,0,0,0,0,9,16,50,12,5,0,39,38,6,177,0,0,0,0,0,3,0,3,0,8,0,0,0,3,3,3,0,0,0,10,0,0,3,5,4,0,0,0,0,23,0,4,4,0,5,4,0,4,0,28,5,3,0,13,9,4,0,10,0,37,0,4,0,8,11,8,0,8,0,49,0,0,0,0,0,0,0,0,0,3,0,0,0,0,0,0,0,0,0,0,0,0,0,0,0,0,0,0,0,0,7,13,12,29,36,26,3,35,5,167
UCL521052,0,0,0,0,0,0,0,0,0,3,0,0,0,0,0,0,0,0,0,10,0,11,0,3,0,0,5,4,0,32,8,4,11,8,0,0,0,0,0,31,9,10,7,8,0,0,6,4,3,46,8,8,9,0,0,0,4,0,0,34,5,0,0,0,0,0,4,0,0,8,0,0,0,0,0,0,0,0,0,0,0,0,0,0,0,0,0,0,0,0,25,33,34,25,6,0,23,17,8,166,0,0,0,3,0,0,0,0,0,8,0,0,0,5,0,0,0,0,0,0,3,6,0,10,0,0,0,0,0,28,7,5,3,6,3,0,0,0,0,27,9,4,0,4,5,0,0,0,0,24,0,9,0,8,9,0,0,3,0,24,6,0,0,0,0,0,0,0,0,5,0,0,0,0,0,0,0,0,0,4,0,0,0,0,0,0,0,0,0,0,18,36,8,38,14,0,3,7,0,124
UCL522001,0,0,0,0,0,0,0,0,0,0,0,0,0,0,0,0,0,0,0,0,3,4,4,3,0,0,0,0,0,15,0,3,0,0,0,0,0,4,0,9,4,3,0,0,0,0,0,4,0,6,0,0,0,0,0,0,0,0,0,0,0,0,0,0,0,0,0,0,0,0,0,0,0,0,0,0,0,0,0,0,0,0,0,0,0,0,0,0,0,0,4,6,4,7,0,0,4,10,0,36,0,0,0,0,0,0,0,0,0,3,0,0,0,0,0,0,0,0,0,4,0,8,0,0,0,0,0,0,0,16,0,4,0,0,0,3,0,0,0,9,0,9,0,0,0,0,0,0,0,10,4,5,0,0,0,0,0,0,0,9,0,3,0,0,0,0,0,0,0,9,0,0,0,0,0,0,0,0,0,0,0,0,0,0,0,0,0,0,0,0,7,26,0,14,3,5,0,0,4,54
UCL522002,0,0,0,0,0,0,0,0,0,0,0,0,6,0,0,0,0,4,0,9,0,0,5,0,0,0,0,0,0,8,3,0,0,0,0,0,0,0,0,8,8,0,0,0,0,0,0,6,0,18,0,0,0,3,0,0,0,0,0,12,0,0,0,0,0,0,4,0,0,11,0,0,0,0,0,0,0,0,0,0,0,0,0,0,0,0,0,0,0,0,18,3,16,5,0,0,5,9,0,55,0,0,6,0,0,0,0,0,0,6,0,0,0,0,0,0,0,0,0,3,0,3,0,0,0,0,0,3,0,7,0,5,0,0,0,3,0,0,0,12,0,6,0,0,0,0,0,4,0,9,0,6,0,0,0,0,0,0,0,13,0,3,0,0,0,0,0,0,0,5,0,0,0,0,0,0,0,0,0,0,0,0,0,0,0,0,0,0,0,0,5,16,8,3,5,3,0,11,0,57
UCL522003,0,0,0,0,0,0,0,0,0,0,0,0,0,0,0,0,0,0,0,0,0,3,7,0,0,0,4,0,0,16,0,0,0,3,0,0,4,0,0,7,0,0,0,0,0,0,0,0,0,9,0,0,0,0,0,0,0,0,0,3,0,0,0,0,0,0,0,0,0,0,0,0,0,0,0,0,0,0,0,0,0,0,0,0,0,0,0,0,0,0,0,3,4,9,4,0,8,5,0,43,0,0,0,0,0,0,0,0,0,0,0,3,0,0,0,0,0,0,0,3,0,4,0,5,0,0,0,0,0,10,0,0,0,0,0,0,0,0,0,9,0,0,0,4,0,0,0,0,0,10,0,0,0,0,0,0,0,0,0,0,0,0,0,0,0,0,0,0,0,0,0,0,0,0,0,0,0,0,0,0,0,0,0,0,0,0,0,0,0,0,3,14,0,12,8,0,0,0,0,36
UCL522004,0,0,0,0,0,0,0,0,0,4,0,0,0,0,0,0,0,3,0,3,0,0,0,0,0,0,0,0,0,0,0,0,0,0,0,0,0,0,0,4,0,0,0,0,0,0,0,0,0,4,0,0,0,0,0,0,0,0,0,5,0,0,0,0,0,0,0,0,0,0,0,0,0,0,0,0,0,0,0,0,0,0,0,0,0,0,0,0,0,0,3,3,0,5,0,0,0,10,0,19,0,0,0,0,0,0,0,0,0,0,0,0,0,0,0,0,0,0,0,0,0,0,0,0,0,0,0,0,0,3,0,0,0,3,0,0,0,0,0,5,0,0,0,0,0,0,0,0,0,0,0,0,0,0,0,0,0,0,0,0,0,0,0,0,0,0,0,0,0,0,0,0,0,0,0,0,0,0,0,0,0,0,0,0,0,0,0,0,0,0,0,0,0,4,3,3,0,0,0,18
UCL522005,0,0,0,0,0,0,0,0,0,0,0,0,0,0,0,0,0,0,0,0,0,0,3,5,0,0,0,0,0,10,0,6,0,3,0,0,3,0,0,10,0,0,0,0,0,0,0,0,0,0,0,0,0,0,0,4,0,0,0,3,0,0,0,0,0,0,0,0,0,5,0,0,0,0,0,0,0,0,0,0,0,0,0,0,0,0,0,0,0,0,4,3,7,4,0,4,3,3,6,31,0,0,0,4,0,0,0,0,0,4,0,0,0,0,0,0,0,0,0,0,0,3,0,3,0,0,0,0,0,7,0,4,0,7,8,0,0,0,4,18,0,5,0,0,0,0,0,0,0,7,0,4,0,0,0,0,0,0,0,9,0,0,0,0,0,0,0,0,0,0,0,0,0,0,0,0,0,0,0,0,0,0,0,0,0,0,0,0,0,0,6,9,0,16,3,5,0,0,3,40
UCL522006,0,0,4,0,0,0,0,3,0,11,0,0,8,0,0,0,4,0,0,14,0,6,5,0,0,0,0,0,0,16,3,0,6,0,0,4,0,0,0,15,11,8,5,0,0,0,0,0,0,33,5,3,3,0,3,0,0,0,0,25,0,4,0,0,0,0,0,0,0,9,0,0,0,0,0,0,0,0,0,0,0,0,0,0,0,0,0,0,0,0,23,25,32,6,5,7,7,11,4,119,0,0,0,4,0,0,0,0,0,7,0,0,0,4,0,6,0,0,0,10,0,5,0,4,0,0,0,0,0,14,3,9,4,0,0,0,0,0,0,19,0,10,0,5,5,0,0,0,0,26,3,6,0,3,3,0,0,0,0,16,0,3,0,0,0,0,0,0,0,3,0,0,0,0,0,0,0,0,0,0,0,0,0,0,0,0,0,0,0,0,9,38,12,18,10,11,0,6,0,102
UCL522007,0,0,0,0,0,0,0,0,0,0,4,0,0,0,0,0,0,0,0,5,0,0,6,0,0,0,0,0,0,3,5,0,0,0,0,0,0,0,0,5,0,0,0,0,0,0,0,4,0,10,0,3,0,0,0,0,3,5,0,9,4,0,0,0,3,0,0,0,0,12,0,0,0,0,0,0,0,0,0,0,0,0,0,0,0,0,0,0,0,0,15,3,10,0,3,0,3,8,3,49,0,0,0,0,0,0,0,0,0,4,0,0,0,3,0,0,0,0,0,5,0,3,0,3,0,0,0,5,0,15,4,0,0,0,0,0,0,0,0,9,0,3,0,0,0,0,0,0,0,7,0,0,0,3,6,0,0,4,0,17,3,0,0,0,5,0,0,0,0,11,0,0,0,0,0,0,0,0,0,0,0,0,0,0,0,0,0,0,0,0,13,7,9,15,4,3,0,9,0,55
UCL522008,0,0,0,0,0,0,0,0,0,0,0,0,0,0,0,0,0,0,0,5,3,0,0,0,0,0,0,3,0,4,0,0,5,0,0,0,0,0,0,7,0,0,0,0,0,0,3,6,0,5,0,0,0,0,0,0,4,0,0,13,3,0,0,0,0,0,0,0,0,3,0,0,0,0,0,0,0,0,0,5,0,0,0,0,0,0,0,0,0,0,4,0,11,3,0,0,10,15,0,39,0,0,0,0,0,0,0,0,0,0,0,0,0,0,0,0,0,0,0,3,0,0,0,0,0,0,0,0,0,5,3,0,0,3,0,0,0,0,0,4,0,0,0,0,0,4,0,0,0,8,0,0,0,0,0,0,0,0,0,3,0,0,0,0,0,0,0,0,0,3,0,0,0,0,0,0,0,0,0,0,0,0,0,0,0,0,0,0,0,0,7,3,0,7,6,3,0,3,0,35
UCL522009,0,0,5,0,0,0,0,0,0,7,0,0,3,0,0,0,0,0,0,9,0,0,10,0,0,0,0,3,0,15,0,0,6,0,0,0,7,0,0,13,0,0,12,6,0,0,10,6,0,33,0,0,9,0,0,0,4,4,0,15,0,0,0,0,0,0,0,0,0,0,0,0,0,0,0,0,0,0,0,0,0,0,0,0,0,0,0,0,0,0,3,3,37,5,3,0,20,23,0,103,0,0,0,3,0,3,0,0,0,10,0,0,3,0,0,0,0,0,0,5,0,3,3,0,3,0,0,0,0,11,0,5,4,0,10,5,0,0,0,23,4,4,0,4,3,3,0,4,0,23,0,0,0,3,4,0,3,0,0,15,0,0,0,0,0,0,0,0,0,3,0,0,0,0,0,0,0,0,0,0,0,0,0,0,0,0,0,0,0,0,9,12,12,14,20,9,6,10,0,92
UCL522010,0,0,3,0,0,0,0,0,0,3,0,0,5,0,0,0,5,0,0,16,0,4,10,3,0,0,0,0,0,11,4,0,4,0,0,0,0,0,0,14,5,3,6,0,0,0,0,0,0,16,5,6,4,3,0,3,5,0,0,18,6,0,0,0,0,0,0,0,0,7,0,0,0,0,0,0,0,0,0,0,0,0,0,0,0,0,0,0,0,0,19,14,31,8,0,5,9,5,0,91,0,0,0,0,0,4,0,0,0,7,0,0,0,0,0,0,0,0,0,4,0,5,0,5,4,0,0,0,0,10,0,10,0,0,3,4,0,0,0,22,0,9,0,8,4,0,0,0,0,19,5,3,0,0,0,3,0,0,0,14,0,3,0,0,0,0,0,0,0,5,0,0,0,0,0,0,0,0,0,0,0,0,0,0,0,0,0,0,0,0,10,28,7,9,11,15,0,0,0,74
UCL522011,0,0,4,0,0,0,0,0,0,4,0,0,4,0,0,0,0,0,0,4,4,3,5,0,0,4,0,0,0,14,11,0,3,0,0,0,0,0,0,20,4,0,0,0,0,0,6,0,0,12,0,0,4,0,0,3,4,0,0,13,0,0,3,0,0,0,0,4,0,6,3,0,0,0,0,0,0,0,0,3,0,0,0,0,0,0,0,0,0,0,14,4,23,4,0,7,14,9,0,77,0,0,0,0,0,0,0,0,0,0,0,0,0,3,0,0,0,0,0,3,0,0,0,6,4,0,0,0,0,13,0,5,0,0,6,0,0,3,0,9,0,0,0,3,3,0,0,0,0,3,0,6,0,4,8,0,0,0,0,16,0,0,0,0,0,0,0,0,0,5,0,0,0,0,0,0,0,0,0,0,0,0,0,0,0,0,0,0,0,0,5,13,0,17,17,0,0,10,0,63
UCL522012,0,0,0,0,0,0,0,3,0,3,0,0,0,0,0,0,0,4,0,3,5,0,7,0,0,0,0,12,0,25,5,6,5,0,0,0,4,4,0,24,8,0,5,0,0,0,0,8,0,20,13,6,0,3,0,0,12,9,0,38,0,3,6,0,0,0,0,0,0,14,0,0,0,0,0,0,0,0,0,3,0,0,0,0,0,0,0,0,0,0,26,11,19,6,3,0,17,30,4,121,0,0,0,0,0,0,0,0,0,0,0,0,0,0,0,0,0,0,0,5,0,8,0,6,5,0,0,5,0,24,0,5,0,0,3,0,0,0,0,15,3,0,0,5,5,4,0,4,0,21,4,0,3,4,6,0,4,7,0,31,4,0,0,0,3,0,0,0,0,10,0,0,0,0,0,0,0,0,0,3,0,0,0,0,0,0,0,0,0,0,16,11,3,13,27,4,4,13,0,95
UCL522013,0,0,6,0,0,0,0,0,0,10,0,0,0,0,0,0,3,0,0,12,0,0,3,0,0,0,0,9,0,12,0,0,7,0,0,0,7,5,0,21,0,0,11,0,0,0,3,3,0,22,4,0,6,0,0,0,9,0,5,25,0,3,0,0,0,0,0,0,0,4,0,0,0,0,0,0,0,0,0,0,0,0,0,0,0,0,0,0,0,0,8,6,41,0,3,0,27,13,5,96,0,0,0,0,0,0,0,6,0,7,0,0,0,0,0,0,0,4,0,8,0,5,0,4,0,0,0,5,0,11,0,10,3,0,4,0,0,0,0,15,0,5,0,9,4,7,0,6,0,29,4,0,4,9,3,0,0,0,0,20,0,0,0,0,0,0,0,0,0,0,0,0,0,0,0,0,0,0,0,0,0,0,0,0,0,0,0,0,0,0,9,22,4,22,13,7,0,15,0,89
UCL522014,0,0,0,0,0,0,0,0,0,5,0,0,0,0,0,0,0,0,0,7,3,0,5,0,0,0,4,0,0,16,0,0,4,0,0,0,0,4,0,13,0,0,0,0,0,0,0,0,0,5,0,0,3,0,0,0,4,0,0,7,0,0,0,0,0,0,0,0,0,0,0,0,0,0,0,0,0,0,0,0,0,0,0,0,0,0,0,0,0,0,4,3,11,3,0,4,15,9,0,52,0,0,0,0,0,0,0,0,0,0,0,0,0,0,0,0,4,0,0,3,0,0,0,0,4,0,0,0,0,6,4,0,0,3,4,0,0,0,0,9,0,0,0,0,5,0,0,0,0,6,0,0,0,0,0,0,0,0,0,4,0,0,0,0,0,0,0,0,0,0,0,0,0,0,0,0,0,0,0,0,0,0,0,0,0,0,0,0,0,0,7,3,4,9,8,3,3,0,0,36
UCL522015,0,0,0,0,0,0,0,4,0,6,0,4,5,0,0,0,0,0,0,10,7,12,22,8,0,0,0,6,5,70,19,14,12,9,0,5,0,5,4,64,13,11,9,6,4,0,0,8,0,46,21,6,10,3,0,0,8,7,0,56,10,6,4,0,0,0,3,5,0,18,4,0,0,0,0,0,0,0,0,4,0,0,0,0,0,0,0,0,0,0,65,51,61,26,13,11,17,31,10,270,0,0,0,4,5,0,0,3,0,10,0,6,4,8,8,3,0,8,0,39,8,13,0,16,11,4,0,7,0,52,9,23,4,7,12,0,0,3,0,58,6,3,3,7,3,5,0,4,0,24,15,7,0,3,13,4,0,0,0,55,0,0,0,4,3,3,0,0,0,14,0,0,0,0,0,0,0,0,0,0,0,0,0,0,0,0,0,0,0,0,36,53,17,40,51,19,3,23,3,250
UCL522016,0,0,0,0,0,0,0,0,0,0,0,0,0,0,0,0,0,0,0,0,4,0,5,0,0,0,0,0,0,8,0,0,0,0,0,0,0,0,0,4,0,0,0,0,0,0,7,0,0,12,0,0,4,0,0,0,3,0,0,16,5,0,0,0,0,0,0,0,0,5,0,0,0,0,0,0,0,0,0,0,0,0,0,0,0,0,0,0,0,0,11,0,9,0,0,0,16,8,0,47,0,0,0,0,0,0,0,0,0,0,0,0,0,4,0,0,0,0,0,6,0,0,0,0,0,0,0,0,0,3,0,0,0,0,0,0,0,0,0,7,0,0,0,0,0,0,0,0,0,6,0,0,0,0,0,0,4,5,0,15,0,0,0,0,0,0,0,0,0,3,0,0,0,0,0,0,0,0,0,0,0,0,0,0,0,0,0,0,0,0,0,0,0,10,3,6,3,10,0,43
UCL522017,0,0,0,0,0,0,0,0,0,5,0,0,5,0,0,0,0,0,0,3,0,0,4,0,0,0,0,0,0,10,0,0,5,0,0,0,0,3,0,12,0,0,0,0,0,0,3,5,0,9,5,0,5,0,0,0,4,3,0,23,0,0,0,0,0,0,0,0,0,8,0,0,0,0,0,0,0,0,0,0,0,0,0,0,0,0,0,0,0,0,9,0,15,0,3,4,20,12,0,66,0,0,0,0,0,0,0,0,0,0,0,5,0,0,0,0,0,0,0,4,0,3,0,4,4,0,0,0,0,12,0,0,0,0,4,0,0,0,0,12,0,3,0,3,7,0,0,4,0,24,3,0,0,5,3,3,0,9,0,23,3,0,0,0,0,0,0,0,0,3,0,0,0,0,0,0,0,0,0,0,0,0,0,0,0,0,0,0,0,0,6,14,0,7,21,7,0,10,0,78
UCL522018,0,0,0,0,0,0,0,0,0,5,0,0,0,0,0,0,0,0,0,4,0,0,0,0,3,0,3,0,0,7,0,0,0,0,0,0,0,0,0,4,0,0,0,0,0,0,6,0,0,13,8,4,8,0,0,0,0,0,0,11,0,0,0,0,0,0,5,0,0,5,0,0,0,0,0,0,0,0,0,6,0,0,0,0,0,0,0,0,0,0,12,9,9,0,3,0,13,6,5,50,0,0,0,0,0,0,0,0,0,0,0,0,0,0,3,0,0,0,0,5,0,0,0,0,0,0,0,0,0,5,0,0,0,0,0,0,0,0,0,3,3,0,0,0,0,0,0,0,0,9,0,0,0,0,6,0,0,0,0,12,0,0,0,0,0,0,0,0,0,0,0,0,0,0,0,0,0,0,0,0,0,0,0,0,0,0,0,0,0,0,8,0,0,5,12,4,0,3,4,37
UCL522019,0,0,0,0,0,0,0,0,0,0,0,0,0,0,0,0,0,0,0,0,0,0,0,0,0,0,0,0,0,6,0,0,6,0,0,0,0,4,0,6,0,0,5,0,0,0,0,3,0,0,10,0,3,0,0,0,5,0,0,16,5,0,0,0,0,0,0,0,0,6,0,0,0,0,0,0,0,0,0,0,0,0,0,0,0,0,0,0,0,0,12,6,8,0,0,0,5,10,0,35,0,0,0,0,0,0,0,0,0,0,0,0,0,0,0,0,0,0,0,4,0,0,0,0,0,0,0,0,0,3,0,0,0,0,0,0,0,0,0,6,0,0,0,0,0,0,0,0,0,9,4,0,0,0,0,0,0,0,0,4,0,0,0,0,0,0,0,0,0,4,0,0,0,0,0,0,0,0,0,0,0,0,0,0,0,0,0,0,0,0,5,4,0,6,3,0,3,3,0,29
UCL522020,0,0,0,0,0,0,0,0,0,0,0,0,0,0,0,0,0,0,0,0,0,0,0,0,0,0,5,0,0,9,0,0,7,0,0,0,3,3,0,11,0,0,0,0,0,0,5,0,0,3,3,7,0,3,0,0,0,0,0,16,0,0,0,0,0,0,0,0,0,6,0,0,0,0,0,0,0,0,0,0,0,0,0,0,0,0,0,0,0,0,8,9,9,4,3,0,9,6,0,42,0,0,0,0,0,0,0,0,0,0,0,0,0,0,0,0,0,0,0,3,0,0,0,0,0,0,0,0,0,5,0,4,0,0,0,0,0,0,0,4,0,0,0,0,5,0,0,0,0,7,5,0,0,3,0,0,0,0,0,16,0,0,0,0,0,0,0,0,0,0,0,0,0,0,0,0,0,0,0,0,0,0,0,0,0,0,0,0,0,0,5,8,0,7,6,0,0,0,0,38
UCL522021,0,0,0,0,0,0,0,0,0,0,0,0,3,0,0,0,0,5,0,8,0,0,0,0,0,0,6,0,0,10,8,8,6,0,0,0,0,3,0,20,4,0,4,0,0,0,4,3,0,19,3,0,3,0,0,0,6,0,0,16,3,0,5,0,0,0,8,0,0,12,0,0,0,0,0,0,0,0,0,0,0,0,0,0,0,0,0,0,0,0,19,5,18,3,0,0,19,17,0,84,0,0,0,0,0,0,0,0,0,0,0,0,0,0,0,0,0,4,0,6,6,0,0,0,3,0,0,0,0,5,5,6,0,5,4,0,0,0,0,23,0,0,0,6,3,0,0,0,0,15,0,0,0,0,0,0,0,0,0,5,0,0,0,0,3,0,0,0,0,10,0,0,0,0,0,0,0,0,0,0,0,0,0,0,0,0,0,0,0,0,13,13,0,16,18,7,0,10,0,69
UCL522022,0,0,0,0,0,0,0,0,0,0,0,0,0,0,0,0,0,0,0,0,0,0,0,0,0,0,3,0,0,10,0,0,0,0,0,0,0,0,0,7,0,0,0,0,0,0,4,3,0,13,5,0,7,5,0,0,4,4,0,17,0,0,0,0,0,0,0,0,0,3,0,0,0,0,0,0,0,3,0,3,0,0,0,0,0,0,0,0,0,0,7,0,9,4,0,0,7,11,0,48,0,0,0,0,0,0,0,0,0,0,0,0,0,3,0,0,0,0,0,5,3,3,4,0,4,0,0,0,0,14,0,0,0,0,0,0,0,0,0,3,0,0,0,4,0,3,0,0,0,10,0,0,0,0,0,0,0,0,0,10,0,0,0,0,0,0,0,0,0,0,0,0,0,0,0,0,0,0,0,0,0,0,0,0,0,0,0,0,0,0,10,5,4,7,9,3,0,5,0,48
UCL522023,0,0,0,0,0,0,0,0,0,0,0,0,0,0,0,0,0,0,0,5,0,0,4,0,0,0,4,0,0,10,0,0,0,0,0,0,4,0,0,10,0,0,6,0,0,0,3,0,0,17,0,5,3,0,0,0,7,0,0,18,0,0,0,0,0,0,0,0,0,6,0,0,0,0,0,0,0,0,0,0,0,0,0,0,0,0,0,0,0,0,7,11,11,5,0,0,18,6,7,70,0,0,0,5,0,0,0,4,0,4,0,0,0,0,0,0,0,0,0,0,0,0,0,0,0,0,0,5,0,19,0,0,0,0,4,0,4,0,0,13,0,0,0,3,0,0,0,0,0,16,0,0,0,4,7,5,0,0,0,17,0,3,0,0,0,0,0,0,0,8,0,0,0,0,0,0,0,0,0,0,0,0,0,0,0,0,0,0,0,0,6,8,4,18,7,3,6,15,5,72
UCL522024,0,0,0,0,0,0,0,0,0,3,0,0,3,0,0,0,0,0,0,3,0,0,0,0,0,0,0,0,0,3,0,3,0,0,0,0,0,0,0,4,0,7,0,0,0,0,0,0,0,3,0,6,0,0,0,0,0,0,0,16,0,4,0,0,0,0,0,0,0,6,0,0,0,0,0,0,0,0,0,4,0,0,0,0,0,0,0,0,0,0,0,21,3,6,0,0,6,4,0,42,0,0,0,0,0,0,0,0,0,0,0,0,0,0,0,0,0,0,0,0,0,3,0,0,0,0,0,0,0,6,0,0,0,0,0,0,0,0,0,6,3,0,0,0,0,0,0,0,0,13,0,6,0,4,0,0,0,0,0,18,0,4,0,0,4,0,0,0,0,5,0,0,0,0,0,0,0,0,0,0,0,0,0,0,0,0,0,0,0,0,6,21,6,5,7,3,0,5,0,51
UCL522025,0,0,0,0,0,0,0,5,0,5,0,0,3,0,0,0,0,0,0,6,0,0,9,0,0,0,0,3,0,11,0,0,6,0,0,0,5,6,0,16,6,0,3,0,0,0,4,0,0,12,4,3,0,3,0,0,9,0,0,22,9,0,3,0,0,0,6,4,0,16,0,0,0,0,0,0,0,0,0,4,0,0,0,0,0,0,0,0,0,0,19,6,27,0,0,0,23,19,0,96,0,0,0,0,0,0,0,0,0,4,0,0,0,0,0,3,0,0,0,8,0,0,0,0,4,0,0,0,0,7,0,0,0,5,5,0,0,0,0,17,0,0,0,4,5,3,3,0,0,14,3,0,0,6,3,0,3,3,0,21,0,0,0,0,0,0,0,0,0,5,0,0,0,0,0,0,0,0,0,3,0,0,0,0,0,0,0,0,0,0,3,7,4,11,19,9,8,11,4,78
UCL522026,0,0,0,0,0,0,0,0,0,0,0,0,0,0,0,0,0,0,0,0,0,0,0,0,0,0,0,0,0,3,0,0,0,0,0,0,0,0,0,0,3,0,0,0,0,0,5,3,0,6,3,0,8,0,0,0,3,5,0,21,0,0,0,0,0,0,3,0,0,7,3,0,0,0,0,0,0,0,0,0,0,0,0,0,0,0,0,0,0,0,5,3,13,0,0,0,9,4,0,50,0,0,0,0,0,0,0,0,0,0,0,0,0,0,0,0,0,0,0,0,0,0,0,0,0,0,0,0,0,4,3,0,0,0,0,0,0,0,0,3,0,0,0,0,5,7,0,0,0,14,6,6,0,3,0,3,0,6,0,18,0,0,0,3,0,0,0,0,0,3,0,0,0,0,0,0,0,0,0,0,0,0,0,0,0,0,0,0,0,0,4,11,6,5,4,6,0,4,0,46
UCL522027,0,0,0,0,0,0,0,0,0,0,0,0,0,0,0,0,0,0,0,4,3,3,0,0,0,0,6,11,0,17,0,4,4,0,0,0,5,3,0,17,8,0,0,0,0,0,7,0,0,20,0,0,9,0,0,0,7,0,0,19,3,0,0,0,0,0,0,0,0,5,0,0,0,0,0,0,0,0,0,0,0,0,0,0,0,0,0,0,0,0,7,9,12,4,0,0,30,11,0,79,0,0,0,0,0,0,0,3,0,4,0,0,0,0,0,0,0,0,0,9,0,0,3,0,0,0,0,0,0,4,0,4,0,3,3,0,0,0,0,12,0,0,0,4,0,0,0,0,0,8,0,4,0,3,5,0,0,0,0,16,0,0,0,0,0,0,0,0,0,4,0,0,0,0,0,0,0,0,0,0,0,0,0,0,0,0,0,0,0,0,8,8,8,12,11,4,3,7,0,65
UCL522028,0,0,0,0,0,0,0,0,0,0,0,0,0,0,0,0,0,0,0,5,0,0,0,0,0,0,0,15,0,11,0,0,0,0,0,0,0,3,0,10,0,0,0,0,0,0,5,0,0,8,7,0,4,0,0,0,0,0,0,5,0,0,0,0,0,0,0,0,0,5,0,0,0,0,0,0,0,0,0,0,0,0,0,0,0,0,0,0,0,0,3,3,0,0,0,0,7,18,0,37,0,0,0,0,0,5,0,0,0,5,0,0,0,0,0,0,0,5,0,3,0,0,0,0,0,0,0,12,0,13,0,0,0,0,0,0,0,4,0,8,0,0,0,0,0,0,0,0,0,4,0,0,0,0,0,0,0,0,0,8,0,0,0,0,0,0,0,0,0,3,0,0,0,0,0,0,0,0,0,0,0,0,0,0,0,0,0,0,0,0,3,0,0,0,9,4,0,23,0,41
UCL522029,0,0,4,0,0,0,0,0,0,8,0,0,3,0,0,0,0,0,0,6,0,0,9,0,0,0,0,4,0,17,4,0,8,0,0,0,3,0,0,17,0,0,3,0,0,0,3,0,0,13,0,0,3,0,0,0,0,0,0,13,0,0,0,0,0,0,4,0,0,0,0,0,0,0,0,0,0,0,0,0,0,0,0,0,0,0,0,0,0,0,5,3,30,4,3,3,14,10,4,82,0,0,0,6,0,0,0,0,0,10,0,0,0,0,0,0,0,0,0,4,0,3,0,3,0,0,0,0,0,11,3,0,0,9,3,6,0,0,0,23,0,0,0,3,3,6,0,0,0,18,0,4,0,3,3,0,0,0,0,12,0,0,0,0,0,0,0,0,0,0,0,0,0,0,0,0,0,0,0,0,0,0,0,0,0,0,0,0,0,0,4,9,3,19,11,13,0,6,0,78
UCL522030,0,0,0,0,0,0,0,0,0,4,0,0,7,0,0,0,0,0,0,5,0,4,0,0,0,0,6,3,0,10,4,4,10,0,0,0,0,5,0,20,0,0,3,0,0,0,4,4,0,15,0,3,5,0,0,0,11,0,0,21,0,0,0,0,0,0,0,0,0,6,0,0,0,0,0,0,0,0,0,0,0,0,0,0,0,0,0,0,0,0,13,11,20,0,5,0,23,11,0,77,0,0,0,0,0,0,0,0,0,0,0,3,0,0,0,3,0,0,0,4,0,7,0,0,5,0,0,0,0,10,0,4,0,0,3,5,0,0,0,15,4,0,0,3,0,0,3,0,0,9,0,0,0,4,0,0,0,0,0,9,0,0,0,0,0,0,0,0,0,3,0,0,0,0,0,0,0,0,0,0,0,0,0,0,0,0,0,0,0,0,5,11,4,6,9,5,3,8,0,55
UCL522031,0,0,0,0,0,0,0,0,0,0,0,0,0,0,0,0,0,0,0,0,0,11,0,0,0,0,0,0,0,12,3,0,0,0,0,0,0,3,0,4,3,0,0,3,0,0,0,0,0,4,0,5,0,0,0,0,0,0,0,7,0,0,0,0,0,0,0,0,0,0,0,0,0,0,0,0,0,0,0,0,0,0,0,0,0,0,0,0,0,0,9,19,0,4,0,0,0,4,0,31,0,0,0,0,0,0,0,0,0,0,0,0,0,0,0,0,0,0,0,0,0,6,0,0,0,0,0,0,0,10,0,0,0,0,0,0,0,0,0,9,0,0,0,4,0,0,0,0,0,3,0,0,0,0,0,0,0,0,0,0,0,0,0,0,0,0,0,0,0,0,0,0,0,0,0,0,0,0,0,0,0,0,0,0,0,0,0,0,0,0,6,5,0,9,5,0,0,0,0,21
UCL522032,0,0,0,0,0,0,0,0,0,3,0,0,0,0,0,0,0,0,0,3,0,0,0,0,0,0,0,0,0,9,0,0,0,0,0,0,0,0,0,3,0,0,0,3,0,0,0,0,0,6,0,0,0,0,0,0,0,0,0,9,0,0,0,0,0,0,0,0,0,3,0,0,0,0,0,0,0,0,0,0,0,0,0,0,0,0,0,0,0,0,0,3,0,10,6,0,0,0,0,29,0,0,0,0,0,0,0,0,0,0,0,0,0,0,3,0,0,0,0,5,0,0,0,3,0,0,0,0,0,3,0,0,0,3,0,0,0,0,0,8,3,8,0,3,0,0,0,0,0,11,0,8,0,3,0,0,0,0,0,11,0,0,0,0,0,0,0,0,0,0,0,0,0,0,0,0,0,0,0,0,0,0,0,0,0,0,0,0,0,0,5,16,0,12,6,0,0,0,0,38
UCL522033,0,0,0,0,0,0,0,6,0,9,0,0,0,0,0,0,0,3,0,3,3,0,3,0,0,0,5,4,0,14,0,0,3,0,0,0,0,0,0,4,0,0,4,6,0,0,0,5,0,16,0,0,7,0,0,0,0,0,0,16,3,0,0,0,0,0,0,0,0,6,0,0,0,0,0,0,0,0,0,0,0,0,0,0,0,0,0,0,0,0,9,0,16,7,4,0,7,21,0,64,0,0,0,0,0,0,0,0,0,0,0,0,0,0,0,0,0,4,0,4,0,0,0,3,3,0,0,0,0,10,0,0,0,0,0,0,0,0,0,4,3,5,3,0,0,4,0,0,4,17,0,4,0,3,0,4,0,4,0,13,0,0,0,0,0,0,0,0,0,3,0,0,0,0,0,0,0,0,0,0,0,0,0,0,0,0,0,0,0,0,4,11,3,14,0,9,0,10,4,51
UCL522034,0,0,0,0,0,0,0,0,0,0,0,0,0,0,0,0,0,0,0,0,0,0,0,5,0,0,0,0,0,6,0,7,0,3,0,0,0,0,0,14,0,0,0,0,0,0,0,0,0,5,0,0,0,0,0,0,4,0,0,0,0,0,0,0,0,0,0,0,0,0,0,0,0,0,0,0,0,0,0,0,0,0,0,0,0,0,0,0,0,0,3,10,3,5,0,0,4,0,0,27,0,0,0,0,0,0,0,0,0,0,0,0,0,0,0,0,0,0,0,0,0,0,0,0,0,0,0,0,0,0,0,0,0,0,0,0,0,0,0,4,0,4,0,0,0,0,0,0,0,5,0,0,0,0,0,0,0,0,0,0,0,0,0,0,0,0,0,0,0,0,0,0,0,0,0,0,0,0,0,0,0,0,0,0,0,0,0,0,0,0,0,3,0,0,0,0,0,0,0,11
UCL522035,0,0,0,0,0,0,0,0,0,0,0,0,0,0,0,0,0,0,0,0,0,0,6,0,0,0,0,0,0,7,0,0,4,0,0,0,0,0,0,6,0,0,5,0,0,0,0,3,0,12,4,0,8,0,0,0,3,5,0,21,0,0,0,0,0,0,0,3,0,7,0,0,0,0,0,0,0,0,0,0,0,0,0,0,0,0,0,0,0,0,11,4,17,4,0,0,8,6,0,59,0,0,0,0,0,0,0,0,0,4,0,0,0,0,3,0,0,0,0,6,0,3,0,0,5,0,0,3,0,11,0,0,0,0,0,0,0,0,0,3,9,0,3,3,0,0,0,0,0,14,6,0,0,0,0,0,0,4,0,8,0,0,0,0,0,0,0,0,0,4,0,0,0,0,0,0,0,0,0,0,0,0,0,0,0,0,0,0,0,0,11,6,0,8,12,0,0,7,3,44
UCL522036,0,0,0,0,0,0,0,0,0,8,0,0,0,0,0,0,0,0,0,4,0,0,5,0,0,0,0,0,0,13,0,0,0,0,0,0,0,0,0,9,3,0,0,0,0,0,3,7,0,16,3,0,0,0,0,0,3,0,0,7,0,0,0,0,0,0,6,0,0,16,0,0,0,0,0,0,0,0,0,0,0,0,0,0,0,0,0,0,0,0,11,5,13,0,0,0,14,8,3,63,0,0,0,0,0,0,0,0,0,3,0,0,0,0,0,0,0,0,0,0,0,3,0,0,0,0,0,0,0,5,0,0,0,0,0,0,0,0,0,9,4,0,0,3,0,0,0,0,0,10,0,0,0,3,0,0,0,0,0,9,0,0,0,0,0,0,0,4,0,4,0,0,0,0,0,0,0,0,0,0,0,0,0,0,0,0,0,0,0,0,6,5,4,4,9,0,4,8,5,43
UCL522037,0,0,0,0,0,0,0,0,0,0,0,0,0,0,0,0,0,0,0,3,0,0,4,0,0,0,0,7,0,13,7,0,3,0,0,0,4,3,0,12,0,0,4,0,0,0,0,3,0,13,7,0,0,0,0,0,3,0,0,14,0,0,0,0,0,0,0,0,0,5,4,0,0,0,0,0,0,0,0,4,0,0,0,0,0,0,0,0,0,0,10,0,16,0,0,0,18,17,0,67,0,0,0,0,0,0,0,0,0,3,0,0,0,0,0,0,0,0,0,0,0,0,0,4,0,0,0,0,0,5,0,7,0,0,0,4,0,0,0,13,0,0,0,6,0,5,0,0,0,17,0,0,0,4,0,0,0,3,0,5,0,0,0,0,4,0,0,0,0,5,0,0,0,0,0,0,0,0,0,0,0,0,0,0,0,0,0,0,0,0,4,13,0,15,7,4,3,7,0,53
UCL522038,0,0,4,0,0,0,5,0,0,6,0,0,8,0,0,0,0,3,3,16,10,3,13,0,0,4,4,4,0,37,4,4,10,0,0,0,8,0,0,22,6,4,11,3,0,7,0,4,0,31,10,0,0,0,0,0,3,5,0,27,3,0,0,0,0,0,0,4,0,11,0,0,0,0,0,3,0,0,0,4,0,0,0,0,0,0,0,0,0,0,32,16,43,3,4,14,25,23,9,161,0,0,0,4,0,0,0,0,0,3,0,0,0,4,4,0,0,0,0,12,0,9,3,0,3,0,0,4,0,22,4,4,0,4,4,0,0,3,0,32,4,0,0,0,3,3,0,3,0,12,4,5,0,5,3,5,0,0,0,23,3,0,0,0,4,0,0,0,0,9,0,0,0,0,0,0,0,0,0,3,0,0,0,0,0,0,0,0,0,0,18,18,5,25,24,10,5,10,0,116
UCL522039,0,0,0,0,0,0,0,0,0,3,0,0,0,0,0,0,0,0,0,7,0,9,3,5,0,0,5,0,0,23,4,0,5,0,0,0,4,4,0,21,5,5,6,5,0,0,0,0,0,16,5,4,8,4,0,0,11,5,0,28,0,0,0,0,0,0,3,0,0,8,0,0,0,0,0,0,0,0,0,0,0,0,0,0,0,0,0,0,0,0,14,15,24,15,3,0,27,12,3,109,0,0,0,0,0,0,0,0,0,4,0,0,0,0,4,0,0,0,0,6,0,6,0,3,3,0,0,0,0,15,8,6,0,0,0,0,0,0,0,21,0,0,0,7,6,0,0,0,0,16,4,10,0,6,3,0,0,4,0,31,0,0,0,0,0,0,0,0,0,5,0,0,0,0,0,0,0,0,0,0,0,0,0,0,0,0,0,0,0,0,14,31,5,16,14,4,0,7,5,85
UCL522040,0,0,0,0,0,0,0,0,0,0,0,0,4,0,0,0,0,0,0,3,0,0,3,0,0,0,0,0,0,3,0,0,0,0,0,0,0,0,0,0,0,0,0,0,0,0,0,0,0,8,7,4,0,0,0,0,0,0,0,20,0,6,0,0,0,0,0,0,0,6,0,0,0,0,0,0,0,0,0,0,0,0,0,0,0,0,0,0,0,0,6,7,8,0,0,4,3,9,4,43,0,0,0,0,0,0,0,0,0,3,0,0,0,0,0,0,0,0,0,0,0,0,0,0,0,0,0,0,0,0,0,0,0,0,0,0,0,0,0,3,0,0,0,0,0,0,0,6,0,8,0,0,0,0,0,0,0,3,0,10,0,0,0,0,0,0,0,0,0,4,0,0,0,0,0,0,0,0,0,0,0,0,0,0,0,0,0,0,0,0,4,3,0,4,10,0,0,11,0,36
UCL522041,0,0,0,0,0,0,0,0,0,0,0,0,0,0,0,0,0,6,0,6,0,0,4,0,0,0,0,3,0,7,0,0,0,0,0,0,5,0,0,8,0,0,3,0,0,0,9,0,3,14,0,0,6,0,0,0,4,0,0,19,0,0,0,0,0,0,0,0,0,9,0,0,0,0,0,0,0,0,0,0,0,0,0,0,0,0,0,0,0,0,4,6,19,0,0,0,19,13,3,64,0,0,0,0,0,0,0,0,0,0,0,0,0,0,0,0,0,0,0,4,0,0,0,0,0,0,0,0,0,5,0,0,0,4,0,0,0,0,0,11,3,0,0,4,3,0,0,0,0,15,0,0,0,0,0,0,0,0,0,11,0,4,0,0,4,0,0,3,0,8,0,0,0,0,0,0,0,0,0,0,0,0,0,0,0,0,0,0,0,0,12,7,5,3,7,0,7,9,0,46
UCL522042,0,0,0,0,0,0,0,0,0,3,0,0,3,0,0,0,3,0,0,16,6,3,30,0,0,0,16,4,0,54,6,8,19,0,0,0,26,6,3,57,9,4,13,0,0,0,14,4,0,43,0,0,11,0,3,0,16,3,0,29,0,0,0,0,0,0,3,0,0,4,0,0,0,0,0,0,0,0,0,0,0,0,0,0,0,0,0,0,0,0,23,17,75,0,3,4,81,12,6,222,0,0,0,0,0,0,0,0,0,0,0,4,0,0,0,0,0,0,0,14,0,10,5,6,8,0,0,0,0,35,4,0,6,0,5,0,6,6,0,26,0,0,0,0,9,0,0,5,0,19,0,0,0,0,5,5,3,4,0,10,0,0,0,0,0,0,0,0,0,0,0,0,0,0,0,0,0,0,0,0,0,0,0,0,0,0,0,0,0,0,8,14,11,15,20,6,12,17,0,108
UCL522043,0,0,0,0,0,0,0,0,0,0,0,0,0,0,0,0,0,0,0,0,0,0,0,5,0,0,0,9,0,10,0,0,5,0,0,0,0,3,0,7,0,0,0,0,0,0,0,0,0,3,0,0,0,0,0,0,0,0,0,0,0,0,0,0,0,0,0,0,0,0,0,0,0,0,0,0,0,0,0,0,0,0,0,0,0,0,0,0,0,0,0,0,5,4,0,0,0,5,5,24,0,0,0,0,0,0,0,0,0,0,0,0,0,3,0,0,0,0,0,0,0,3,0,3,0,0,0,0,0,13,0,0,0,0,4,0,0,0,0,4,0,0,0,0,0,0,0,0,0,4,0,0,0,0,0,0,0,0,0,0,0,0,0,0,0,0,0,0,0,0,0,0,0,0,0,0,0,0,0,0,0,0,0,0,0,0,0,0,0,0,4,6,0,11,6,5,0,0,0,23
UCL522044,0,3,0,0,0,0,0,0,0,3,0,0,0,0,0,0,0,5,0,3,0,3,0,0,0,0,3,0,0,16,0,0,0,0,0,0,3,0,3,3,4,0,0,0,0,0,0,0,0,11,3,0,4,6,3,0,8,0,0,22,0,0,0,0,0,0,0,0,0,3,0,0,0,0,0,0,0,0,0,3,0,0,0,0,0,0,0,0,0,0,7,10,11,7,0,0,16,5,3,60,0,0,0,0,0,0,0,0,0,0,0,0,0,5,0,0,0,0,0,0,0,6,0,3,0,0,0,0,0,12,0,0,0,0,0,0,0,0,0,3,3,0,0,3,0,0,0,0,0,11,3,0,0,0,0,0,0,3,0,17,0,0,0,0,0,0,0,0,0,4,0,0,0,0,0,0,0,0,0,0,0,0,0,0,0,0,0,0,0,0,4,10,0,13,3,0,0,8,3,43
UCL522045,0,0,0,0,0,0,0,0,0,0,0,0,0,0,0,0,0,0,0,0,0,0,0,0,0,0,0,0,0,0,0,0,0,0,0,0,0,0,0,5,0,0,0,0,0,0,0,0,0,5,0,0,0,0,0,0,0,0,0,3,0,0,0,0,0,0,0,0,0,0,0,0,0,0,0,0,0,0,0,0,0,0,0,0,0,0,0,0,0,0,0,6,6,0,0,0,0,0,0,15,0,0,0,0,0,0,0,0,0,0,0,0,0,0,0,0,0,0,0,3,0,0,0,0,0,0,0,0,0,0,0,5,0,0,0,0,0,0,0,5,0,0,0,0,0,0,0,0,0,4,0,4,0,0,0,0,0,0,0,3,0,0,0,0,0,0,0,0,0,0,0,0,0,0,0,0,0,0,0,0,0,0,0,0,0,0,0,0,0,0,0,3,0,6,0,0,0,0,0,14
UCL522046,0,0,3,0,0,0,0,0,0,3,0,0,0,0,0,0,0,4,0,3,0,0,0,0,0,0,0,4,0,13,0,0,5,0,0,0,0,3,0,9,9,0,0,4,0,0,4,0,0,16,5,0,3,0,0,4,4,3,0,24,3,0,0,0,0,0,0,5,0,3,0,0,0,0,0,0,0,0,0,0,0,0,0,0,0,0,0,0,0,0,16,3,11,0,0,4,17,10,0,71,0,0,0,0,0,0,0,0,0,0,0,0,0,0,0,0,0,0,0,3,0,0,0,0,0,0,0,0,0,3,0,7,0,0,3,0,0,0,0,17,3,0,0,6,0,0,0,0,0,9,0,0,0,0,6,0,0,0,3,11,0,0,0,0,0,0,0,0,0,4,0,0,0,0,0,0,0,0,0,0,0,0,0,0,0,0,0,0,0,0,7,9,3,8,13,0,0,0,3,48
UCL522047,0,0,0,0,0,0,0,0,0,4,0,0,0,0,0,0,0,0,0,4,0,0,0,0,0,0,0,0,0,12,0,0,6,0,0,0,6,6,0,13,4,4,0,0,0,0,5,0,0,13,5,0,3,0,0,0,8,0,0,22,0,0,0,0,0,0,0,0,0,3,0,0,0,0,0,0,0,0,0,0,0,0,0,0,0,0,0,0,0,0,12,6,12,5,0,5,15,12,0,69,0,0,0,0,0,5,0,0,0,6,0,4,0,0,0,0,0,0,0,8,0,0,0,5,3,0,0,0,0,12,0,5,0,4,0,0,0,5,0,12,3,0,0,0,5,0,0,0,0,14,6,0,0,4,3,5,0,0,0,14,0,0,0,0,3,0,0,0,0,6,0,0,0,0,0,0,0,0,0,0,0,0,0,0,0,0,0,0,0,0,6,16,3,13,15,8,4,8,0,67
UCL522048,0,0,3,0,0,0,0,0,0,3,0,0,0,0,0,0,0,0,0,4,0,0,4,0,0,0,0,0,0,9,0,4,3,0,0,0,4,6,0,16,3,5,4,0,0,0,0,0,0,15,6,0,0,0,0,0,4,0,0,12,0,0,0,0,0,0,0,0,0,10,0,0,0,0,0,0,0,0,0,3,0,0,0,0,0,0,0,0,0,0,11,6,28,8,3,0,10,5,0,71,0,0,0,0,0,0,0,0,0,0,0,0,0,0,0,0,0,0,0,0,0,5,0,0,0,0,0,0,0,5,0,0,0,0,5,0,0,0,0,11,0,0,0,0,0,0,0,0,0,11,0,4,0,0,3,0,0,0,0,10,0,0,0,4,0,0,0,0,0,4,0,0,0,0,0,0,0,0,0,0,0,0,0,0,0,0,0,0,0,0,0,12,0,6,10,6,3,3,6,44
UCL522049,0,0,0,0,0,0,0,0,0,0,0,0,0,0,0,0,0,0,0,0,0,5,0,3,0,0,0,0,0,12,0,0,0,0,0,0,3,0,0,11,0,0,0,0,0,0,5,4,0,14,3,0,5,0,0,0,3,0,0,14,0,0,3,0,0,0,0,0,0,3,0,0,0,0,0,0,0,0,0,0,0,0,0,0,0,0,0,0,0,0,3,5,10,7,0,0,17,11,0,52,0,0,0,0,0,0,0,0,0,0,0,0,0,0,0,0,0,0,0,0,0,0,0,0,5,0,0,0,0,3,0,6,0,4,3,0,0,0,0,7,0,4,0,3,0,0,0,0,0,7,0,5,0,4,0,0,0,3,0,15,0,0,0,0,0,0,0,0,0,3,0,0,0,0,0,0,0,0,0,0,0,0,0,0,0,0,0,0,0,0,5,14,0,12,11,0,0,4,0,40
UCL522050,0,0,0,0,0,0,0,0,0,0,0,0,7,0,0,0,0,5,0,3,6,0,7,0,0,0,0,6,0,19,4,0,4,0,0,0,4,0,0,13,4,0,5,0,0,5,4,0,0,19,7,0,0,0,0,0,10,3,0,22,3,0,0,0,0,0,4,0,0,8,0,0,0,0,0,0,0,0,0,6,0,0,0,0,0,0,0,0,0,0,25,4,25,0,4,3,17,13,0,93,0,0,0,0,0,0,0,0,0,0,0,0,0,0,0,0,0,0,0,6,0,3,0,4,3,0,0,7,0,17,0,0,0,0,0,4,0,0,0,10,0,6,4,0,4,3,0,0,0,14,0,3,0,0,3,0,0,6,0,21,0,0,0,0,3,0,0,0,0,8,4,0,0,0,0,0,0,0,0,4,0,0,0,0,0,0,0,0,0,0,11,13,3,9,16,5,0,17,0,78
UCL522051,0,0,0,0,0,0,0,0,0,6,0,0,0,0,0,0,0,0,0,4,0,0,6,0,0,0,0,0,0,4,4,0,5,0,0,0,0,0,0,9,0,0,7,0,0,0,4,0,0,22,0,0,6,0,0,0,0,0,0,7,0,0,0,0,0,0,0,0,0,0,0,0,0,0,0,0,0,0,0,0,0,0,0,0,0,0,0,0,0,0,10,5,24,0,7,0,7,9,0,50,0,0,0,0,0,5,0,4,0,4,0,0,0,0,0,0,0,0,0,3,0,0,7,0,0,0,0,0,0,10,0,0,0,4,0,0,0,0,0,8,0,0,0,3,4,3,0,0,0,11,0,0,3,0,6,0,0,0,0,9,0,0,0,0,0,0,0,0,0,0,0,0,0,0,0,0,0,0,0,0,0,0,0,0,0,0,0,0,0,0,3,0,7,12,10,13,0,8,0,53
UCL522052,0,0,0,0,0,0,0,0,0,0,0,0,0,3,0,0,0,0,0,3,0,4,0,0,0,0,0,3,0,12,0,0,0,0,0,0,0,0,0,8,4,0,0,4,0,0,0,0,0,12,3,0,3,0,0,0,0,0,0,10,0,0,0,0,0,0,0,0,0,5,0,0,0,0,0,0,0,0,0,0,0,0,0,0,0,0,0,0,0,0,9,9,8,15,0,0,3,11,0,53,0,0,0,0,0,0,0,0,0,0,0,0,0,0,0,0,0,0,0,3,0,0,0,4,0,0,0,0,0,3,0,3,0,0,0,0,0,0,0,3,0,0,0,0,0,0,0,0,0,4,0,0,0,3,0,0,0,0,0,4,0,0,0,0,0,0,0,0,0,0,0,0,0,0,0,0,0,0,0,0,0,0,0,0,0,0,0,0,0,0,0,3,0,6,0,0,0,0,0,19
UCL522053,0,0,0,0,0,0,0,0,0,0,0,0,0,0,0,0,0,3,0,3,0,0,0,0,0,0,0,0,0,0,0,0,0,0,0,0,0,0,0,3,0,0,0,0,0,0,0,0,0,0,0,0,0,0,0,0,0,0,0,0,0,0,0,0,0,0,0,0,0,0,0,0,0,0,0,0,0,0,0,0,0,0,0,0,0,0,0,0,0,0,3,0,0,0,0,0,0,5,0,12,0,0,0,0,0,0,0,0,0,0,0,0,0,0,0,0,0,0,0,3,0,0,0,0,0,0,0,0,0,3,0,0,0,0,0,0,0,0,0,3,0,0,0,0,0,0,0,0,0,5,0,5,0,0,0,0,0,0,0,4,0,0,0,0,0,0,0,0,0,0,0,0,0,0,0,0,0,0,0,0,0,0,0,0,0,0,0,0,0,0,4,7,0,3,6,0,0,0,0,21
UCL522054,0,0,0,0,0,0,0,0,0,0,0,0,0,0,0,0,0,0,0,5,3,0,6,0,0,0,3,0,0,8,5,0,0,0,0,0,0,0,0,11,9,0,0,0,0,0,4,0,0,14,4,0,3,0,0,0,4,0,0,10,0,0,0,0,0,0,0,0,0,0,0,0,0,0,0,0,0,0,0,0,0,0,0,0,0,0,0,0,0,0,14,0,10,0,0,0,13,4,0,47,0,0,0,0,0,0,0,0,0,0,0,0,0,0,0,0,0,4,0,10,0,0,0,5,0,0,0,0,0,4,0,0,0,0,0,0,0,0,0,4,0,0,0,0,0,0,0,0,0,11,0,0,0,4,0,0,0,0,0,3,0,0,0,0,0,0,0,0,0,0,0,0,0,0,0,0,0,0,0,0,0,0,0,0,0,0,0,0,0,0,9,3,0,10,15,5,0,5,0,42
UCL522055,0,0,0,0,0,0,0,0,0,3,0,0,0,0,0,0,0,0,0,0,0,8,6,0,0,0,3,3,0,15,5,6,3,0,0,0,0,4,0,19,5,5,12,0,0,0,6,3,0,28,6,4,4,0,0,0,6,3,0,23,6,4,0,0,0,0,4,0,0,12,0,0,0,0,0,0,0,0,0,0,0,0,0,0,0,0,0,0,0,0,12,23,18,3,6,0,26,15,0,105,0,0,0,0,0,0,0,0,0,5,0,0,0,0,0,0,0,0,0,5,0,0,0,0,5,0,0,8,0,20,4,3,0,3,4,0,0,0,0,14,8,7,0,7,3,0,0,4,0,29,0,4,0,3,0,0,0,3,0,17,3,0,0,0,3,0,0,0,0,8,0,0,0,0,0,0,0,0,0,0,0,0,0,0,0,0,0,0,0,0,18,19,7,17,14,3,3,15,0,90
UCL522056,0,0,0,0,0,0,0,3,0,9,0,0,0,0,0,0,3,4,0,13,0,0,4,0,0,0,16,0,0,27,10,0,8,0,0,0,14,3,0,34,5,0,9,3,0,0,12,3,4,38,3,0,4,0,0,0,12,3,5,31,0,0,6,0,0,0,4,0,0,14,0,0,0,0,0,0,0,0,0,0,0,0,0,0,0,0,0,0,0,0,18,7,39,3,3,0,62,14,8,160,0,0,0,0,0,0,0,0,0,5,0,0,0,0,0,0,0,0,0,3,0,8,0,5,4,0,3,0,0,25,3,3,3,0,0,3,0,0,0,13,5,3,0,4,7,0,0,3,0,22,3,8,0,0,0,0,0,0,0,14,0,0,0,0,0,0,0,0,0,4,0,0,0,0,0,0,0,0,0,0,0,0,0,0,0,0,0,0,0,0,14,17,6,8,15,8,5,13,3,81
UCL522057,0,0,4,4,0,0,0,0,0,8,0,0,0,6,0,3,0,5,0,14,3,0,12,6,0,4,0,13,0,32,5,6,5,0,0,0,5,3,0,18,12,0,6,0,0,0,0,0,0,18,0,5,5,4,5,0,0,3,0,26,3,0,0,0,0,0,0,0,0,9,0,4,0,0,0,0,0,0,0,5,0,0,0,0,0,0,0,0,0,0,23,17,25,20,11,7,8,19,0,130,0,0,0,0,0,5,0,0,0,7,3,0,0,8,0,0,0,0,0,11,0,4,3,11,6,0,0,0,0,27,4,3,0,0,0,0,0,3,0,18,6,0,0,3,6,0,0,3,0,17,4,15,6,0,4,0,0,0,0,32,3,3,0,0,0,0,0,0,0,9,0,0,0,0,0,0,0,0,0,0,0,0,0,0,0,0,0,0,0,0,22,29,10,27,18,5,0,9,0,119
UCL522058,0,0,0,0,0,0,0,0,0,0,0,0,0,0,0,0,0,0,0,0,0,0,6,0,0,0,0,4,0,6,0,0,0,0,0,0,0,0,0,3,3,0,0,0,0,0,0,0,0,6,4,0,3,0,0,0,7,4,0,11,0,0,3,0,0,0,0,0,0,4,0,0,0,0,0,0,0,0,0,0,0,0,0,0,0,0,0,0,0,0,11,0,9,0,0,0,13,7,0,41,0,0,0,0,0,0,0,0,0,0,0,0,0,0,0,0,0,3,0,6,0,0,0,0,0,0,0,0,0,3,0,0,0,0,0,0,0,0,0,7,0,0,0,0,0,0,0,0,0,7,3,0,3,3,0,0,0,0,0,10,0,0,0,0,0,0,0,0,0,0,0,0,0,0,0,0,0,0,0,0,0,0,0,0,0,0,0,0,0,0,5,8,0,4,0,0,0,0,0,28
UCL522059,0,0,0,0,0,0,0,0,0,0,0,0,0,0,0,0,0,3,0,5,0,0,6,0,0,0,0,0,0,12,3,0,5,5,0,0,3,3,0,24,0,0,3,0,0,0,4,0,3,11,3,0,3,0,0,0,3,0,0,14,0,0,0,0,0,0,0,0,0,8,0,0,0,0,0,0,0,0,0,0,0,0,0,0,0,0,0,0,0,0,9,4,23,3,3,6,14,9,7,74,0,0,0,0,0,0,0,0,0,0,0,0,0,0,0,0,0,0,0,3,0,0,0,0,0,0,0,0,0,9,0,0,3,0,3,0,0,0,0,12,0,0,0,3,6,0,0,0,0,12,0,0,0,3,3,0,0,4,0,19,0,0,0,0,0,0,0,0,0,0,0,0,0,0,0,0,0,0,0,0,0,0,0,0,0,0,0,0,0,0,7,12,9,13,12,3,5,3,4,59
UCL522060,0,0,0,0,0,0,0,0,0,0,0,0,0,0,0,0,0,0,0,0,0,0,0,0,0,0,0,0,0,0,0,0,0,0,0,0,0,0,0,0,0,0,0,0,0,0,0,0,0,4,0,0,0,0,0,0,0,0,0,5,0,0,0,0,0,0,0,0,0,0,0,0,0,0,0,0,0,0,0,0,0,0,0,0,0,0,0,0,0,0,5,0,0,0,0,0,0,0,0,3,0,0,0,0,0,0,0,0,0,0,0,0,0,0,0,0,0,0,0,0,0,0,0,0,0,0,0,0,0,0,0,0,0,0,0,0,0,0,0,0,0,0,0,0,0,0,0,0,0,3,0,7,0,0,4,0,0,0,0,8,0,0,0,0,0,0,0,0,0,0,0,0,0,0,0,0,0,0,0,0,0,0,0,0,0,0,0,0,0,0,0,10,0,0,4,0,0,0,0,12
UCL522061,0,0,0,0,0,0,0,0,0,0,0,0,0,0,0,0,0,0,0,0,0,6,5,0,6,0,0,0,0,12,0,0,0,0,0,0,0,0,0,3,3,3,6,0,0,0,4,0,0,16,3,0,3,0,0,0,0,10,0,17,3,0,0,0,0,0,0,0,0,7,0,0,0,0,0,0,0,0,0,0,0,0,0,0,0,0,0,0,0,0,14,12,21,0,4,6,9,7,0,70,0,0,0,0,0,0,0,0,0,0,0,0,0,0,0,0,0,0,0,0,5,0,0,3,0,0,0,0,0,14,3,5,0,0,0,6,0,0,0,12,4,4,0,0,0,0,0,6,0,11,0,7,0,3,5,0,0,0,0,26,0,3,0,0,0,0,0,0,0,3,0,0,0,0,0,0,0,0,0,0,0,0,0,0,0,0,0,0,0,0,15,19,0,10,6,9,0,6,0,69
UCL522062,0,0,0,0,0,0,0,0,0,0,0,0,0,0,0,0,0,0,0,3,0,0,0,0,0,0,0,0,0,3,0,0,0,0,0,0,0,0,0,9,0,0,0,0,0,0,0,0,0,0,0,0,0,0,0,0,0,0,0,0,0,0,0,0,0,0,0,0,0,0,0,0,0,0,0,0,0,0,0,0,0,0,0,0,0,0,0,0,0,0,5,0,0,0,0,0,0,3,0,14,0,0,0,0,0,0,0,0,0,0,0,0,0,0,0,0,0,0,0,0,0,0,0,5,0,3,0,0,0,8,0,0,0,7,0,0,0,0,0,5,0,0,0,0,0,0,0,0,0,0,0,0,0,0,0,0,0,0,0,0,0,0,0,0,0,0,0,0,0,0,0,0,0,0,0,0,0,0,0,0,0,0,0,0,0,0,0,0,0,0,0,5,0,6,0,6,0,3,0,24
UCL522063,0,0,0,0,0,0,0,0,0,0,0,0,0,0,0,0,0,0,0,0,0,0,0,0,0,0,0,0,0,4,5,0,0,0,0,0,0,0,0,9,0,0,0,0,0,0,0,0,0,0,0,0,0,0,0,0,0,0,0,3,0,0,0,0,0,0,0,0,0,0,0,0,0,0,0,0,0,0,0,0,0,0,0,0,0,0,0,0,0,0,4,3,0,0,5,0,0,0,0,18,0,0,0,0,0,0,0,0,0,0,0,0,0,0,0,0,0,0,0,0,5,8,0,0,0,0,0,0,0,10,0,0,0,0,0,0,0,0,0,0,0,0,0,3,0,0,0,0,0,7,0,11,0,0,0,0,0,0,0,11,0,0,0,0,0,0,0,0,0,7,0,0,0,0,0,0,0,0,0,0,0,0,0,0,0,0,0,0,0,0,3,22,0,4,0,0,0,0,0,33
UCL522064,0,0,0,0,0,0,0,0,0,0,0,0,0,0,0,0,0,0,0,4,0,4,0,9,0,0,0,0,4,15,5,0,3,3,0,0,3,0,0,17,0,0,0,5,0,0,0,5,0,17,0,0,0,0,0,0,0,0,0,3,0,0,0,0,0,0,0,0,0,3,0,0,0,0,0,0,0,0,0,0,0,0,0,0,0,0,0,0,0,0,10,8,4,15,0,0,3,3,7,52,0,0,0,0,0,0,0,0,0,0,0,0,0,4,0,0,0,0,0,5,0,5,0,7,4,0,0,0,0,19,6,3,0,5,0,0,0,0,0,9,5,4,0,4,3,0,0,0,0,18,6,0,0,0,0,0,0,3,0,12,0,0,0,4,0,0,0,0,0,3,0,0,0,0,0,0,0,0,0,0,0,0,0,0,0,0,0,0,0,0,9,13,4,18,9,5,0,6,4,67
UCL522065,0,0,3,0,0,0,0,0,0,4,0,0,0,0,0,0,0,0,0,0,0,0,3,0,0,0,0,3,0,8,5,0,0,0,0,0,0,0,0,6,0,0,0,0,0,3,0,0,0,7,4,0,5,3,0,0,3,3,0,15,0,0,0,0,0,0,4,0,0,6,0,0,0,0,0,0,0,0,0,4,0,0,0,0,0,0,0,0,0,0,12,0,9,3,0,3,5,10,0,49,0,0,0,0,0,0,0,0,0,0,0,0,0,0,0,0,0,0,0,0,0,4,0,0,0,0,0,0,0,8,3,4,0,0,0,0,0,0,0,9,0,0,0,0,0,0,0,0,0,5,4,3,3,0,0,0,3,0,0,19,3,0,0,0,0,0,0,0,0,4,0,0,0,0,0,0,0,0,0,0,0,0,0,0,0,0,0,0,0,0,9,8,8,3,5,3,3,3,0,47
UCL522066,0,0,0,0,0,0,0,0,0,0,0,0,0,0,0,0,0,6,0,8,6,0,5,4,0,0,4,3,0,21,13,0,0,0,0,0,3,7,0,19,0,0,5,0,0,0,7,0,0,14,0,0,0,0,0,4,0,3,0,14,0,0,0,0,0,0,0,0,0,6,0,0,0,0,0,0,0,0,0,0,0,0,0,0,0,0,0,0,0,0,15,0,13,7,0,6,17,20,0,90,0,0,0,0,0,0,0,0,0,4,0,0,0,0,0,0,0,0,0,9,0,0,0,5,3,0,0,5,0,18,3,4,4,8,5,0,0,5,0,24,3,4,5,0,0,6,0,4,0,15,0,0,0,0,3,4,0,4,0,19,0,0,0,0,0,0,0,0,0,3,0,0,0,0,0,0,0,0,0,0,0,0,0,0,0,0,0,0,0,0,12,11,6,11,16,12,3,22,0,90
UCL522067,0,0,0,0,0,0,0,4,0,4,0,0,7,0,0,0,5,7,0,15,0,10,17,0,0,0,14,5,0,51,3,7,23,3,3,0,10,4,0,52,10,6,15,6,0,0,14,9,0,59,7,0,9,0,0,0,14,0,0,34,0,3,5,0,0,0,7,0,0,9,0,0,0,0,0,0,0,0,0,0,0,0,0,0,0,0,0,0,0,0,18,29,69,6,9,0,63,31,0,223,0,0,0,0,0,0,0,0,0,0,0,3,0,0,0,0,0,3,0,8,0,0,0,0,0,0,7,5,0,20,3,0,0,0,6,0,0,5,0,15,3,0,0,0,6,0,0,0,0,10,3,3,0,0,0,0,0,0,0,13,0,0,0,0,0,0,0,0,0,0,0,0,0,0,0,0,0,0,0,0,0,0,0,0,0,0,0,0,0,0,10,11,3,6,12,5,14,10,3,68
UCL522068,0,0,3,0,0,0,0,5,0,8,0,0,4,0,0,0,3,0,0,3,0,5,3,0,0,0,6,0,0,13,0,0,3,0,0,0,4,0,0,10,7,3,11,0,0,0,0,0,0,25,3,0,4,5,0,0,3,4,0,17,0,0,4,0,0,0,0,0,0,10,0,3,0,0,0,0,0,0,0,3,0,0,0,0,0,0,0,0,0,0,14,14,29,8,4,0,15,8,0,87,0,0,0,4,0,0,0,4,0,12,0,0,0,3,0,0,0,0,0,15,0,4,0,4,7,5,0,0,0,16,0,5,0,0,3,0,0,0,3,24,0,6,0,8,6,0,0,0,0,16,0,9,0,3,0,0,0,0,0,16,0,0,0,0,0,0,0,0,0,8,0,0,0,0,0,0,0,0,0,0,0,0,0,0,0,0,0,0,0,0,5,19,6,23,20,6,0,8,3,97
UCL522069,0,0,0,0,0,0,0,0,0,0,0,0,9,0,0,0,0,0,0,10,0,3,10,0,0,0,0,0,0,9,3,0,0,0,0,0,0,0,0,9,3,0,0,0,0,0,0,4,0,8,5,0,0,0,0,0,3,4,0,10,3,0,0,0,0,0,0,4,0,11,0,0,0,0,0,0,0,0,0,0,0,0,0,0,0,0,0,0,0,0,11,6,15,0,0,0,8,11,0,57,0,0,0,0,0,0,0,0,0,0,0,0,0,0,4,0,0,0,0,4,0,5,0,5,0,0,0,0,0,8,0,0,0,0,0,0,0,3,0,9,3,0,3,0,5,0,0,0,0,5,0,0,0,0,0,5,0,4,0,6,0,0,0,0,0,0,0,0,0,3,0,0,0,0,0,0,0,0,0,0,0,0,0,0,0,0,0,0,0,0,3,6,5,7,12,3,0,3,0,42
UCL522070,0,0,0,0,0,0,0,0,0,4,0,0,8,0,0,0,0,0,0,7,0,0,0,0,0,0,6,4,0,14,0,0,0,0,0,0,0,3,0,11,0,0,3,0,0,0,9,0,0,17,0,0,7,0,0,0,4,3,0,13,0,0,0,0,0,0,0,0,0,0,0,0,0,0,0,0,0,0,0,0,0,0,0,0,0,0,0,0,0,0,10,0,18,0,0,0,19,18,0,67,0,0,0,0,3,0,0,0,0,3,0,0,0,0,0,0,0,0,0,6,0,0,3,0,0,0,0,5,0,9,3,0,0,0,3,3,0,3,0,12,0,0,0,0,5,0,0,0,0,7,0,4,0,4,4,0,0,0,0,16,0,0,0,0,0,0,0,0,0,0,0,0,0,0,0,0,0,0,0,0,0,0,0,0,0,0,0,0,0,0,3,3,6,8,9,9,3,11,0,62
UCL522071,0,0,0,0,0,0,0,0,0,0,0,0,0,0,0,0,0,3,4,7,0,0,0,0,0,0,3,9,4,13,0,0,0,0,0,0,0,0,6,5,0,0,3,0,0,0,0,0,0,13,0,0,0,0,0,0,0,0,0,0,0,0,0,0,0,0,0,0,0,0,0,0,0,0,0,0,0,0,0,0,0,0,0,0,0,0,0,0,0,0,0,0,8,0,3,0,4,10,10,41,0,0,5,0,0,0,0,0,0,5,0,0,0,0,0,0,0,0,3,3,0,6,0,0,0,0,0,0,0,10,0,4,0,3,0,0,0,0,0,9,0,0,0,0,0,0,0,0,0,4,0,0,0,0,0,0,0,0,0,6,0,0,0,0,0,0,0,0,0,0,0,0,0,0,0,0,0,0,0,0,0,0,0,0,0,0,0,0,0,0,4,13,0,4,6,0,0,0,6,34
UCL531001,80,26,629,133,21,310,183,755,61,2216,258,245,1258,219,69,174,603,830,55,3716,1296,1285,3391,327,160,153,1847,1427,141,10028,2468,1263,3650,279,225,170,2268,1134,176,11632,3438,1377,3549,398,326,215,2832,1152,245,13539,3334,1262,2717,353,347,263,2706,1198,208,12395,1930,460,639,83,107,126,669,426,83,4529,616,55,50,13,22,22,44,89,53,963,95,0,0,0,0,0,0,9,14,126,13521,5978,15884,1808,1289,1442,11170,7025,1031,59138,30,27,120,548,121,651,60,457,49,2047,113,347,261,562,343,298,197,407,73,2598,639,1525,478,796,1006,298,424,760,89,6023,1286,1802,552,915,1509,375,339,609,110,7488,1768,1850,543,1240,1986,608,490,814,141,9433,1733,1581,427,1100,1927,567,362,812,111,8623,876,424,96,232,524,135,55,264,56,2662,218,20,15,12,60,7,9,46,25,410,23,0,0,0,0,0,0,0,0,20,6674,7581,2489,5400,7482,2932,1930,4158,648,39300
UCL579997,0,0,0,0,0,0,0,3,0,3,0,6,15,9,0,0,0,20,0,54,5,42,103,8,0,0,18,64,0,237,18,80,204,10,11,0,52,105,9,494,27,92,175,10,18,0,60,66,10,451,21,53,90,6,5,0,32,29,8,234,5,8,10,0,0,0,4,7,0,32,0,0,0,0,0,0,0,0,0,6,0,0,0,0,0,0,0,0,0,0,76,290,596,37,33,6,168,289,18,1517,0,0,0,0,0,0,0,0,0,7,0,0,7,7,0,0,0,10,0,23,3,15,8,12,3,0,0,18,0,54,0,8,8,3,0,0,0,9,0,28,3,9,6,0,3,0,0,10,0,32,11,8,0,5,0,0,0,6,0,29,0,0,0,0,0,0,0,0,0,5,5,0,0,0,0,0,0,0,0,5,0,0,0,0,0,0,0,0,0,0,21,40,28,25,9,0,4,49,5,186
