UCL_CODE_2021,P_400_499_15_19_yr,P_400_499_20_24_yr,P_400_499_25_34_yr,P_400_499_35_44_yr,P_400_499_45_54_yr,P_400_499_55_64_yr,P_400_499_65_74_yr,P_400_499_75_84_yr,P_400_499_85_yr_over,P_400_499_Tot,P_500_649_15_19_yr,P_500_649_20_24_yr,P_500_649_25_34_yr,P_500_649_35_44_yr,P_500_649_45_54_yr,P_500_649_55_64_yr,P_500_649_65_74_yr,P_500_649_75_84_yr,P_500_649_85_yr_over,P_500_649_Tot,P_650_799_15_19_yr,P_650_799_20_24_yr,P_650_799_25_34_yr,P_650_799_35_44_yr,P_650_799_45_54_yr,P_650_799_55_64_yr,P_650_799_65_74_yr,P_650_799_75_84_yr,P_650_799_85_yr_over,P_650_799_Tot,P_800_999_15_19_yr,P_800_999_20_24_yr,P_800_999_25_34_yr,P_800_999_35_44_yr,P_800_999_45_54_yr,P_800_999_55_64_yr,P_800_999_65_74_yr,P_800_999_75_84_yr,P_800_999_85_yr_over,P_800_999_Tot,P_1000_1249_15_19_yr,P_1000_1249_20_24_yr,P_1000_1249_25_34_yr,P_1000_1249_35_44_yr,P_1000_1249_45_54_yr,P_1000_1249_55_64_yr,P_1000_1249_65_74_yr,P_1000_1249_75_84_yr,P_1000_1249_85_yr_over,P_1000_1249_Tot,P_1250_1499_15_19_yr,P_1250_1499_20_24_yr,P_1250_1499_25_34_yr,P_1250_1499_35_44_yr,P_1250_1499_45_54_yr,P_1250_1499_55_64_yr,P_1250_1499_65_74_yr,P_1250_1499_75_84_yr,P_1250_1499_85_yr_over,P_1250_1499_Tot,P_1500_1749_15_19_yr,P_1500_1749_20_24_yr,P_1500_1749_25_34_yr,P_1500_1749_35_44_yr,P_1500_1749_45_54_yr,P_1500_1749_55_64_yr,P_1500_1749_65_74_yr,P_1500_1749_75_84_yr,P_1500_1749_85_yr_over,P_1500_1749_Tot,P_1750_1999_15_19_yr,P_1750_1999_20_24_yr,P_1750_1999_25_34_yr,P_1750_1999_35_44_yr,P_1750_1999_45_54_yr,P_1750_1999_55_64_yr,P_1750_1999_65_74_yr,P_1750_1999_75_84_yr,P_1750_1999_85_yr_over,P_1750_1999_Tot,P_2000_2999_15_19_yr,P_2000_2999_20_24_yr,P_2000_2999_25_34_yr,P_2000_2999_35_44_yr,P_2000_2999_45_54_yr,P_2000_2999_55_64_yr,P_2000_2999_65_74_yr,P_2000_2999_75_84_yr,P_2000_2999_85_yr_over,P_2000_2999_Tot,P_3000_3499_15_19_yr,P_3000_3499_20_24_yr,P_3000_3499_25_34_yr,P_3000_3499_35_44_yr,P_3000_3499_45_54_yr,P_3000_3499_55_64_yr,P_3000_3499_65_74_yr,P_3000_3499_75_84_yr,P_3000_3499_85_yr_over,P_3000_3499_Tot,P_3500_more_15_19_yr,P_3500_more_20_24_yr,P_3500_more_25_34_yr,P_3500_more_35_44_yr,P_3500_more_45_54_yr,P_3500_more_55_64_yr,P_3500_more_65_74_yr,P_3500_more_75_84_yr,P_3500_more_85_yr_over,P_3500_more_Tot,P_Personal_inc_ns_15_19_yr,P_Personal_inc_ns_20_24_yr,P_Personal_inc_ns_25_34_yr,P_Personal_inc_ns_35_44_yr,P_Personal_inc_ns_45_54_yr,P_Personal_inc_ns_55_64_yr,P_Personal_inc_ns_65_74_yr,P_Personal_inc_ns_75_84_yr,P_Personal_inc_ns_85_yr_over,P_Personal_inc_ns_Tot,P_OS_vis_15_19_yr,P_OS_vis_20_24_yr,P_OS_vis_25_34_yr,P_OS_vis_35_44_yr,P_OS_vis_45_54_yr,P_OS_vis_55_64_yr,P_OS_vis_65_74_yr,P_OS_vis_75_84_yr,P_OS_vis_85_yr_over,P_OS_vis_Tot,P_Tot_15_19_yr,P_Tot_20_24_yr,P_Tot_25_34_yr,P_Tot_35_44_yr,P_Tot_45_54_yr,P_Tot_55_64_yr,P_Tot_65_74_yr,P_Tot_75_84_yr,P_Tot_85_yr_over,P_Tot_Tot
UCL501001,4814,9909,11029,9757,9664,12152,25675,20455,9796,113266,4918,13115,16859,14277,12793,13207,19494,12346,4701,111706,3124,13273,19506,16503,13798,12957,13483,7559,2578,102777,2085,14625,27930,21854,19370,16258,11349,4820,1662,119947,1076,12822,36562,29349,25195,21532,10737,3442,976,141697,430,7586,30911,25654,21564,17098,6953,1867,478,112553,212,4118,27218,25279,21338,16407,5475,1510,530,102081,86,1794,18793,20695,17864,12409,3654,778,224,76293,88,2017,28364,42405,36924,23940,5850,1171,362,141117,24,307,5561,11109,9954,6155,1615,402,121,35244,70,267,5198,17824,20220,12161,3573,1107,316,60731,5548,7112,16518,14157,11520,9218,8571,8438,7547,88634,129,379,1024,632,635,910,788,267,78,4837,118813,126375,287428,290440,256255,222529,177310,98207,39957,1617314
UCL511001,204,214,404,420,419,560,1148,908,415,4691,293,371,586,605,550,569,837,507,184,4506,196,476,686,647,683,556,567,328,108,4243,135,622,973,823,798,674,421,179,49,4672,50,461,1063,961,987,821,417,118,23,4904,17,254,836,793,779,651,196,50,11,3594,14,158,680,830,763,607,163,45,20,3269,4,81,575,665,663,552,102,27,6,2662,0,107,862,1316,1328,957,165,21,14,4769,0,16,159,275,320,210,50,8,10,1045,5,13,131,325,400,250,99,19,9,1250,237,260,680,628,530,458,385,297,266,3736,6,3,26,8,9,14,11,3,0,89,4627,3786,9091,9666,9478,8854,7074,3920,1511,58003
UCL512001,115,110,163,181,210,295,561,497,209,2346,135,151,255,247,272,293,459,306,147,2265,88,210,268,272,269,294,316,200,65,1992,56,253,394,358,365,374,252,106,55,2211,31,192,520,450,461,435,217,72,17,2398,5,89,326,320,382,321,101,19,14,1581,7,44,273,277,338,302,79,30,16,1363,0,12,172,180,233,175,72,25,10,883,0,13,174,336,414,305,66,21,10,1331,0,0,29,42,62,56,18,0,5,219,0,3,30,61,104,96,45,16,6,371,113,116,330,277,245,222,206,235,210,1948,0,6,10,6,0,11,0,3,0,40,1952,1510,3492,3452,3829,4055,3545,2343,1051,25220
UCL512002,82,71,151,157,147,250,545,413,166,1985,103,132,196,229,247,272,484,302,99,2062,64,175,221,248,281,310,297,177,54,1829,45,159,285,299,308,308,215,96,36,1755,13,142,327,365,433,356,198,75,17,1924,3,64,255,289,323,250,116,32,14,1358,3,21,191,240,294,201,80,32,17,1091,0,11,125,195,260,161,28,20,3,803,5,16,176,349,381,246,56,21,6,1246,0,0,35,76,100,64,20,3,0,294,0,4,34,106,122,82,28,17,8,400,86,51,170,157,165,207,212,200,182,1429,0,0,16,0,10,9,0,0,0,30,1554,1047,2581,3169,3457,3406,3529,2099,877,21726
UCL512003,87,112,175,185,191,267,525,399,166,2109,143,197,232,249,266,272,322,205,64,1945,107,230,308,268,290,277,248,122,38,1885,72,249,376,333,325,351,203,56,29,2000,26,189,442,399,430,399,177,52,15,2122,9,108,345,354,351,290,101,35,0,1593,8,81,350,301,369,288,85,29,17,1517,3,25,225,268,284,237,72,8,0,1119,3,35,310,507,560,376,107,18,7,1925,0,5,52,90,103,99,30,6,0,383,0,6,38,120,135,112,35,14,3,455,213,175,407,440,349,324,288,254,199,2657,0,4,9,0,7,8,3,5,5,43,2098,1795,3817,4029,4198,4174,3315,1902,776,26103
UCL512004,64,52,128,120,95,135,234,174,52,1051,80,124,204,165,127,143,170,84,37,1131,91,170,208,203,164,137,101,51,8,1137,96,208,273,223,226,198,76,21,3,1325,63,241,380,303,315,307,96,15,4,1723,42,189,367,320,290,225,79,9,0,1525,30,183,470,337,358,279,74,10,6,1742,0,120,419,355,331,252,56,5,0,1543,13,143,789,866,756,584,108,5,0,3268,0,18,235,296,244,141,21,0,0,959,3,12,157,258,233,169,27,4,0,870,169,267,677,576,501,497,325,98,33,3143,5,4,22,9,10,14,19,0,0,75,1600,2015,4949,4519,4023,3617,1934,690,199,23545
UCL513001,33,47,67,71,74,110,258,108,15,773,36,63,113,115,73,143,264,105,8,923,37,90,168,119,98,129,184,56,3,875,32,110,274,190,148,168,191,74,9,1190,19,107,318,244,231,261,201,47,0,1434,6,82,278,248,212,222,141,22,3,1219,0,33,313,299,206,210,133,17,0,1208,3,19,240,240,196,165,79,12,0,952,0,16,290,426,433,282,109,32,4,1594,0,6,46,86,93,74,38,10,0,356,0,4,55,149,151,134,91,55,0,647,145,182,556,435,455,482,348,157,29,2799,0,25,67,12,5,9,12,0,0,123,829,947,3059,2885,2594,2824,2687,882,111,16818
UCL513002,18,31,56,57,65,88,154,168,76,714,45,50,64,75,64,93,110,89,33,606,35,73,92,86,90,77,72,52,17,577,12,81,138,107,119,109,63,32,8,659,9,50,136,140,138,146,68,21,10,714,0,41,101,103,114,93,31,13,3,503,3,26,106,98,103,81,22,10,0,455,4,9,82,77,89,71,23,7,0,363,0,15,117,168,175,138,25,17,0,654,0,6,24,29,31,26,6,5,0,125,3,3,17,26,53,40,14,11,0,174,84,67,140,134,145,147,114,108,48,990,0,5,9,0,0,4,0,0,0,18,639,514,1242,1236,1303,1373,1086,741,257,8392
UCL513003,20,23,51,56,30,44,64,26,7,322,38,31,79,95,56,39,61,23,5,421,44,64,113,100,77,51,38,12,0,495,39,94,151,160,119,74,32,9,0,677,37,121,270,223,149,118,42,0,0,957,14,81,238,189,155,105,28,3,0,815,12,67,286,233,204,123,25,0,0,959,7,46,305,270,200,116,43,0,0,994,3,107,580,675,520,297,45,0,0,2220,0,23,192,246,192,116,27,0,0,794,0,23,269,489,339,189,34,3,0,1346,137,209,693,751,604,437,170,41,11,3052,0,8,27,16,9,19,11,3,0,94,913,986,3576,3799,2847,1889,797,187,22,15017
UCL513004,30,24,59,54,36,36,67,21,12,333,27,38,74,84,57,48,45,17,0,385,39,48,94,92,69,51,39,5,0,434,31,53,127,94,71,86,39,0,3,501,33,88,211,165,121,92,53,9,0,768,18,88,229,171,131,111,40,0,0,801,14,88,291,206,168,137,26,3,0,940,5,56,271,194,180,130,32,0,0,868,9,69,606,681,451,320,43,3,0,2187,0,13,269,269,166,110,12,0,0,836,3,10,207,363,275,188,28,0,0,1070,142,225,815,754,668,519,187,48,7,3363,0,3,12,18,9,7,8,0,0,56,790,926,3579,3418,2617,2116,813,196,34,14480
UCL513005,27,48,55,62,46,51,155,97,24,561,27,55,110,88,78,76,95,53,12,585,19,60,101,94,88,63,53,36,6,514,8,63,163,133,96,85,43,15,0,614,7,46,171,147,125,97,32,8,0,636,0,30,130,152,108,91,33,8,4,548,0,18,113,112,116,59,9,0,0,425,0,8,60,108,82,68,5,0,0,334,0,17,110,167,206,87,14,5,0,593,0,0,19,40,47,18,5,3,0,135,0,0,24,45,37,24,8,0,0,138,37,31,76,82,65,55,37,62,67,519,3,0,22,6,0,4,0,0,0,38,651,483,1401,1480,1327,1044,827,464,146,7818
UCL514001,10,24,56,43,48,100,183,118,46,619,25,25,67,67,62,68,78,33,13,437,17,41,54,62,54,66,76,28,7,415,6,40,72,56,54,49,47,20,0,346,6,32,60,73,57,77,47,10,0,354,4,21,47,53,63,53,21,8,0,275,0,18,48,50,43,53,8,0,0,219,0,18,46,46,50,39,9,0,0,208,0,12,80,108,125,80,8,0,0,411,0,7,16,18,24,14,5,0,0,83,0,0,10,11,15,18,0,4,0,54,50,21,67,82,67,61,69,64,50,538,0,0,0,0,0,0,0,0,0,3,398,338,788,801,860,966,926,480,163,5718
UCL514002,23,6,22,37,44,30,116,53,21,360,17,20,37,68,53,58,108,68,16,447,14,34,54,104,73,48,74,43,16,453,4,40,91,108,82,64,81,29,5,506,3,16,106,126,106,78,64,21,4,528,0,9,72,82,76,70,45,20,3,375,0,4,57,74,89,62,30,19,5,340,0,3,41,74,74,32,19,3,0,240,0,0,58,135,109,55,33,5,0,394,0,0,13,42,31,20,0,3,0,105,0,0,3,47,68,36,25,5,0,193,32,16,58,61,36,51,46,37,7,344,0,0,5,0,0,5,0,6,0,15,357,160,693,1068,925,745,851,429,97,5327
UCL514003,29,20,35,50,46,55,110,60,52,451,19,36,66,89,69,56,83,41,12,469,11,33,100,98,77,55,55,19,4,450,10,50,144,132,124,70,62,15,5,608,0,32,146,192,167,85,37,13,8,681,0,5,108,113,80,71,15,4,0,403,0,3,50,101,81,54,21,4,0,308,0,5,25,58,61,34,14,6,0,198,0,0,67,120,89,61,18,3,0,359,0,0,13,27,30,11,3,0,0,84,0,0,11,26,37,18,6,0,0,103,30,23,84,78,82,68,44,10,15,433,0,8,26,20,0,0,0,0,0,55,403,262,995,1256,1061,796,629,246,120,5775
UCL514004,19,14,44,50,51,66,125,102,54,523,27,29,58,46,40,74,90,42,16,421,16,38,42,46,53,42,47,38,14,343,8,43,68,49,70,72,29,6,3,359,10,47,80,88,82,93,50,5,0,456,4,21,78,52,67,51,20,4,0,301,0,20,50,40,53,46,21,5,0,239,0,8,26,55,39,44,13,0,0,188,0,4,49,68,89,84,21,5,0,317,0,0,6,14,17,21,3,0,0,53,0,5,8,9,20,19,9,5,0,64,48,44,85,83,101,81,83,60,54,635,0,0,0,6,6,0,0,4,0,6,432,339,715,711,798,903,794,437,188,5325
UCL515001,0,5,8,8,9,23,58,31,20,162,0,4,0,3,21,23,34,38,19,148,0,0,6,13,11,20,29,10,11,104,0,0,14,5,5,13,18,0,10,65,0,5,7,9,10,19,20,7,0,75,0,5,9,4,6,13,11,0,0,48,0,0,6,0,9,4,8,0,6,33,0,0,0,7,5,7,0,0,0,19,0,0,6,7,13,13,8,5,0,45,0,0,3,0,0,0,0,0,0,9,0,0,0,0,5,3,5,0,4,16,3,6,8,11,15,12,14,15,4,83,0,3,3,5,0,0,4,0,0,13,26,31,77,91,128,198,300,166,98,1117
UCL515002,3,5,0,5,9,14,32,9,0,67,0,10,9,18,7,13,18,3,3,85,0,5,7,5,11,5,15,6,0,55,3,11,8,8,17,17,5,3,0,72,0,4,19,16,9,9,9,0,0,67,0,8,16,9,23,13,0,0,0,62,0,0,11,19,18,14,3,0,0,69,0,0,8,10,14,12,0,0,0,41,0,0,16,31,29,21,7,0,0,111,0,0,4,7,6,6,0,0,0,29,0,0,0,6,10,3,0,0,0,18,6,0,12,19,7,4,0,0,0,44,0,0,0,0,0,0,0,0,0,0,59,49,126,165,167,192,164,49,10,976
UCL515003,8,0,5,15,19,35,69,48,19,217,7,6,14,11,16,31,59,20,6,168,4,5,10,15,26,31,30,16,4,144,3,9,13,20,36,28,29,9,4,147,6,5,21,16,33,31,20,0,0,126,0,7,10,12,17,17,8,0,0,67,0,3,14,8,22,16,4,6,3,78,0,4,11,17,21,9,7,0,0,65,0,0,18,23,33,21,8,0,0,101,0,0,0,0,6,7,0,0,0,14,0,0,0,3,4,7,3,0,0,22,8,6,16,13,29,20,30,12,11,155,0,0,0,0,0,0,0,0,0,5,119,71,177,196,280,360,414,191,75,1882
UCL515004,5,3,18,11,4,9,36,12,8,103,5,11,19,11,11,14,14,9,0,101,10,27,29,8,15,8,7,9,0,119,5,12,37,27,15,16,4,0,0,117,0,17,45,31,34,20,8,3,0,162,0,14,46,31,27,8,3,0,0,141,0,23,43,25,20,12,0,0,0,123,4,6,33,9,13,7,10,0,0,83,0,3,31,33,20,11,3,0,0,104,0,0,6,8,4,0,0,0,0,25,0,0,5,0,5,0,0,0,0,13,16,13,20,8,23,15,3,4,0,107,0,48,7,0,0,0,0,0,0,50,136,220,400,248,243,161,152,68,19,1639
UCL515005,6,6,13,13,16,21,52,29,11,162,5,12,19,21,17,15,28,16,3,132,5,15,24,19,25,19,24,14,4,149,5,13,23,34,29,22,6,4,0,145,4,15,39,45,44,14,12,6,0,170,0,6,17,33,25,31,10,0,0,124,0,9,16,22,18,18,7,0,0,91,0,3,3,11,35,14,0,0,0,68,0,3,25,16,38,26,0,0,0,108,0,0,0,3,3,3,0,0,0,15,0,0,0,0,3,3,0,0,0,6,20,8,3,10,18,12,12,10,6,99,0,0,0,0,0,0,0,0,0,0,150,102,215,287,330,271,265,127,36,1777
UCL515006,3,11,19,18,30,42,136,76,10,339,14,25,25,25,39,61,107,65,17,379,8,16,33,39,35,57,64,15,4,263,6,24,51,35,49,73,45,30,8,320,3,18,51,42,64,75,67,15,4,334,3,16,47,41,48,40,26,6,0,230,0,10,55,33,42,47,21,5,3,204,0,8,25,35,44,38,12,0,0,166,0,4,50,73,65,62,13,3,0,276,0,0,10,13,10,16,4,0,0,52,0,0,9,20,20,26,8,0,0,85,57,76,144,112,122,109,89,66,16,788,0,22,26,13,11,0,0,0,0,64,209,287,614,560,664,805,919,437,88,4577
UCL515007,8,5,13,16,15,14,15,6,0,89,6,4,10,30,14,21,16,8,3,114,3,7,15,34,18,19,12,3,0,104,0,10,16,24,35,21,11,7,5,115,0,4,12,49,43,26,3,3,0,138,0,0,12,34,26,15,3,0,0,87,0,0,10,36,19,10,3,0,0,86,0,0,10,20,24,4,0,0,0,64,0,0,17,61,29,22,7,0,0,137,0,0,3,12,9,0,0,0,0,29,0,0,5,10,4,3,0,0,0,25,10,5,21,38,26,11,7,4,0,119,0,0,6,0,0,0,0,0,0,9,85,41,179,425,300,198,118,46,20,1401
UCL515008,0,0,0,3,0,11,7,6,0,31,0,4,4,7,9,0,3,0,0,30,0,3,4,9,9,9,3,4,0,46,0,3,7,8,5,7,5,0,0,43,3,8,18,9,9,16,8,0,0,66,0,7,5,3,16,9,0,0,0,48,0,5,10,18,10,11,0,0,0,55,0,0,8,18,11,6,9,0,0,56,0,3,17,43,40,31,0,0,0,134,0,3,17,32,24,11,0,0,0,87,0,0,14,40,48,9,6,0,0,114,16,0,20,24,18,17,12,12,0,121,0,0,0,0,5,0,0,0,0,5,64,44,148,241,224,174,78,30,0,995
UCL515009,12,0,4,22,26,40,89,47,30,267,5,10,27,22,25,37,65,46,10,244,0,6,22,21,32,38,36,22,10,188,3,12,14,34,31,25,34,23,7,185,0,5,33,35,39,38,23,8,0,181,0,3,13,22,31,13,10,3,3,103,0,0,22,18,24,14,5,5,10,95,0,0,11,26,18,16,3,5,0,74,0,0,9,38,37,22,9,0,0,115,0,0,3,4,10,7,3,0,0,29,0,0,0,8,10,7,9,4,0,32,24,3,24,27,49,27,31,20,10,216,0,0,0,0,0,0,7,0,0,4,247,60,207,334,381,405,446,281,111,2474
UCL515010,3,11,29,14,32,49,60,34,16,244,8,8,23,15,15,24,55,9,5,170,6,10,22,20,10,27,31,3,0,141,5,17,23,15,19,23,36,10,0,149,6,12,42,22,30,46,22,4,0,180,0,23,55,26,34,42,11,5,0,197,0,13,41,29,39,48,17,5,0,190,0,8,28,28,24,30,21,0,0,137,0,3,38,41,47,53,22,0,0,210,0,0,3,13,9,7,5,0,0,40,0,0,4,10,18,17,3,0,0,52,47,67,149,106,108,115,77,26,4,702,0,3,10,0,0,0,0,0,0,10,149,222,554,416,458,564,474,127,26,2985
UCL515011,8,7,12,16,5,24,57,72,43,250,6,8,16,18,31,13,37,25,12,177,12,21,31,22,27,23,26,19,0,184,0,4,28,36,36,25,15,9,0,169,0,11,18,42,19,46,14,8,0,160,0,10,13,18,28,24,10,0,0,106,0,4,21,25,20,13,6,5,0,94,0,4,9,18,23,16,6,0,0,78,0,3,25,34,45,27,10,0,0,134,0,0,6,8,3,5,0,4,0,27,0,0,0,11,5,7,3,0,0,26,20,5,19,14,6,13,24,21,5,126,0,4,6,8,0,0,0,0,0,21,179,114,261,327,303,351,349,238,88,2205
UCL515012,14,3,14,11,11,15,28,9,0,101,16,13,25,9,14,5,14,5,0,90,5,15,27,20,18,19,14,0,0,110,4,12,22,16,19,8,3,4,0,97,3,10,40,27,33,23,9,3,0,140,0,7,33,21,22,9,9,0,0,109,0,3,40,23,26,16,5,0,0,120,0,0,26,36,25,11,0,0,0,112,5,6,49,46,62,28,6,0,0,194,0,0,3,8,12,7,0,0,0,34,0,0,3,4,12,0,0,0,0,28,9,0,16,10,10,10,7,5,0,79,0,0,0,0,0,0,0,0,0,0,165,86,347,272,289,178,143,46,15,1545
UCL515013,12,13,19,21,12,39,115,53,10,289,10,17,31,32,26,39,115,36,3,315,21,37,82,24,31,46,90,58,0,395,10,49,100,60,53,52,50,12,5,386,3,35,110,72,59,72,65,16,0,427,0,16,69,63,60,48,41,15,3,314,0,8,62,58,52,45,26,0,0,258,0,4,58,50,47,36,11,6,0,216,0,11,70,85,79,89,19,8,0,359,0,4,19,21,21,16,5,8,0,96,0,0,17,49,37,41,20,5,0,159,14,19,55,45,36,51,61,39,6,320,0,11,19,0,0,3,0,0,0,35,159,234,774,628,551,726,875,339,41,4330
UCL515014,0,8,5,7,5,17,25,5,3,72,0,3,6,6,5,12,6,0,0,38,0,5,9,5,5,11,11,0,0,39,0,3,12,9,10,11,8,3,0,62,0,10,29,18,19,12,11,0,0,91,0,10,25,14,13,20,5,0,0,77,0,0,20,13,13,13,7,0,0,73,0,3,8,8,15,10,0,0,0,47,0,0,20,15,17,19,0,0,0,76,0,0,3,3,0,0,4,0,0,13,0,0,3,5,3,5,5,0,0,23,15,32,46,27,43,38,35,9,0,235,0,0,0,0,0,0,3,0,0,4,40,110,238,184,202,216,154,35,3,1177
UCL515015,4,6,16,16,25,26,61,56,24,230,17,5,21,25,16,19,33,30,9,172,5,10,32,20,20,18,15,16,5,142,6,20,56,42,33,18,13,8,4,206,0,21,74,37,41,29,18,3,0,235,0,10,45,38,31,20,8,0,0,155,0,11,29,18,31,23,6,5,0,123,0,0,9,14,27,13,7,0,0,74,0,6,17,17,35,25,9,0,0,101,0,0,0,5,7,4,0,0,0,23,0,0,0,6,0,0,4,4,0,20,14,7,20,11,31,33,26,50,43,240,3,0,7,0,4,0,0,0,0,12,132,121,392,304,342,317,312,259,129,2309
UCL515016,0,9,5,7,7,24,35,17,6,118,0,5,9,16,13,24,36,13,3,116,0,5,16,18,18,21,23,10,0,101,3,8,22,8,7,13,18,9,0,95,0,6,28,7,13,6,16,4,0,78,0,0,14,12,11,14,13,5,0,66,0,0,24,9,16,12,8,0,0,68,0,0,7,13,4,9,3,0,0,41,0,5,22,27,22,24,7,0,0,112,0,0,3,3,10,8,3,0,0,34,0,0,0,6,4,6,6,0,0,25,0,7,10,17,22,22,31,17,11,134,0,0,0,0,3,0,0,0,0,8,47,40,176,180,180,265,323,127,37,1377
UCL515017,3,0,5,7,8,25,55,33,3,148,0,9,12,13,20,36,55,30,3,176,0,8,9,8,11,30,41,16,4,120,5,9,13,10,25,26,31,8,0,121,0,7,11,20,19,38,36,10,0,138,0,6,10,16,25,24,24,0,0,104,0,3,16,7,18,20,7,0,0,76,0,0,3,21,13,19,10,0,0,74,0,0,14,21,21,30,11,0,0,97,0,0,7,0,9,5,5,0,0,26,0,0,3,9,8,11,10,0,0,33,14,16,20,32,41,75,73,31,6,299,0,0,6,0,0,3,0,0,0,13,58,70,150,196,232,442,518,202,38,1907
UCL515018,4,3,8,9,6,5,21,7,0,66,4,3,8,10,5,7,10,10,0,55,0,0,13,7,8,9,3,0,0,47,5,7,11,10,9,7,0,0,0,52,0,11,11,15,18,9,8,0,0,72,0,8,12,9,8,13,0,0,0,54,4,9,18,4,11,10,0,0,0,56,0,5,6,15,17,6,0,0,0,49,0,9,38,41,47,38,6,0,0,179,0,0,15,17,9,11,0,0,0,55,0,0,15,9,22,19,6,0,0,65,21,20,44,45,45,31,20,4,0,228,0,0,0,0,0,0,0,0,0,0,97,103,219,233,243,225,113,34,11,1285
UCL515019,10,16,33,25,23,22,56,47,15,249,11,15,44,31,33,23,37,13,6,220,11,28,55,40,47,41,25,17,3,267,13,34,64,61,63,55,17,9,5,311,3,41,44,36,38,61,19,5,0,250,0,10,41,28,25,29,10,9,0,156,0,7,35,25,27,26,6,0,0,122,0,10,25,19,17,23,4,0,0,100,0,4,22,27,24,30,4,0,0,118,0,0,0,4,4,8,0,0,0,18,0,5,3,3,10,13,3,4,0,36,37,26,61,64,54,39,37,21,22,355,0,0,4,0,0,0,0,0,0,3,244,226,495,426,426,462,379,208,88,2953
UCL515020,7,13,22,18,21,37,47,17,0,187,13,10,43,31,35,35,70,8,4,255,9,19,35,29,27,35,54,7,0,224,0,42,82,45,45,49,41,16,0,323,6,43,116,77,60,94,49,11,0,462,3,28,106,63,66,65,32,9,0,375,6,16,99,75,66,55,32,0,0,336,0,3,74,59,56,52,15,0,0,256,0,9,104,86,87,74,29,0,0,390,0,0,14,14,20,18,8,0,0,69,0,0,9,26,19,28,6,0,0,100,64,63,182,124,127,96,63,28,15,760,0,16,36,6,6,3,4,0,0,63,242,319,1021,710,720,793,655,126,22,4604
UCL515021,0,0,9,6,16,18,36,31,10,127,10,5,8,11,13,17,34,20,3,124,5,10,9,10,19,17,12,8,0,85,0,12,17,19,21,16,15,5,0,112,7,3,16,19,25,21,17,5,0,111,3,0,14,14,19,15,11,4,0,84,0,0,13,19,20,28,3,3,0,87,0,0,8,10,15,20,5,0,0,62,0,0,3,19,22,26,7,4,0,81,0,0,0,3,7,4,0,0,0,17,0,0,0,0,5,3,0,0,0,12,4,4,4,7,13,12,6,4,3,57,0,0,0,0,0,0,0,0,0,0,110,57,118,167,214,249,227,121,30,1289
UCL515022,14,9,29,22,23,46,56,67,22,293,28,26,49,40,38,51,51,33,6,314,15,28,43,32,41,40,45,22,9,270,7,43,69,62,59,59,21,20,5,343,7,32,65,48,50,64,26,3,0,303,0,15,42,31,36,52,13,0,0,188,0,8,33,35,37,39,10,0,0,172,0,0,23,22,23,21,10,5,0,108,5,0,24,31,46,25,6,0,0,138,0,0,0,3,5,3,0,0,0,16,0,0,3,7,9,5,4,3,0,28,23,11,16,23,50,19,23,28,11,211,0,7,14,0,0,0,0,0,0,17,250,223,491,443,480,534,445,290,114,3276
UCL515023,8,4,11,13,15,22,41,19,19,154,7,10,26,29,13,23,30,12,6,164,8,21,24,20,19,19,17,5,0,137,3,18,27,21,34,30,9,6,0,152,0,18,29,25,31,36,15,0,0,163,0,17,24,29,25,20,9,0,0,127,0,7,35,19,27,15,7,3,0,104,0,4,21,19,22,19,7,0,0,87,0,6,36,18,30,28,7,0,0,134,0,0,4,11,5,3,3,0,0,23,0,4,4,8,9,6,3,0,0,29,26,20,52,45,34,51,26,21,3,276,0,0,0,0,0,0,0,0,0,3,138,157,330,280,317,330,275,119,57,1999
UCL515024,0,4,10,10,8,15,30,16,0,95,3,11,12,13,7,8,14,13,3,88,4,6,14,6,14,11,20,7,4,89,4,20,23,13,13,15,6,4,0,105,0,6,23,7,20,24,13,0,0,101,0,3,14,11,11,11,10,0,0,71,0,4,15,17,7,29,3,3,0,79,0,0,9,10,12,12,0,0,0,52,0,0,12,17,17,13,7,0,0,67,0,0,0,5,6,9,0,0,0,14,0,0,0,3,0,0,0,0,0,12,8,20,31,25,31,29,27,19,17,210,0,20,26,9,0,0,0,0,0,51,89,111,222,178,181,236,199,100,43,1350
UCL515025,6,5,14,10,11,25,57,24,14,170,9,3,16,16,12,21,33,25,7,148,7,8,17,15,16,21,13,7,0,108,3,4,19,25,23,22,15,3,3,113,0,6,28,20,28,31,9,0,3,125,0,5,12,17,12,7,3,0,0,61,0,3,8,3,18,7,0,0,0,46,0,0,8,5,9,10,0,0,0,34,0,0,5,11,18,10,3,0,0,47,0,0,3,0,3,3,0,0,0,11,0,0,6,0,7,7,0,0,0,17,24,13,14,22,25,36,26,29,35,220,0,0,0,0,0,0,0,0,0,0,133,72,176,181,227,268,226,126,83,1492
UCL515026,6,9,13,6,10,10,19,8,4,82,0,9,22,13,16,12,19,7,0,110,3,25,37,18,22,22,7,7,0,137,11,13,42,27,23,16,9,0,0,138,3,24,51,24,34,30,14,3,0,178,0,15,40,25,27,14,6,0,0,135,0,7,32,18,13,16,0,0,0,98,0,0,26,23,23,9,3,0,0,90,0,5,53,33,29,18,0,0,0,134,0,4,0,5,5,7,0,0,0,24,0,0,0,6,8,3,0,0,0,26,7,9,26,9,13,17,12,3,3,88,0,0,0,0,0,0,0,0,0,0,130,153,398,251,261,236,150,52,23,1657
UCL515027,4,14,17,19,33,41,77,78,38,319,9,21,30,24,31,30,36,26,21,236,16,31,46,36,33,36,26,18,4,246,10,36,43,46,43,34,20,6,5,249,8,26,61,59,47,55,37,11,5,303,0,11,38,38,27,27,16,0,0,158,0,12,47,24,36,30,11,5,0,160,0,4,18,20,25,24,8,0,0,99,0,4,34,30,45,56,12,0,0,183,0,0,9,0,15,5,3,0,0,35,0,0,9,6,12,8,11,0,0,40,33,29,58,48,50,45,43,37,49,387,0,0,5,0,0,0,0,0,0,8,242,238,467,417,462,484,420,245,144,3110
UCL515028,5,4,14,7,4,6,8,0,0,43,7,13,25,19,11,9,9,3,0,101,7,21,22,20,13,8,8,0,0,103,9,24,38,25,22,17,11,3,0,144,13,35,61,38,41,32,9,0,0,233,6,41,84,60,52,23,8,3,0,273,3,21,106,66,61,32,5,0,0,300,0,17,82,75,64,48,5,0,0,294,0,24,197,191,170,101,16,0,0,706,0,4,70,76,91,48,3,0,0,297,0,3,76,105,92,54,6,0,0,334,33,32,137,111,105,60,23,3,0,500,0,0,9,5,3,5,0,0,0,28,197,266,987,866,754,491,154,27,0,3738
UCL515029,0,9,0,3,0,0,4,0,0,13,0,0,4,3,3,4,0,0,0,15,0,0,5,7,4,0,0,0,0,20,0,3,12,4,8,8,0,0,0,31,0,6,6,17,5,0,3,0,0,43,0,7,14,10,12,14,0,0,0,63,0,8,15,12,14,10,4,0,0,63,0,9,9,29,25,12,0,0,0,84,0,5,70,73,70,52,8,0,0,275,0,6,23,33,37,19,0,0,0,113,0,0,28,32,24,17,4,0,0,98,14,25,84,119,108,64,10,9,4,440,0,0,0,0,0,3,0,0,0,6,59,91,298,357,307,216,40,15,3,1380
UCL515030,18,12,25,23,28,41,92,69,24,326,10,16,32,30,32,43,54,34,12,261,12,23,19,28,36,34,29,25,10,215,7,14,37,29,30,32,18,14,0,178,3,18,26,47,25,27,11,8,0,171,0,11,19,22,20,24,10,3,0,109,0,9,22,28,28,22,8,0,0,117,0,6,10,25,36,25,8,0,0,111,0,7,27,47,64,42,14,0,0,196,0,0,11,14,11,9,6,0,0,44,0,0,7,12,16,4,4,0,0,36,31,12,25,33,31,20,31,53,48,279,0,0,0,0,0,0,0,0,0,0,269,157,330,421,434,457,487,315,133,3003
UCL515031,7,3,8,23,17,55,90,59,14,280,9,16,17,12,23,33,74,43,16,242,4,12,20,20,12,29,31,24,7,159,0,10,18,21,25,24,33,13,3,152,0,9,21,28,39,44,25,7,0,173,0,4,15,20,15,32,16,3,0,110,0,4,16,24,20,14,16,8,0,106,0,4,14,22,26,27,13,7,0,110,0,0,16,37,43,43,16,4,0,172,0,0,3,10,12,10,0,0,0,45,0,0,3,15,18,12,14,7,0,61,21,11,45,42,36,65,65,52,18,356,0,0,0,0,0,0,0,0,0,4,131,91,238,305,347,509,611,331,72,2630
UCL515032,6,3,8,3,10,8,18,11,5,76,6,7,12,7,16,12,9,3,3,73,3,11,15,12,17,13,7,0,0,81,4,10,11,8,16,18,12,0,0,83,3,4,15,9,15,20,0,0,3,70,0,3,11,12,21,7,5,0,0,58,0,3,20,18,31,19,0,0,0,80,0,0,3,10,8,7,0,0,0,36,0,0,12,28,46,22,0,0,0,104,0,0,7,9,9,13,0,0,0,38,0,0,6,8,11,5,0,0,0,33,15,3,7,13,11,14,7,0,0,81,0,0,0,0,0,0,0,0,0,0,111,77,153,171,234,192,113,36,16,1104
UCL515033,6,9,8,14,8,3,3,3,0,49,9,6,11,18,3,7,5,5,0,56,0,12,15,23,16,9,3,3,0,69,3,8,18,26,17,18,4,0,0,89,8,5,25,23,14,21,3,0,0,105,0,12,28,28,22,12,3,0,0,106,0,9,35,38,23,18,5,0,0,128,0,0,34,43,28,18,0,0,0,126,3,16,120,144,116,74,14,0,0,488,0,7,42,60,50,26,3,0,0,184,0,0,29,61,43,20,3,0,0,160,29,15,76,105,83,62,30,10,0,404,0,0,0,0,4,6,3,0,0,17,132,115,511,640,439,313,107,32,6,2291
UCL515034,8,9,13,13,16,15,54,31,3,161,6,15,31,22,17,23,24,8,5,149,0,23,29,23,28,17,26,10,3,160,4,16,34,21,42,21,20,7,6,161,0,4,38,23,33,41,11,4,0,156,0,4,20,30,27,17,6,0,0,107,0,3,18,19,26,23,10,0,0,103,0,0,19,16,23,11,0,0,0,75,0,4,26,30,31,19,6,3,0,117,0,0,6,8,15,7,3,0,0,34,0,0,6,7,22,5,0,0,0,41,12,7,8,29,19,19,18,7,0,127,0,0,4,0,0,0,0,0,0,6,133,117,322,319,366,336,289,152,32,2066
UCL515035,0,0,8,3,11,25,31,25,9,111,3,7,7,3,15,5,25,17,5,91,0,6,8,7,13,14,18,7,5,69,0,5,19,15,11,22,12,7,0,84,0,4,17,20,4,26,7,4,0,88,0,7,11,5,9,22,0,0,0,50,0,5,14,10,0,6,5,3,0,44,0,0,3,7,11,6,0,0,0,34,0,0,10,13,12,10,6,0,0,52,0,0,0,8,4,3,0,0,0,10,0,0,0,0,5,5,5,0,0,10,13,6,18,13,12,16,25,20,4,129,0,0,0,0,0,0,0,0,0,3,55,47,128,125,125,215,196,126,41,1056
UCL515036,4,3,9,13,19,35,59,34,18,187,10,10,13,16,16,20,26,27,8,150,5,10,15,20,23,20,19,8,6,125,0,16,13,18,19,21,16,4,3,118,0,9,25,25,15,15,8,7,0,103,0,4,13,14,15,14,4,0,0,72,0,6,21,11,18,11,8,0,0,81,0,0,10,13,18,15,5,4,0,69,0,0,17,38,37,37,0,0,0,140,0,0,5,6,11,7,0,0,0,30,0,3,4,4,9,6,4,0,0,25,7,7,18,13,22,22,26,25,27,167,0,0,0,0,0,0,0,0,0,0,115,95,218,233,281,323,306,187,85,1843
UCL515037,4,4,3,8,3,4,0,4,0,29,4,3,8,6,5,9,0,0,0,38,5,3,10,12,7,7,0,0,0,41,4,6,20,24,7,7,3,0,0,64,0,17,14,22,18,13,0,0,0,88,4,8,22,25,15,5,3,0,0,81,0,6,29,37,26,17,0,0,0,123,0,10,41,27,21,16,0,0,0,118,0,18,98,95,71,35,0,0,0,324,0,0,42,39,25,16,3,0,0,129,0,0,28,75,31,31,5,0,0,166,18,26,133,118,77,85,15,0,0,474,0,0,0,0,0,0,0,0,0,6,115,129,482,507,337,258,63,14,0,1903
UCL515038,7,6,8,6,22,33,83,65,22,253,5,3,18,17,19,34,44,26,13,183,4,3,10,21,10,21,33,17,10,127,0,9,9,22,23,34,22,13,3,138,3,11,26,20,27,34,23,13,0,142,0,6,16,14,15,31,9,3,0,106,0,5,18,15,25,14,15,3,0,99,0,0,8,3,15,19,7,0,0,55,0,0,19,25,29,32,13,0,0,118,0,0,0,7,0,6,0,0,0,17,0,0,0,6,3,3,7,0,0,17,9,3,20,21,25,38,33,37,20,213,0,0,0,0,0,0,0,0,0,0,90,60,180,219,267,390,474,287,93,2062
UCL521001,4,0,0,4,9,7,8,8,0,31,7,0,0,4,6,0,4,7,0,33,9,0,0,3,6,6,0,0,0,22,0,4,0,9,7,9,0,3,0,29,0,0,7,3,5,13,10,0,0,41,0,4,3,0,8,3,3,0,0,20,0,0,0,4,4,6,7,0,0,20,0,3,3,3,5,0,0,0,0,19,0,0,6,17,18,12,0,0,0,53,0,0,0,0,0,0,0,0,0,4,0,0,0,0,4,0,0,0,0,5,0,0,0,0,0,5,3,0,0,12,0,0,0,0,0,0,0,0,0,0,48,25,31,65,87,90,53,19,3,408
UCL521002,6,0,0,5,3,4,29,12,3,63,3,0,4,3,13,11,7,5,0,43,0,8,0,8,6,3,12,0,0,38,4,8,9,4,11,6,3,0,0,37,0,0,4,4,20,3,7,5,0,45,0,0,3,18,7,14,6,0,0,39,0,0,8,3,5,9,4,4,0,31,0,0,4,0,4,7,0,0,0,11,0,0,5,9,14,3,6,0,0,46,0,0,3,4,0,4,0,0,0,15,0,0,0,6,5,0,0,0,0,6,4,0,3,17,10,4,13,4,0,61,0,0,0,0,0,0,0,0,0,0,42,25,58,90,113,97,148,47,8,626
UCL521003,0,3,8,4,4,11,42,31,9,108,3,3,7,8,5,12,19,15,3,67,0,0,3,4,4,5,17,11,0,49,0,0,5,7,8,8,3,6,5,51,0,0,5,10,14,12,9,0,3,44,0,0,0,6,4,11,5,0,0,33,0,0,3,4,4,7,3,3,0,20,0,0,0,3,6,4,0,0,0,11,0,0,3,4,5,6,3,0,0,28,0,0,0,0,0,0,0,0,0,4,0,0,0,0,3,0,0,0,3,9,3,0,4,9,11,9,21,15,3,77,0,0,0,0,0,0,0,0,0,4,36,21,52,80,84,127,189,117,40,742
UCL521004,0,5,3,3,0,0,0,0,0,15,0,5,3,3,5,0,0,0,0,11,0,0,0,0,0,0,0,0,0,10,0,0,3,5,4,3,0,0,0,12,0,0,0,0,0,0,0,0,0,8,0,0,0,0,0,3,0,0,0,8,0,0,5,0,0,7,0,0,0,14,0,0,4,3,0,0,0,0,0,6,0,0,5,5,5,0,0,0,0,22,0,0,0,0,0,0,0,0,0,3,0,0,0,0,0,0,0,0,0,4,3,0,5,0,0,0,0,0,0,12,0,0,0,0,0,0,0,0,0,0,55,59,114,73,73,51,21,8,0,435
UCL521005,0,0,5,3,9,15,15,10,0,62,0,7,7,10,9,19,14,12,3,65,0,3,6,9,10,10,15,0,0,57,0,3,12,10,12,8,3,0,0,44,0,11,9,5,8,9,13,3,0,61,0,4,7,10,4,9,6,0,0,39,0,0,8,4,5,6,3,0,0,35,0,4,9,10,8,7,0,0,0,40,0,3,17,35,20,20,3,0,0,99,0,0,0,6,12,9,0,0,0,23,0,0,3,0,6,6,6,0,0,20,7,0,15,14,14,15,11,4,3,84,0,3,0,0,0,0,0,0,0,3,37,43,136,143,125,165,127,52,10,839
UCL521006,3,0,0,0,9,13,11,15,0,48,6,6,9,7,6,13,12,10,0,54,3,6,3,4,5,8,13,9,0,58,0,7,7,14,10,12,3,3,0,58,0,5,3,9,9,21,0,0,0,56,0,7,3,7,6,7,4,0,0,34,0,0,4,7,4,22,0,0,0,35,0,0,5,11,8,7,0,0,0,30,0,0,3,16,15,8,0,0,0,43,0,0,0,3,0,3,0,0,0,7,0,0,0,0,0,0,0,0,0,8,5,0,6,3,11,5,13,8,0,56,0,0,0,0,0,0,0,0,0,4,34,34,72,105,102,148,110,66,5,673
UCL521007,0,0,3,5,8,12,19,14,7,62,0,3,5,4,4,3,8,11,0,32,0,4,3,4,4,3,0,8,3,30,0,0,3,8,9,9,5,5,0,43,0,11,8,4,10,6,3,0,0,39,0,4,6,3,0,9,0,4,0,26,0,0,6,8,0,0,0,0,0,14,0,0,10,0,0,4,0,0,0,7,0,0,0,5,4,3,0,0,0,11,0,0,3,0,0,0,0,0,0,0,0,0,0,0,0,0,0,0,0,4,0,6,6,0,7,7,8,10,0,52,0,0,0,0,0,0,0,0,0,0,22,29,44,52,56,86,74,62,22,453
UCL521008,0,0,3,6,8,3,10,9,0,37,0,0,6,9,4,3,9,3,0,39,0,0,9,4,0,0,5,9,4,22,0,6,6,3,3,5,3,5,0,25,0,0,4,9,9,0,0,0,0,23,0,0,0,0,4,8,4,0,0,13,0,0,3,0,9,6,0,0,0,21,0,0,0,0,3,0,0,0,0,7,0,0,4,0,9,4,0,0,0,25,0,0,0,0,0,0,0,0,0,3,0,0,4,0,0,0,0,0,0,5,3,5,10,12,12,13,9,6,4,68,0,0,0,0,0,0,0,0,0,0,20,28,50,55,67,72,66,65,39,452
UCL521009,0,0,6,0,0,9,19,13,0,45,0,0,3,5,6,0,3,7,5,23,4,3,8,3,3,0,12,0,0,27,0,6,3,5,9,3,0,6,4,35,0,5,0,3,3,11,4,0,0,34,0,0,8,4,7,9,3,0,0,30,0,0,3,9,0,4,6,0,0,29,0,0,6,0,0,9,0,0,0,19,0,0,3,4,10,4,0,0,0,26,0,0,0,0,0,0,0,0,0,4,0,0,0,0,0,0,0,0,0,11,5,3,11,7,14,9,15,11,12,85,0,0,0,0,0,0,0,0,0,0,27,22,65,62,62,73,98,58,22,489
UCL521010,0,8,8,0,11,8,14,13,0,69,5,8,8,0,12,7,14,5,0,61,5,3,8,5,9,3,3,0,0,38,0,9,8,3,11,4,0,0,0,37,0,9,7,8,8,13,4,3,0,51,0,5,5,4,9,5,0,0,0,28,0,0,3,8,8,6,5,0,0,30,0,0,0,0,5,8,0,0,0,14,0,0,5,8,7,5,0,0,0,32,0,0,0,5,0,0,0,0,0,9,0,0,0,0,0,0,0,0,0,5,12,0,6,6,14,5,9,8,0,67,0,0,0,0,0,0,0,0,0,0,57,51,95,76,113,96,93,52,12,633
UCL521011,4,3,0,5,0,4,5,7,0,24,0,0,0,3,3,0,9,0,0,23,0,0,3,6,8,0,0,5,0,26,3,7,6,13,7,10,4,0,0,42,0,8,8,4,9,0,0,0,0,36,0,0,6,5,14,4,0,0,0,35,0,0,4,9,10,5,0,0,0,34,0,0,0,10,4,3,0,0,0,25,0,3,11,17,18,8,0,0,0,57,0,0,3,4,0,0,0,0,0,9,0,0,0,0,0,0,0,0,0,5,0,0,0,0,0,0,5,0,0,7,0,0,0,0,0,0,0,0,0,0,33,30,65,102,79,61,33,14,0,411
UCL521012,0,0,0,3,0,4,9,10,0,32,3,0,9,3,0,7,13,0,0,41,0,0,3,0,4,8,15,3,0,37,0,5,4,3,12,3,6,0,0,27,0,0,8,4,7,7,12,0,0,37,0,0,4,9,9,11,0,0,0,31,0,0,6,4,8,9,5,0,0,30,0,0,0,6,3,5,0,0,0,20,0,0,6,8,13,12,5,0,0,38,0,0,0,0,9,3,0,0,0,12,0,0,0,0,0,4,0,0,0,9,0,0,0,0,0,7,6,5,0,21,0,0,0,0,0,0,0,0,0,0,29,15,56,49,71,104,106,23,9,460
UCL521013,6,5,0,5,3,10,18,5,4,61,9,3,12,3,11,10,12,4,0,63,3,4,6,3,8,5,7,0,0,39,3,8,3,10,11,7,9,0,0,53,0,3,11,12,12,10,8,0,0,56,0,0,11,8,12,9,0,0,0,50,0,0,10,12,11,9,0,0,0,45,0,0,9,6,9,5,0,0,0,25,0,0,6,8,12,17,3,0,0,49,0,0,4,6,5,0,0,0,0,11,0,0,4,4,7,0,0,0,0,18,6,0,9,8,3,11,4,3,0,44,0,0,0,0,0,0,0,0,0,0,73,36,111,91,134,131,90,24,10,697
UCL521014,4,0,3,0,5,10,21,13,4,64,4,0,3,3,5,0,7,0,0,28,0,4,0,4,6,8,8,4,0,29,0,0,5,4,11,15,3,0,0,46,0,0,7,7,14,11,8,0,0,50,0,0,6,5,8,8,0,0,0,35,0,0,9,8,8,14,8,0,0,48,0,0,10,0,17,8,0,0,0,31,0,5,23,17,23,14,3,0,0,81,0,0,6,9,0,8,0,0,0,24,0,0,5,11,5,3,0,0,0,29,8,8,39,45,39,38,24,9,0,214,0,0,0,0,0,0,0,0,0,0,32,37,126,134,151,168,134,28,4,823
UCL521015,0,0,0,4,3,7,16,17,9,64,0,0,3,3,0,0,11,10,6,40,3,3,8,4,0,7,5,4,0,38,0,6,10,7,7,14,10,0,0,55,0,4,9,8,9,8,9,0,0,44,3,3,4,3,5,8,3,0,0,43,0,0,17,4,5,13,5,0,0,42,0,0,3,4,0,7,0,0,0,15,0,0,7,6,12,11,3,0,0,34,0,0,0,0,0,0,0,0,0,8,0,0,0,0,4,0,0,0,0,3,4,0,3,0,6,10,10,4,6,41,0,0,0,0,0,0,0,0,0,0,23,25,72,55,67,81,106,58,37,518
UCL521016,0,0,5,0,4,6,12,4,5,37,0,4,8,4,5,6,11,7,3,45,0,5,5,7,3,3,6,3,5,35,3,4,10,11,4,3,11,4,0,45,5,3,11,4,11,9,0,5,0,46,0,3,10,9,0,9,6,0,0,32,0,3,10,0,4,6,6,0,0,28,0,0,8,0,3,7,0,0,0,24,0,3,15,8,5,9,4,0,0,43,0,0,0,0,3,4,0,0,0,12,0,0,0,0,6,0,0,0,0,10,3,0,4,9,5,3,3,0,4,34,0,0,0,0,0,0,0,0,0,0,40,37,96,69,80,74,70,34,16,516
UCL521017,0,0,8,0,5,5,5,0,0,22,0,0,6,5,3,3,4,9,0,32,0,9,10,4,4,8,4,3,0,40,0,7,6,10,10,6,6,0,0,50,0,4,10,10,8,11,9,0,0,54,0,3,9,12,10,10,0,0,0,49,0,0,9,17,5,4,3,0,0,44,0,0,8,9,4,5,4,0,0,24,0,5,11,13,8,8,0,0,0,47,0,0,3,3,0,0,0,0,0,11,0,0,3,0,0,7,3,0,0,15,0,8,16,21,12,14,11,14,3,97,0,0,0,0,0,0,0,0,0,0,22,43,108,109,75,91,58,43,21,578
UCL521018,0,0,0,0,5,3,10,8,3,32,4,6,4,4,3,3,11,7,4,37,0,0,5,7,3,6,4,3,0,27,0,7,0,5,7,4,5,0,3,26,0,0,7,8,6,3,4,4,0,35,0,6,6,5,5,5,0,0,0,24,0,0,17,5,0,6,0,0,0,28,0,4,6,4,10,0,0,0,0,27,0,0,3,3,11,10,0,0,0,28,0,0,0,0,0,0,0,0,0,7,0,0,0,0,4,0,0,0,0,7,0,4,0,0,5,3,0,0,0,15,0,0,0,0,0,0,0,0,0,0,40,29,64,59,72,57,54,33,10,418
UCL521019,0,4,3,3,8,27,46,17,3,112,0,5,12,0,8,20,41,14,5,104,5,8,9,9,9,27,51,10,0,123,0,5,7,27,13,22,28,9,0,124,0,10,20,14,14,25,27,4,0,113,0,0,14,11,9,20,15,3,0,82,0,0,14,15,16,18,8,7,0,77,0,0,11,7,5,18,3,0,0,38,0,0,14,16,19,25,7,0,0,83,0,0,0,4,0,10,0,0,0,13,0,0,0,5,6,6,3,0,0,26,7,16,37,45,49,93,108,52,6,411,0,0,8,0,0,0,0,0,0,6,31,58,165,177,191,397,487,181,17,1693
UCL521020,0,0,7,6,4,12,26,7,0,65,4,0,8,0,9,8,12,3,0,35,3,6,5,3,4,4,14,3,0,44,3,3,5,6,13,9,4,3,0,45,0,0,3,4,13,10,6,0,0,43,0,0,8,3,5,3,0,0,0,24,0,0,0,3,10,4,3,0,0,21,0,0,0,0,4,3,0,0,0,9,0,0,4,9,13,11,0,0,0,40,0,0,5,3,5,0,0,0,0,10,0,0,0,0,0,0,0,0,0,12,5,0,4,0,4,3,10,6,0,32,0,0,0,0,0,0,0,0,0,0,41,32,52,60,102,110,137,49,4,584
UCL521021,0,3,3,8,0,12,14,10,5,53,0,0,9,6,3,3,14,5,0,46,0,3,11,6,4,10,11,3,3,49,6,12,10,6,6,9,10,4,0,63,0,3,5,13,13,10,6,5,0,51,0,0,4,10,10,12,0,0,0,42,0,0,4,15,15,6,3,0,0,44,0,4,4,9,8,0,0,0,0,23,0,0,4,12,10,7,0,0,0,42,0,0,0,3,3,0,0,0,0,9,0,0,0,4,4,0,7,0,0,15,0,0,10,4,4,4,9,7,4,46,0,0,0,0,0,0,0,0,0,0,46,30,82,114,89,104,103,63,12,644
UCL521022,5,0,0,5,0,0,3,3,0,23,0,0,4,9,6,9,8,0,0,39,3,5,8,4,9,5,5,0,0,40,0,4,3,8,0,8,6,0,0,32,0,5,13,7,10,15,10,0,0,59,0,0,7,7,10,10,3,0,0,38,0,5,7,20,13,12,5,0,0,55,0,0,11,8,15,6,3,0,0,38,0,0,10,7,16,17,3,0,0,47,0,0,0,0,5,5,0,0,0,13,0,0,0,3,8,5,4,0,0,17,10,3,10,5,21,13,9,0,0,72,0,0,0,0,0,4,0,0,0,3,49,24,73,87,136,125,76,9,4,578
UCL521023,3,0,6,9,0,11,6,5,0,40,0,0,5,4,4,7,10,0,0,30,0,0,0,5,0,3,0,0,0,14,0,0,4,5,0,0,0,0,0,23,0,0,3,12,11,0,7,0,0,37,0,7,8,0,7,11,0,0,0,29,0,4,11,12,3,3,5,0,0,42,0,0,0,8,3,5,0,0,0,14,0,0,4,7,13,6,3,0,0,31,0,0,3,0,0,0,0,0,0,3,0,0,5,0,4,0,0,0,0,13,0,3,0,11,3,6,10,4,3,45,0,0,0,0,0,0,0,0,0,0,29,24,76,84,57,79,70,18,12,444
UCL521024,0,0,12,13,29,22,15,17,0,112,4,11,15,10,12,8,17,6,0,79,0,4,12,13,10,6,9,0,0,58,5,7,13,5,6,5,12,0,0,60,6,15,21,16,15,19,14,3,0,97,0,3,21,16,9,13,8,0,0,69,0,4,19,13,14,20,8,6,0,77,0,4,16,12,8,15,0,0,0,51,0,4,22,18,18,23,6,0,0,75,0,0,3,3,3,0,0,0,0,19,0,0,0,6,11,5,0,0,0,22,34,22,50,59,52,41,43,17,9,320,0,0,7,0,0,0,0,0,0,3,131,116,297,272,235,214,188,61,10,1517
UCL521025,0,0,6,0,3,5,21,10,9,52,0,0,6,4,3,7,7,3,0,44,0,5,7,6,0,9,5,8,3,35,0,0,3,4,3,9,3,0,0,29,0,0,5,5,8,15,9,0,0,40,0,4,5,3,4,5,0,0,0,27,0,3,6,8,5,10,0,0,3,29,0,0,5,5,9,9,0,0,0,29,0,0,26,18,19,13,0,0,0,81,0,0,8,5,9,3,0,0,0,33,0,0,6,12,15,4,4,0,0,33,4,3,11,0,7,15,11,10,0,61,0,0,0,0,0,0,0,0,0,0,11,24,119,89,100,113,82,56,15,618
UCL521026,5,4,3,0,0,9,6,3,5,32,3,0,9,5,0,3,7,3,0,36,0,3,4,4,10,3,4,0,0,35,6,0,8,10,12,10,8,3,0,49,0,3,3,6,25,10,6,0,0,55,0,5,8,5,13,10,5,0,0,44,0,0,7,3,7,9,0,0,0,40,0,5,3,5,10,4,0,0,0,27,0,0,5,13,24,14,0,0,0,49,0,0,4,4,9,0,0,0,0,11,0,0,0,6,10,7,0,0,0,23,8,0,6,8,10,8,0,6,0,43,0,0,0,0,0,0,0,0,0,0,48,38,63,97,147,109,54,36,3,595
UCL521027,0,0,0,0,4,7,8,3,0,25,3,0,0,0,3,3,3,0,0,21,0,5,0,0,8,0,6,0,0,16,0,0,5,7,5,3,6,0,0,30,0,3,5,0,3,4,0,0,0,26,0,3,12,4,9,3,0,0,0,26,0,3,7,10,7,8,0,0,0,37,0,5,10,13,0,11,0,0,0,41,0,3,38,31,25,12,0,0,0,106,0,0,15,3,10,4,0,0,0,33,0,0,7,6,14,6,0,0,0,42,20,31,124,106,115,66,25,8,4,487,0,0,0,0,0,0,0,0,0,3,57,72,243,202,216,144,66,17,4,1021
UCL521028,0,0,8,7,8,7,25,29,6,92,3,0,5,4,9,11,11,14,9,67,3,7,3,7,8,17,10,0,0,51,0,3,8,4,13,7,3,0,0,44,0,0,14,5,11,19,0,0,3,58,0,0,4,4,10,8,0,0,0,33,0,0,5,3,6,12,0,4,0,34,0,0,3,5,3,7,0,0,0,19,0,0,0,6,3,3,4,0,0,21,0,0,0,0,0,0,0,0,0,0,0,0,3,0,0,0,0,0,0,3,10,4,6,7,18,17,9,7,3,77,0,0,0,0,0,0,0,0,0,0,40,22,75,76,101,134,111,81,37,688
UCL521029,4,0,0,8,3,8,18,20,7,66,5,0,3,3,6,5,13,5,0,51,0,5,12,3,0,16,12,6,4,59,0,5,5,12,7,11,5,0,0,51,0,11,15,22,11,27,4,5,0,86,0,3,13,11,5,10,5,3,0,52,0,0,11,7,7,7,0,0,3,38,0,0,9,8,7,6,0,0,0,25,0,0,0,3,3,13,4,0,0,18,0,0,0,0,0,5,5,0,0,9,0,0,0,4,6,3,3,0,0,15,4,0,11,8,13,12,7,22,11,87,0,0,0,0,0,0,0,0,0,0,35,33,99,101,92,148,100,81,39,722
UCL521030,0,3,0,3,9,6,16,14,4,44,5,0,0,3,5,14,12,3,0,44,0,13,23,10,4,8,7,3,0,68,3,3,50,3,10,6,6,0,0,82,0,4,7,6,11,4,3,6,0,43,0,0,6,5,5,10,0,3,0,37,0,0,0,7,9,8,5,9,0,38,0,0,3,0,0,7,3,0,0,18,0,0,4,3,8,8,3,0,0,28,0,0,4,0,0,0,0,3,0,8,0,0,0,0,4,0,3,0,3,14,5,9,15,7,10,15,11,9,5,69,0,0,13,9,3,0,3,0,0,25,16,36,130,67,83,124,131,74,18,684
UCL521031,0,8,0,0,5,9,10,0,0,33,0,0,5,0,4,4,10,3,0,29,0,0,7,6,0,6,4,0,0,24,0,0,3,0,0,3,6,0,0,17,4,0,9,6,13,9,3,0,0,45,0,4,11,3,8,10,0,0,0,37,0,4,14,8,9,13,7,0,0,54,0,3,17,7,3,12,3,0,0,46,0,7,27,25,17,22,3,0,0,100,0,0,12,5,4,12,0,0,0,43,0,0,13,16,16,13,0,0,0,52,3,25,89,78,46,57,27,9,0,334,0,0,0,0,0,0,0,0,0,0,21,66,232,177,157,171,103,25,5,963
UCL521032,5,0,6,6,3,5,9,11,0,45,0,4,4,6,4,7,10,4,0,33,0,3,0,3,4,6,6,0,0,21,0,0,6,7,10,5,3,0,0,31,0,5,5,3,5,13,5,0,0,44,0,0,14,6,6,9,0,0,0,29,0,0,9,6,4,8,0,0,0,22,0,0,7,0,6,4,9,0,0,24,0,0,13,0,11,8,6,0,0,40,0,0,0,0,0,7,0,0,0,4,0,0,0,0,4,10,0,0,0,14,21,13,40,24,33,34,17,8,0,185,0,0,0,0,0,0,0,0,0,5,50,58,134,74,101,129,83,27,0,658
UCL521033,0,0,4,3,0,5,15,5,0,30,0,3,0,6,5,4,6,0,0,29,0,0,0,5,0,4,15,0,0,28,0,0,0,3,3,10,3,0,0,24,0,0,4,3,7,10,4,0,0,29,0,0,3,5,3,3,0,0,0,20,0,3,4,0,0,4,0,0,0,17,0,3,9,0,3,4,0,0,0,27,0,0,10,14,15,10,0,0,0,58,0,0,6,4,7,4,0,0,0,27,0,0,6,6,7,7,0,0,0,26,20,17,101,94,101,84,37,12,0,462,0,0,0,0,0,0,0,0,0,0,25,35,154,150,174,175,116,24,3,859
UCL521034,4,4,5,6,7,9,12,9,0,51,7,0,3,5,5,9,7,9,0,41,5,4,5,3,9,0,9,3,0,43,0,10,4,3,13,12,4,0,0,49,0,0,7,4,13,9,0,0,0,39,0,6,6,7,5,19,4,0,0,44,0,0,9,7,4,11,0,0,0,36,0,0,5,8,11,5,0,0,0,32,0,0,0,6,17,11,0,0,0,43,0,0,4,3,0,4,0,0,0,16,0,0,0,0,3,4,0,0,0,14,0,0,12,7,5,11,3,5,0,39,0,0,0,0,0,0,0,0,0,0,44,42,71,82,123,132,81,38,11,629
UCL521035,0,0,0,0,4,6,12,12,7,39,0,0,7,0,3,9,10,0,0,33,0,0,8,7,6,9,11,9,0,55,6,0,3,10,8,13,4,0,0,39,0,0,3,7,14,13,5,0,0,44,0,0,4,0,4,4,0,0,0,19,0,0,0,3,0,0,0,0,0,11,0,0,0,0,3,6,0,0,0,10,0,0,5,8,3,10,0,0,0,16,0,0,4,0,0,0,0,0,0,4,0,0,0,0,0,0,0,0,0,4,0,0,9,8,3,8,5,15,4,49,0,0,0,0,0,0,0,0,0,0,29,13,38,59,66,95,87,65,19,462
UCL521036,3,3,3,0,3,13,22,13,5,68,0,0,4,0,9,10,10,4,0,35,0,4,6,3,3,10,8,6,0,37,0,4,7,11,8,5,5,0,0,39,0,0,8,4,5,5,3,0,0,31,0,0,4,0,3,4,0,0,0,12,0,0,7,7,4,6,0,0,0,15,0,0,0,5,5,9,7,0,0,20,0,0,3,3,6,6,0,0,0,27,0,0,0,0,0,0,0,0,0,0,0,0,0,0,0,3,0,0,0,9,8,3,12,0,18,17,20,10,0,88,0,0,0,0,0,0,0,0,0,0,18,32,74,38,94,116,94,43,10,515
UCL521037,5,0,6,15,12,19,29,13,0,91,4,5,9,15,11,13,11,10,0,72,5,6,6,16,12,0,7,5,0,56,0,0,10,14,9,11,3,0,0,52,0,0,11,8,10,9,4,0,0,42,0,0,0,11,6,0,0,0,0,24,0,0,4,10,5,8,0,4,0,30,0,0,5,9,3,0,4,0,0,18,0,0,3,16,10,9,0,0,0,41,0,0,4,0,0,0,0,0,0,6,0,0,0,0,0,0,0,0,0,3,0,4,7,8,6,3,6,9,4,52,0,0,0,0,0,0,0,0,0,0,67,36,91,146,125,122,105,64,11,772
UCL521038,3,0,6,0,11,10,23,33,24,114,0,0,0,8,8,9,15,6,4,56,4,0,6,5,5,6,7,8,0,40,0,0,0,5,5,5,5,0,5,31,0,0,6,5,0,14,7,0,0,32,0,0,0,4,8,7,6,0,0,30,0,0,0,3,9,10,0,0,0,24,0,0,0,0,4,3,4,0,0,15,0,0,0,4,7,11,0,0,0,25,0,0,0,0,0,0,0,0,0,9,0,0,0,0,0,0,0,0,0,12,4,5,8,13,9,16,21,15,3,98,0,0,0,0,0,0,0,0,0,0,35,20,43,62,89,137,161,89,45,679
UCL521039,7,0,4,9,5,10,12,4,0,47,0,0,5,14,7,11,12,9,0,58,0,3,5,6,11,18,8,5,5,55,0,3,5,5,10,19,10,8,0,56,0,0,7,8,10,11,10,5,0,54,0,0,3,7,10,12,4,0,0,34,0,0,0,16,5,21,0,0,4,43,0,0,0,8,7,8,4,0,0,24,0,0,0,6,10,14,0,0,0,37,0,0,0,0,3,0,0,3,0,8,0,0,0,3,0,3,0,0,0,14,9,0,0,3,7,3,5,5,4,41,0,0,0,0,0,0,0,0,0,0,56,10,53,101,97,145,103,62,16,645
UCL521040,3,0,5,0,3,8,32,12,3,65,0,0,7,3,3,3,22,11,0,61,0,0,8,3,5,7,15,9,0,43,0,8,4,0,4,13,11,0,0,54,0,0,20,8,17,20,13,0,0,87,0,3,13,12,16,11,14,4,0,69,0,0,9,10,8,9,10,0,0,58,0,3,17,12,11,10,5,0,0,62,0,0,34,27,23,23,3,0,0,108,0,0,4,12,10,6,0,0,0,39,0,0,6,30,13,14,8,0,0,77,0,19,60,46,52,65,67,11,0,321,0,8,14,0,0,0,0,0,0,28,12,56,217,192,191,249,264,76,11,1271
UCL521041,0,4,0,3,0,0,3,0,0,12,0,0,6,4,0,0,0,0,0,11,0,3,8,3,0,0,0,0,0,14,0,3,8,5,0,0,0,0,0,11,0,0,0,5,0,0,0,0,0,14,0,7,15,4,3,8,4,0,0,41,0,3,8,12,3,9,0,0,0,37,0,3,7,11,8,0,0,0,0,23,0,9,37,42,33,16,9,0,0,140,0,0,32,23,12,16,0,0,0,82,0,0,17,24,5,14,0,0,0,59,5,0,6,5,0,0,0,0,0,18,0,0,0,0,0,0,0,0,0,5,11,38,171,151,76,74,21,0,0,545
UCL521042,0,0,0,0,5,11,16,9,16,54,0,5,4,16,7,0,5,10,4,51,0,5,15,5,7,10,8,4,0,52,4,8,11,7,13,4,8,3,0,53,0,3,8,9,15,9,0,0,0,48,0,0,8,8,0,6,3,0,0,28,0,3,3,6,10,4,0,0,0,22,0,0,0,5,3,11,0,0,0,23,0,0,0,4,8,5,4,0,0,24,0,0,0,0,0,0,0,0,0,4,0,0,0,0,5,3,0,0,0,11,5,5,15,7,8,7,3,4,0,55,0,0,9,3,0,0,0,0,0,15,35,31,78,76,101,95,79,45,28,570
UCL521043,0,0,4,0,7,6,12,3,0,34,0,0,0,0,7,3,3,4,0,28,4,3,0,0,3,3,9,4,0,31,0,0,0,0,8,4,3,0,0,16,0,4,4,6,6,13,4,0,0,29,0,0,0,3,9,6,0,0,0,18,0,0,0,3,6,7,0,0,0,27,0,0,8,8,3,6,0,0,0,21,0,0,8,10,13,11,3,0,0,50,0,0,0,0,0,4,0,0,0,13,0,0,0,4,3,0,0,0,0,3,3,0,3,9,8,3,0,0,0,27,0,0,0,0,0,0,0,0,0,0,24,11,39,49,87,93,62,25,6,384
UCL521044,5,0,3,4,3,13,33,20,4,95,4,3,3,9,8,10,9,12,0,52,0,3,6,0,5,13,11,0,3,40,3,0,3,9,4,13,3,4,0,34,0,10,9,5,4,7,7,4,0,42,0,0,3,0,4,5,0,0,0,20,0,0,3,4,0,9,6,0,0,21,0,0,5,7,3,5,0,0,0,12,0,0,3,0,3,12,0,3,0,17,0,0,0,0,3,0,0,0,0,8,0,0,0,3,0,0,0,5,0,8,0,6,3,4,13,11,3,16,3,62,0,0,0,0,0,0,0,0,0,0,22,34,58,63,69,128,115,78,26,591
UCL521045,0,0,0,0,0,12,22,13,3,56,3,0,0,3,0,0,11,6,6,37,0,0,0,4,0,7,3,4,0,28,0,0,3,4,3,3,0,0,0,27,0,0,8,0,0,7,6,8,0,26,0,0,4,3,6,0,7,0,0,17,0,0,8,3,0,4,6,0,0,16,0,0,4,0,4,3,0,0,0,9,0,0,0,5,4,3,0,0,0,13,0,0,0,0,3,3,0,0,0,11,0,0,0,0,0,0,0,0,0,4,5,7,17,7,14,19,32,10,11,123,0,0,0,0,0,0,0,0,0,0,18,13,53,40,52,88,124,63,32,486
UCL521046,0,6,6,5,4,4,14,5,0,48,0,3,11,5,8,9,0,0,0,31,0,0,7,0,5,3,5,0,0,19,0,0,6,0,4,0,3,5,0,23,0,3,6,9,6,4,0,0,0,28,0,0,3,8,6,10,0,0,0,27,0,0,3,6,5,0,0,0,0,16,0,0,6,5,3,0,0,0,0,18,0,0,11,14,3,8,0,0,0,34,0,0,0,5,0,0,0,0,0,5,0,0,0,0,0,0,0,0,0,4,9,0,7,10,8,12,13,4,0,57,0,0,0,0,0,0,0,0,0,0,61,59,105,93,102,87,54,25,3,595
UCL521047,0,0,5,3,8,8,10,20,3,55,0,0,6,5,8,9,18,0,0,39,0,0,0,3,9,6,11,5,0,32,0,3,6,4,7,7,3,0,0,32,0,4,3,3,4,13,0,0,0,32,0,0,3,11,4,3,0,0,0,31,0,4,5,13,4,6,0,0,0,39,0,0,3,0,4,9,0,0,0,25,0,3,13,10,10,14,6,0,0,65,0,0,5,4,4,0,0,0,0,11,0,0,7,0,5,6,3,0,0,12,0,5,12,14,16,11,5,3,0,61,0,0,0,0,0,0,0,0,0,0,6,27,76,69,97,103,80,31,12,514
UCL521048,0,3,5,10,7,18,55,12,6,115,0,4,6,3,9,6,15,9,4,65,4,0,9,13,3,9,13,6,3,59,0,3,10,9,11,11,8,3,4,48,0,4,8,7,8,18,4,0,0,55,0,5,9,6,7,14,3,0,0,42,0,0,8,7,9,8,4,3,0,31,0,0,0,0,8,10,4,0,0,19,0,0,8,11,9,11,0,0,0,34,0,0,0,4,0,0,0,0,0,8,0,0,0,3,3,4,0,0,0,8,4,3,13,12,7,15,16,7,4,81,0,0,0,0,0,0,0,0,0,0,34,36,84,86,85,147,178,88,33,777
UCL521049,0,11,5,13,20,3,5,0,0,53,4,4,21,19,8,5,0,4,0,56,0,6,7,3,3,0,0,0,0,22,0,4,6,6,0,6,0,0,0,24,0,4,0,0,0,0,0,0,0,9,0,0,0,0,0,0,0,0,0,3,0,0,0,0,4,6,3,0,0,14,0,0,0,5,4,0,0,0,0,7,0,0,0,3,8,10,0,0,0,20,0,0,0,0,0,0,0,0,0,4,0,0,0,0,0,0,0,0,0,5,6,10,6,5,5,3,3,0,0,36,0,0,0,0,0,0,0,0,0,0,37,58,91,80,68,48,17,3,0,409
UCL521050,0,0,5,3,0,7,24,11,5,59,10,3,9,11,5,8,8,0,3,60,3,11,6,12,4,0,8,3,5,48,0,7,7,11,3,13,4,0,0,44,0,4,8,13,10,8,5,0,0,45,0,4,9,0,12,12,8,0,0,39,0,0,8,3,6,6,0,0,0,37,0,0,10,3,5,4,0,0,0,24,0,0,10,13,10,0,0,0,0,36,0,0,0,0,6,0,0,0,0,7,0,0,0,4,0,0,0,4,0,11,4,3,5,5,0,0,5,9,0,42,0,0,0,0,0,0,0,0,0,4,30,45,88,92,78,100,98,41,19,584
UCL521051,0,0,10,5,9,17,15,14,5,72,9,6,12,7,11,7,6,8,0,61,3,7,6,5,4,8,3,3,0,39,0,13,8,15,12,8,3,0,0,60,0,10,7,11,11,15,0,0,0,54,0,5,8,4,11,13,0,0,0,44,0,7,9,4,16,16,3,0,0,44,0,0,0,8,8,15,3,0,0,28,0,3,0,10,3,14,4,0,0,30,0,0,0,3,0,0,0,0,0,8,0,0,5,0,0,0,0,0,0,6,4,0,6,13,11,5,11,6,5,62,0,0,0,0,0,0,0,0,0,0,54,64,77,90,126,147,77,47,14,689
UCL521052,0,0,12,3,0,7,14,8,0,51,6,3,3,8,3,7,9,0,0,47,0,0,0,12,6,3,11,0,0,40,0,0,8,3,6,7,7,3,0,42,0,0,8,6,10,3,3,0,0,38,0,0,8,12,8,7,6,0,0,41,0,0,8,5,7,0,0,0,0,24,0,0,7,4,6,11,0,0,0,20,0,0,5,10,12,7,0,0,0,41,0,0,0,10,4,7,0,0,0,23,0,0,0,0,15,4,0,0,0,22,6,8,32,39,37,48,20,4,0,200,0,0,0,0,0,0,0,0,0,4,42,34,121,138,141,156,95,31,0,767
UCL522001,0,3,6,0,5,3,3,5,3,31,0,0,7,5,5,3,0,0,0,23,0,0,0,0,0,0,5,0,0,5,0,0,0,0,0,0,0,0,0,3,0,0,0,0,5,0,0,0,0,9,0,0,0,0,4,0,0,0,0,12,0,0,8,0,0,0,0,0,0,9,0,0,0,0,0,0,0,0,0,7,0,0,3,0,0,3,0,0,0,12,0,0,0,0,0,0,0,0,0,0,0,0,0,0,5,0,0,0,0,3,0,3,3,6,3,4,4,0,0,26,0,0,0,0,0,0,0,0,0,0,42,55,88,71,66,35,27,7,3,391
UCL522002,0,0,0,0,0,8,11,10,0,27,0,5,4,3,0,6,5,6,0,28,0,0,0,4,3,3,8,5,0,19,0,0,3,0,4,0,0,3,0,11,0,0,0,0,5,0,0,0,0,7,0,4,5,0,5,0,0,0,0,18,0,0,0,0,4,5,0,0,0,10,0,0,0,0,0,3,0,0,0,10,0,0,0,3,4,5,4,0,0,11,0,0,0,0,0,0,0,0,0,0,0,0,0,0,0,0,0,0,0,0,0,6,3,5,0,0,0,0,0,16,0,0,0,0,0,0,0,0,0,0,12,14,27,22,31,39,58,29,9,253
UCL522003,0,0,3,5,4,0,0,0,0,15,0,0,0,0,0,0,0,0,0,12,0,0,3,5,7,0,0,0,0,15,0,0,0,0,0,6,0,0,0,7,0,0,0,5,0,0,0,0,0,14,0,0,8,0,0,3,0,0,0,13,0,0,0,0,0,0,0,0,0,5,0,0,5,0,0,0,0,0,0,7,0,0,0,0,0,0,0,0,0,8,0,0,0,0,6,0,0,0,0,5,0,0,0,0,0,0,0,0,0,0,6,10,13,15,4,0,0,0,3,41,0,0,0,0,0,0,0,0,0,0,22,34,55,38,40,16,14,6,4,229
UCL522004,0,0,0,3,0,5,5,0,0,12,0,0,3,9,0,0,0,0,0,13,0,3,0,0,3,0,0,0,0,4,0,0,0,0,0,0,0,0,0,8,0,0,0,0,0,0,0,0,0,6,0,3,0,0,0,0,0,0,0,4,0,0,3,0,0,0,0,0,0,5,0,0,0,0,0,0,0,0,0,3,0,0,0,0,0,0,0,0,0,0,0,0,0,0,0,0,0,0,0,0,0,0,0,0,0,0,0,0,0,0,0,0,0,4,0,0,0,0,0,6,0,0,0,0,0,0,0,0,0,0,48,35,46,38,28,21,8,3,0,233
UCL522005,0,0,5,0,0,0,0,0,0,8,4,0,6,7,4,0,0,0,0,14,0,0,8,5,0,0,0,0,0,14,0,0,0,3,0,0,0,0,0,3,0,0,4,5,0,0,0,0,0,13,0,0,0,7,0,3,0,0,0,11,0,0,0,3,5,3,0,0,0,7,0,0,0,0,0,0,0,0,0,7,0,0,0,7,0,0,3,0,0,7,0,0,0,0,0,0,0,0,0,0,0,0,0,0,0,0,0,0,0,3,8,4,13,0,4,0,0,0,0,33,0,0,0,0,0,0,0,0,0,0,34,13,55,64,26,28,11,8,0,228
UCL522006,0,5,3,0,0,3,6,3,0,21,0,5,3,0,0,0,5,6,3,20,0,11,0,0,4,0,5,4,0,22,0,4,7,0,4,6,3,0,0,29,0,3,3,3,8,3,5,0,0,27,0,0,3,5,0,8,3,0,0,27,0,0,3,3,3,0,0,0,0,16,0,0,4,0,10,0,0,0,0,14,0,0,0,9,15,13,0,0,0,34,0,0,0,3,0,0,0,0,0,7,0,0,0,6,9,3,0,0,0,16,0,0,0,0,4,7,0,0,0,6,0,0,0,0,0,0,0,0,0,0,28,38,30,46,64,64,48,21,11,348
UCL522007,0,0,0,0,0,0,3,5,0,14,0,0,0,0,0,4,7,6,0,18,0,4,3,0,3,3,7,3,0,16,0,0,3,3,6,0,7,0,0,18,0,0,3,0,4,7,3,0,0,15,0,6,3,0,0,0,0,0,0,7,0,0,3,4,0,4,0,0,0,12,0,3,3,0,6,6,0,0,0,10,0,0,0,0,0,0,0,0,0,8,0,0,0,0,0,3,0,0,0,3,0,0,0,0,0,0,0,0,0,4,0,0,0,0,0,0,4,0,0,6,0,0,0,0,0,0,0,0,0,0,5,12,21,14,15,42,56,17,9,188
UCL522008,0,0,0,0,0,3,7,3,0,23,0,0,0,0,0,6,0,3,0,9,0,0,3,0,0,7,6,5,0,18,0,0,0,0,3,0,0,0,0,11,0,0,6,0,0,0,3,0,0,14,0,0,3,4,0,0,0,0,0,10,0,0,0,0,0,0,0,0,0,7,0,0,0,3,0,0,0,0,0,5,0,0,0,5,0,0,0,0,0,3,0,0,0,0,0,0,0,0,0,0,0,0,0,0,3,0,0,0,0,3,0,0,0,0,4,8,0,4,0,11,0,0,0,0,0,0,0,0,0,0,5,5,22,21,21,44,34,14,0,167
UCL522009,3,0,0,4,3,5,13,3,0,28,4,3,3,0,6,6,0,0,0,25,0,0,0,0,3,0,0,0,0,11,0,0,0,3,10,6,0,0,0,27,0,7,0,8,10,9,0,0,0,37,0,0,3,11,3,5,0,0,0,19,0,0,4,4,9,0,0,0,0,20,0,0,0,0,3,0,0,0,0,12,0,0,9,0,0,0,0,0,0,8,0,0,0,0,0,0,0,0,0,3,0,0,0,0,0,0,0,0,0,0,5,3,3,3,7,5,0,0,0,28,0,0,0,0,0,0,0,0,0,0,31,23,34,47,72,48,25,10,0,289
UCL522010,0,0,0,0,3,4,7,0,0,22,4,4,0,0,0,0,3,3,0,14,0,0,0,6,0,0,3,0,0,13,0,3,9,5,8,3,0,0,0,28,0,6,0,9,0,4,3,0,0,23,0,0,0,0,3,4,0,0,0,12,0,0,5,3,3,5,0,0,0,18,0,0,6,0,3,8,0,0,0,22,0,0,3,3,10,7,0,0,0,31,0,0,0,0,3,0,0,0,0,4,0,0,0,0,0,0,0,0,0,4,0,0,0,0,0,11,26,16,8,54,0,0,0,0,0,0,0,0,0,3,37,19,30,42,45,53,54,26,13,315
UCL522011,0,0,3,5,0,3,16,12,0,28,0,0,0,0,0,3,7,0,0,15,4,4,3,0,0,4,5,0,4,26,0,3,3,9,3,6,4,0,0,34,0,0,8,8,0,0,0,0,0,16,0,4,5,3,4,0,0,0,0,19,0,0,5,6,0,3,6,0,0,16,0,0,0,3,0,0,0,0,0,5,0,0,4,0,0,0,0,0,0,8,0,0,0,0,3,0,0,0,0,4,0,0,0,0,0,0,0,0,0,5,4,0,5,17,4,0,12,9,0,51,0,0,0,0,0,0,0,0,0,0,10,20,36,53,27,44,56,30,9,273
UCL522012,0,0,5,0,0,8,18,14,7,51,0,0,3,5,4,12,11,0,0,45,0,0,3,3,7,10,19,9,4,51,0,5,10,6,6,13,8,3,0,52,0,0,11,4,3,10,10,0,0,40,0,0,8,3,4,3,10,0,0,25,0,3,6,3,3,4,0,4,0,18,0,0,0,0,0,3,0,0,0,8,0,0,3,3,6,3,0,0,0,22,0,0,0,4,0,4,0,0,0,8,0,0,4,0,0,6,0,0,0,7,0,0,6,0,6,4,7,4,0,33,0,0,0,0,0,0,0,0,0,0,9,11,59,42,53,102,118,46,17,452
UCL522013,8,0,3,3,0,3,8,7,0,36,0,0,0,6,12,5,4,0,0,29,0,3,6,5,6,8,0,0,0,27,0,6,0,0,3,9,6,0,0,27,0,3,4,3,3,5,0,0,0,18,0,0,0,0,7,7,3,0,0,14,0,3,5,0,5,3,0,0,0,19,0,0,0,0,3,3,0,0,0,11,0,0,0,11,3,7,0,0,0,26,0,0,0,4,0,0,0,0,0,4,0,0,0,0,0,0,0,0,0,4,4,3,0,5,0,3,5,0,0,23,0,0,0,0,0,0,0,0,0,0,35,17,33,51,74,81,46,19,8,351
UCL522014,0,0,0,5,0,0,0,3,0,10,0,4,0,0,0,4,0,4,0,15,0,0,0,3,0,0,0,0,0,7,0,0,0,0,5,0,0,0,0,12,0,0,0,3,0,6,0,0,0,13,0,4,0,0,0,0,0,0,0,9,0,0,0,0,5,0,0,0,0,4,0,0,3,0,0,3,0,0,0,3,0,0,3,5,4,0,0,0,0,17,0,0,0,0,3,0,0,0,0,5,0,0,0,0,3,0,0,0,0,3,0,0,0,0,0,0,0,0,0,4,0,0,0,0,0,0,0,0,0,0,12,13,24,25,26,29,18,9,0,156
UCL522015,0,7,0,5,0,12,17,17,0,54,3,3,14,9,0,18,44,12,0,110,6,10,12,6,9,11,18,4,0,73,4,14,18,13,4,15,19,7,0,95,0,7,29,15,7,14,14,3,0,86,0,0,16,15,8,11,17,0,0,74,0,3,9,16,14,9,5,0,0,53,0,0,6,11,6,6,3,0,0,40,0,0,17,25,9,16,7,0,0,83,0,0,3,0,0,9,3,0,0,15,0,0,3,3,10,11,4,0,0,39,0,0,12,10,0,7,12,0,0,45,0,3,17,0,0,0,0,0,0,21,18,53,171,147,80,183,229,71,5,958
UCL522016,0,0,0,0,3,3,5,9,0,26,0,0,0,4,0,0,0,0,0,15,0,0,4,0,0,4,0,0,0,10,0,0,4,4,0,3,0,0,0,18,0,6,5,4,5,7,0,0,0,21,0,0,0,0,3,3,0,0,0,11,0,0,0,0,0,3,0,3,0,10,0,0,5,0,4,0,0,0,0,12,0,0,0,0,0,3,0,0,0,5,0,0,0,0,0,0,0,0,0,0,0,0,0,0,3,0,0,0,0,4,3,0,5,7,3,7,3,5,3,40,0,0,0,0,0,0,0,0,0,0,14,8,25,37,32,51,36,30,5,227
UCL522017,0,0,0,0,6,12,15,7,0,42,0,4,3,4,5,4,10,0,0,30,0,3,3,6,4,4,8,0,0,16,0,0,3,3,3,11,0,0,0,27,0,3,9,3,5,11,4,0,0,24,0,0,0,0,8,3,0,0,0,9,0,0,5,4,0,7,0,0,0,7,0,0,0,3,3,0,0,0,0,9,0,0,0,3,5,6,0,0,0,12,0,0,0,6,6,0,0,0,0,4,0,0,0,0,0,0,0,0,0,0,0,0,3,0,0,10,4,5,0,21,0,0,0,0,0,0,0,0,0,0,4,16,36,27,46,77,65,27,5,303
UCL522018,0,0,0,0,0,3,22,7,0,29,0,0,0,0,0,3,3,0,0,18,0,0,0,0,0,5,4,0,0,9,4,0,0,0,3,3,8,0,0,20,0,4,0,3,3,5,0,0,0,17,0,0,3,0,5,3,0,4,0,14,0,0,0,6,0,0,0,0,0,8,0,0,0,0,0,3,5,4,0,7,0,0,3,0,0,4,3,0,0,17,0,0,0,0,0,0,0,0,0,0,0,0,0,0,0,3,0,0,0,7,0,0,10,3,11,10,6,0,0,41,0,0,0,0,0,0,0,0,0,0,7,14,24,13,36,64,77,26,0,256
UCL522019,0,0,0,0,0,0,3,4,5,15,3,0,0,0,0,4,0,0,3,13,0,0,0,0,0,3,5,0,0,4,0,0,0,3,0,4,3,0,0,12,0,0,3,0,3,6,0,0,0,16,0,0,0,3,0,0,0,0,0,10,0,0,0,0,0,0,0,0,0,7,0,0,0,0,0,4,0,0,0,5,0,0,0,0,0,0,0,0,0,5,0,0,0,0,0,0,0,0,0,3,0,0,0,0,0,3,0,0,0,3,0,0,5,13,4,7,0,0,0,30,0,0,0,0,0,0,0,0,0,0,8,5,10,25,19,36,21,9,8,146
UCL522020,0,0,4,3,4,0,0,0,0,15,0,0,3,0,0,0,8,0,0,13,0,5,3,3,0,5,5,0,0,20,0,0,6,4,0,0,0,0,0,14,0,0,0,0,0,5,0,0,0,7,0,0,3,0,0,4,0,0,0,9,0,0,0,0,0,3,0,0,0,6,0,0,0,0,4,0,0,0,0,7,0,0,0,3,4,5,0,0,0,13,0,0,0,0,0,0,0,0,0,3,0,0,0,0,0,0,0,0,0,0,0,0,0,8,0,6,0,0,0,15,0,0,0,0,0,0,0,0,0,0,21,18,36,34,23,46,23,6,0,215
UCL522021,0,0,0,5,0,5,13,5,6,31,0,0,3,0,4,3,8,5,0,30,0,0,0,3,3,0,9,3,0,24,0,4,6,8,3,6,0,3,0,28,0,0,0,4,10,6,0,0,0,27,0,0,0,3,3,0,3,0,0,12,0,3,0,6,3,3,0,0,0,11,0,0,3,6,0,0,0,0,0,11,0,0,3,4,4,0,0,0,0,13,0,0,0,0,0,0,0,0,0,0,0,0,0,0,3,0,3,0,0,9,0,0,0,0,3,3,7,3,0,25,0,0,0,0,0,0,0,0,0,0,11,17,18,52,42,35,65,26,4,282
UCL522022,0,0,0,0,0,3,7,4,0,18,0,0,0,4,3,3,5,5,0,16,0,0,0,0,0,4,0,3,0,9,0,3,5,0,3,7,0,0,0,20,0,0,6,8,8,8,0,5,0,27,0,0,4,0,0,4,0,0,0,4,0,0,0,0,0,4,0,0,0,4,0,0,0,3,0,0,0,0,0,7,0,0,4,0,0,4,0,0,0,9,0,0,0,0,0,0,0,0,0,0,0,0,0,0,0,0,0,0,0,3,4,0,0,5,11,3,7,5,0,32,0,0,0,0,0,0,0,0,0,0,7,10,26,24,43,42,34,26,0,205
UCL522023,0,0,3,0,0,3,3,0,3,21,0,0,9,3,5,7,3,0,4,35,0,0,0,4,0,4,3,0,0,20,0,0,4,0,4,7,3,0,0,22,0,0,4,3,3,0,3,0,0,14,0,0,5,3,7,6,0,0,0,16,0,0,0,0,5,5,0,0,0,10,0,0,5,7,0,3,0,0,0,12,0,0,0,5,9,3,4,0,0,20,0,0,0,0,0,0,0,0,0,6,0,0,0,0,3,0,0,0,0,6,3,0,4,0,4,10,7,0,0,33,0,0,0,0,0,0,0,0,0,0,15,9,33,36,46,60,47,18,9,272
UCL522024,0,0,0,0,0,3,15,10,6,33,6,0,0,0,0,0,9,0,0,19,0,0,0,0,4,4,4,4,0,12,0,0,0,3,0,5,5,3,0,15,0,0,3,0,0,3,0,8,0,14,0,0,0,0,0,5,4,4,0,16,0,0,0,0,0,0,3,3,0,9,0,0,0,0,0,3,0,0,0,12,0,0,0,6,10,7,3,0,0,25,0,0,0,0,0,0,0,0,0,3,0,0,0,0,0,6,0,0,0,6,0,0,0,0,0,0,0,3,6,8,0,0,0,0,0,0,0,0,0,0,6,3,10,12,23,55,64,39,10,214
UCL522025,0,3,3,0,0,4,17,10,3,41,0,5,7,4,3,6,7,10,6,39,0,0,4,10,6,7,11,4,0,33,0,3,5,8,6,8,9,4,0,42,0,7,5,3,4,9,4,0,0,30,0,0,5,5,3,5,0,0,0,17,0,0,0,8,6,4,0,0,0,14,0,0,0,0,0,0,0,0,0,4,0,0,0,5,6,3,0,0,0,12,0,0,0,0,0,0,0,0,0,4,0,0,0,0,0,0,6,0,0,9,3,4,3,3,9,12,15,12,0,68,0,0,0,0,0,0,0,0,0,0,16,25,30,47,42,81,95,44,16,400
UCL522026,0,0,0,0,3,5,19,14,4,47,0,0,5,0,0,5,13,7,0,31,0,0,0,5,0,3,12,0,0,28,0,0,0,0,5,3,3,0,0,12,0,0,0,0,4,0,5,4,3,17,0,0,0,0,0,5,0,0,0,13,0,0,0,0,0,6,0,0,0,3,0,0,4,0,0,0,0,0,0,10,0,0,4,0,0,6,4,0,0,19,0,0,0,0,0,0,0,0,0,0,0,0,0,0,0,0,0,0,0,5,0,0,5,0,0,0,0,0,0,12,0,0,0,0,0,0,0,0,0,0,3,0,14,12,20,62,88,58,11,271
UCL522027,0,4,4,0,0,14,15,10,6,51,0,0,0,0,0,3,4,5,0,14,0,4,0,4,3,0,4,0,0,16,0,0,3,4,6,0,0,0,0,14,0,0,3,6,3,5,6,0,0,19,0,3,3,4,10,7,0,0,0,22,0,5,0,4,3,3,0,0,0,13,0,0,0,8,4,4,0,0,0,10,0,0,9,4,5,4,0,0,0,20,0,0,0,0,0,4,0,0,0,6,0,0,0,0,0,0,3,0,0,10,3,0,4,11,6,0,3,5,0,30,0,0,0,0,0,0,0,0,0,0,12,19,30,48,36,66,50,32,9,310
UCL522028,0,0,0,3,0,4,5,5,0,23,0,4,10,6,3,6,10,3,0,34,0,0,3,3,0,0,0,4,0,12,0,0,0,0,0,0,0,0,0,8,0,0,3,4,0,0,0,0,0,11,0,0,0,0,0,4,0,0,0,7,0,0,0,0,0,0,0,0,0,5,0,0,0,0,0,0,0,0,0,3,0,0,0,0,0,0,0,0,0,0,0,0,0,0,0,0,0,0,0,5,0,0,0,0,0,0,0,0,0,0,0,0,0,0,0,4,5,0,0,11,0,3,3,0,0,0,0,0,0,10,4,18,40,21,11,29,38,22,6,177
UCL522029,0,0,3,5,0,4,6,4,3,30,0,0,3,7,4,0,4,0,0,16,0,4,0,3,8,3,8,3,0,32,0,0,3,3,3,0,6,0,0,25,0,0,6,4,0,3,0,0,0,22,0,0,5,3,4,4,3,0,0,15,0,0,0,9,3,4,0,0,0,17,0,0,3,0,3,5,0,0,0,11,0,0,3,7,4,0,0,0,0,14,0,0,0,4,0,0,0,0,0,4,0,0,0,0,0,0,0,0,0,0,0,0,5,3,7,0,0,0,0,20,0,0,0,0,0,0,0,0,0,0,25,5,49,54,44,39,40,25,3,286
UCL522030,0,0,0,5,0,0,0,0,0,10,0,0,0,0,3,4,3,0,0,12,0,0,6,0,0,3,0,0,0,15,0,0,0,0,0,5,6,0,0,13,0,0,4,5,0,4,0,0,0,18,0,0,7,0,3,0,0,0,0,17,0,0,3,7,0,4,0,0,0,20,0,0,4,3,0,0,0,0,0,11,0,0,0,8,4,3,0,0,0,16,0,0,0,3,0,3,4,0,0,11,0,0,0,0,0,0,0,0,0,4,7,0,8,6,5,4,3,0,0,35,0,0,6,0,0,0,0,0,0,7,5,17,46,37,37,44,23,12,0,224
UCL522031,0,0,0,0,0,5,0,0,0,4,0,0,9,0,0,0,0,0,0,9,0,0,0,0,0,4,0,0,0,4,0,0,0,0,0,0,0,0,0,0,0,0,0,0,0,0,0,0,0,6,0,0,0,0,0,0,0,0,0,5,0,0,0,0,0,0,0,0,0,3,0,0,0,0,0,0,0,0,0,3,0,0,0,0,0,0,0,0,0,9,0,0,0,0,0,0,0,0,0,0,0,0,0,0,0,0,0,0,0,0,0,0,0,0,0,3,0,0,0,14,0,5,0,0,0,0,0,0,0,3,31,16,55,43,30,25,6,0,0,198
UCL522032,3,3,8,8,3,5,0,0,0,30,3,4,3,3,0,8,0,0,0,22,0,0,0,0,0,5,4,0,0,3,0,0,4,0,0,3,0,0,0,8,0,0,0,0,0,0,4,0,0,8,0,3,0,0,0,0,4,0,0,9,0,0,0,0,0,0,0,0,0,5,0,0,0,0,3,3,0,0,0,9,0,0,0,0,0,4,0,0,0,7,0,0,0,0,0,0,0,0,0,3,0,0,0,0,0,0,0,0,0,0,0,0,0,0,3,9,7,0,0,25,0,0,0,0,0,0,0,0,0,0,34,42,43,52,50,47,18,5,0,301
UCL522033,0,0,0,0,5,4,24,14,0,51,0,0,0,5,4,9,0,4,0,23,0,6,0,4,4,7,3,4,0,27,0,0,4,0,6,8,6,0,0,28,0,0,3,3,10,5,4,0,0,28,0,0,0,0,3,0,0,0,0,10,0,0,0,0,5,0,0,0,0,3,0,0,7,0,3,3,0,0,0,12,0,0,0,0,4,0,0,0,0,4,0,0,0,0,0,0,0,0,0,0,0,0,0,0,0,0,0,0,0,3,3,0,4,5,6,3,6,3,0,29,0,0,0,0,0,0,0,0,0,0,19,10,30,26,59,68,95,51,4,356
UCL522034,0,0,0,0,0,0,0,0,0,0,0,0,0,3,0,0,0,0,0,9,0,0,0,0,0,0,0,0,0,0,0,0,0,0,0,0,0,0,0,0,0,0,0,0,0,0,0,0,0,0,0,0,0,0,0,0,0,0,0,0,0,0,0,0,5,0,0,0,0,9,0,0,0,0,3,0,0,0,0,9,0,0,4,0,0,0,0,0,0,6,0,0,0,0,0,0,0,0,0,0,0,0,0,0,0,0,0,0,0,0,0,0,4,3,0,0,0,0,0,6,0,0,0,0,0,0,0,0,0,0,22,12,40,33,19,22,10,6,0,163
UCL522035,0,0,0,0,0,3,0,4,0,13,0,0,4,3,0,3,5,0,4,15,0,0,6,0,8,3,6,3,0,19,0,0,5,6,0,4,3,0,0,15,0,0,0,0,3,5,0,0,0,16,0,0,3,5,6,4,0,0,0,16,0,0,0,0,0,3,0,0,0,8,0,0,0,0,0,4,0,0,0,5,0,0,4,0,5,4,0,0,0,12,0,0,0,0,0,0,0,0,0,0,0,0,0,0,0,0,0,0,0,0,3,0,0,3,5,0,0,7,3,19,0,0,0,0,0,0,0,0,0,0,11,3,21,18,41,43,33,10,10,191
UCL522036,0,0,0,0,0,6,4,0,0,15,0,0,0,0,3,0,4,0,0,13,0,0,6,4,3,4,0,0,0,18,0,0,0,0,3,4,4,0,0,11,0,0,5,0,0,9,0,0,0,15,0,0,0,0,0,5,0,0,0,9,0,0,0,3,4,0,0,0,0,11,0,0,0,5,0,0,0,0,0,9,0,0,3,0,3,0,0,0,0,8,0,0,0,0,3,0,0,0,0,4,0,0,0,0,0,0,0,0,0,7,3,0,0,0,8,0,0,0,0,14,0,0,0,0,0,0,0,0,0,0,9,5,21,17,38,28,50,14,3,184
UCL522037,0,0,0,0,0,6,9,4,3,16,0,0,0,0,5,0,0,0,0,13,0,3,0,0,5,0,3,0,0,11,0,0,3,0,0,0,0,3,0,6,0,0,7,9,4,0,0,0,0,21,0,0,3,9,3,4,0,0,0,16,0,0,4,5,5,3,3,0,0,15,0,0,0,0,0,0,0,0,0,0,0,0,0,3,3,5,0,0,0,9,0,0,0,0,0,0,0,0,0,3,0,0,0,0,0,6,9,0,0,11,3,0,7,8,5,8,5,3,5,35,0,0,0,0,0,0,0,0,0,0,7,4,28,37,35,35,32,21,9,216
UCL522038,0,0,0,0,0,0,9,5,5,27,0,0,0,0,4,0,8,3,0,21,0,4,3,9,6,5,0,4,5,31,0,4,4,5,5,7,6,0,0,35,6,7,10,10,7,9,0,3,0,52,0,3,13,3,3,8,0,4,0,38,0,3,10,4,5,8,0,0,0,29,0,0,6,5,6,8,0,0,0,17,0,0,6,12,11,7,6,0,0,34,0,0,0,0,0,0,5,0,0,10,0,0,0,5,0,0,0,0,0,7,0,0,4,3,4,5,5,0,6,30,0,0,0,0,0,0,0,0,0,3,21,33,70,69,50,62,44,28,9,390
UCL522039,0,0,0,3,0,0,3,8,0,17,3,0,0,3,0,0,4,0,0,14,0,0,0,4,0,0,4,0,0,16,0,3,0,5,7,8,0,0,0,30,0,0,5,0,0,7,3,0,0,20,0,3,4,3,0,3,0,0,0,18,0,0,3,4,3,12,0,0,0,24,0,3,7,3,3,13,3,0,0,22,0,0,9,10,7,13,5,0,0,49,0,0,7,0,3,0,0,0,0,14,0,0,0,3,3,4,0,0,0,13,0,5,17,4,7,18,4,6,0,55,0,0,0,0,0,0,0,0,0,0,19,29,68,55,59,98,46,15,5,401
UCL522040,0,0,0,0,3,7,8,8,0,29,0,0,0,0,6,0,12,3,0,23,0,0,0,0,0,0,3,0,0,13,0,0,0,0,4,0,3,0,0,12,0,0,0,0,0,0,0,0,0,11,0,0,0,0,0,0,6,0,0,11,0,0,0,0,5,3,0,0,0,11,0,0,0,0,0,5,0,0,0,8,0,4,0,0,5,0,6,0,0,18,0,0,0,0,0,0,0,0,0,4,0,0,0,0,0,0,0,0,0,3,0,0,0,0,7,10,4,6,0,22,0,0,0,0,0,0,0,0,0,0,3,3,10,3,39,50,53,22,3,194
UCL522041,0,0,0,0,0,3,10,4,0,25,0,0,0,0,0,0,7,0,0,18,0,0,0,0,0,0,3,0,0,10,0,0,0,3,6,0,5,0,0,16,0,3,5,6,3,6,4,0,0,20,0,4,0,0,0,5,0,3,0,10,0,0,4,0,6,4,0,0,0,16,0,0,0,0,0,0,4,0,0,5,0,0,0,5,7,6,0,0,0,17,0,0,0,0,0,0,0,0,0,0,0,0,0,0,0,5,0,0,0,9,0,3,0,3,5,12,8,0,3,39,0,0,0,0,0,0,0,0,0,0,10,14,22,24,40,71,75,16,5,276
UCL522042,0,0,0,0,0,0,4,0,0,3,0,0,0,0,0,0,0,3,0,3,0,0,4,0,0,0,0,0,0,11,0,0,4,0,0,0,5,0,0,9,0,0,7,5,4,7,4,0,0,22,0,4,7,3,6,3,4,0,0,35,0,4,12,5,3,3,0,0,0,26,0,0,8,10,8,3,0,0,0,31,0,6,37,38,25,20,3,0,0,122,0,0,3,15,12,3,0,0,0,28,0,0,3,10,9,0,0,0,0,27,0,15,16,9,6,3,0,0,0,60,0,0,0,0,0,0,0,0,0,3,9,46,111,98,74,56,35,5,0,436
UCL522043,4,0,3,3,0,0,0,0,0,14,0,3,8,0,0,0,0,0,0,12,0,0,9,0,3,0,0,0,0,12,0,0,9,4,6,0,0,0,0,14,0,0,0,0,0,0,0,0,0,0,0,0,0,0,0,0,0,0,0,0,0,0,0,0,0,0,0,0,0,0,0,0,0,0,0,0,0,0,0,0,0,0,0,0,0,0,0,0,0,0,0,0,0,0,0,0,0,0,0,0,0,0,0,0,0,0,0,0,0,0,17,11,14,10,13,6,0,0,0,83,0,0,0,0,0,0,0,0,0,0,38,32,68,58,41,25,12,0,0,273
UCL522044,0,0,0,5,4,7,8,3,0,23,0,0,0,0,0,6,6,4,0,22,0,0,0,3,0,3,12,0,0,17,0,0,0,3,0,6,5,0,0,15,0,5,3,4,5,9,0,5,0,23,0,0,0,0,0,0,3,0,0,9,0,0,4,0,4,4,0,0,0,13,0,0,0,0,9,4,3,0,0,13,0,0,10,0,3,0,0,0,0,18,0,0,0,0,0,0,0,0,0,0,0,0,0,0,0,4,0,0,0,0,0,0,13,3,8,9,8,0,0,46,0,4,0,0,0,0,0,0,0,3,11,12,33,32,32,67,75,15,0,288
UCL522045,0,5,0,0,0,0,0,0,0,11,0,0,0,0,0,0,0,0,0,0,0,0,0,0,0,0,0,0,0,3,0,0,0,0,0,0,0,0,0,0,0,0,0,0,0,0,0,0,0,0,0,0,0,0,0,0,0,0,0,6,0,0,0,0,0,0,0,0,0,0,0,0,0,0,0,6,0,0,0,6,0,0,0,0,0,0,0,0,0,4,0,0,0,0,0,0,0,0,0,0,0,0,0,0,0,0,0,0,0,0,0,5,8,10,6,0,0,0,0,30,0,0,0,0,0,0,0,0,0,0,19,19,37,26,28,15,5,0,0,150
UCL522046,0,0,0,0,5,7,13,4,0,33,0,0,0,0,0,9,6,0,0,15,0,0,0,8,3,5,5,0,0,13,0,0,0,0,0,10,6,0,0,14,0,0,5,7,6,3,0,0,0,25,0,0,0,5,0,0,0,0,0,10,0,0,0,0,4,0,0,0,0,12,0,0,0,0,0,5,0,0,0,11,0,0,0,0,3,3,0,0,0,9,0,0,0,0,0,6,4,0,0,7,0,0,0,6,0,4,0,0,0,11,0,0,3,6,14,28,26,11,5,88,0,0,0,0,0,0,0,0,0,0,6,6,17,36,39,80,75,34,4,305
UCL522047,0,0,0,4,0,5,10,7,4,29,0,0,3,4,3,0,9,0,0,17,0,4,0,0,5,5,3,0,4,14,0,0,4,3,8,0,3,0,0,23,0,0,5,5,3,8,5,0,0,27,0,6,3,4,7,5,0,0,0,21,0,0,0,0,0,3,0,0,0,12,0,0,0,0,0,7,0,0,0,10,0,0,3,5,3,6,0,0,0,19,0,0,0,0,0,0,0,0,0,0,0,0,0,4,0,0,0,0,0,3,21,6,7,9,6,23,47,13,11,146,0,0,0,0,0,0,0,0,0,0,35,17,39,44,42,78,105,33,20,419
UCL522048,0,3,0,0,0,0,7,13,0,28,0,0,0,0,3,9,4,3,0,25,5,0,0,3,0,0,4,3,0,17,0,0,0,0,0,3,4,0,3,17,0,0,8,0,7,0,0,0,0,13,0,0,5,0,0,5,0,0,0,12,0,0,4,3,0,5,0,0,0,12,0,0,0,0,5,0,3,0,0,10,0,0,6,5,3,4,0,0,0,20,0,0,0,0,0,0,0,0,0,7,0,0,0,4,0,0,0,0,0,4,3,0,7,4,0,3,6,6,0,33,0,0,0,0,0,0,0,0,0,0,12,4,36,29,29,52,50,31,11,256
UCL522049,0,0,3,0,3,3,21,11,5,44,0,0,0,6,0,3,8,0,0,21,0,0,3,0,0,0,5,0,0,10,0,3,4,6,4,6,0,0,0,19,0,0,4,3,3,3,0,0,0,10,0,0,0,3,0,4,0,0,0,11,0,0,3,4,5,3,0,0,0,15,0,0,4,0,0,3,0,0,0,9,0,0,3,0,0,0,6,0,0,14,0,0,4,0,0,0,0,0,0,9,0,0,0,0,0,0,0,0,0,0,7,8,10,16,8,20,20,0,0,94,0,0,0,0,0,0,0,0,0,0,7,12,34,41,50,67,96,24,3,335
UCL522050,0,0,0,0,0,0,11,7,4,31,0,0,5,5,4,4,4,0,3,28,4,0,5,0,4,3,4,3,0,22,0,5,5,0,3,8,0,0,0,18,0,0,3,3,8,9,4,0,3,38,0,0,3,3,3,3,0,3,0,24,0,0,0,0,4,4,3,0,0,14,0,0,5,7,3,4,0,0,0,18,0,0,6,4,6,3,0,3,0,24,0,0,0,0,0,0,0,0,0,4,0,0,0,4,0,0,0,0,0,7,4,0,0,5,17,9,8,5,10,70,0,0,0,0,0,0,0,0,0,0,9,12,40,41,61,61,52,44,33,356
UCL522051,0,0,3,0,4,0,3,3,0,25,0,0,0,4,0,9,0,0,0,20,3,3,0,0,0,0,0,0,0,12,0,5,5,0,3,4,0,0,0,24,0,0,0,3,5,0,0,0,0,14,0,0,0,3,3,0,0,0,0,10,0,0,0,0,0,4,0,0,0,8,0,0,0,0,6,0,0,0,0,9,0,0,0,0,6,5,0,0,0,11,0,0,0,0,0,0,0,0,0,0,0,0,0,0,0,0,0,0,0,0,0,0,0,0,0,0,3,0,0,9,0,0,0,0,0,0,0,0,0,0,20,8,27,21,42,39,30,13,0,198
UCL522052,0,0,0,0,0,0,0,0,0,5,0,0,3,0,0,0,5,0,0,9,0,0,0,0,0,0,0,0,0,0,0,0,0,0,0,0,0,0,0,0,0,5,0,3,0,0,0,0,0,8,0,0,0,0,0,4,0,0,0,11,0,0,0,0,5,0,0,0,0,9,0,0,4,0,0,0,0,0,0,4,0,0,3,3,0,7,0,0,0,21,0,0,0,0,0,0,0,0,0,6,0,0,0,0,0,0,0,0,0,11,0,0,3,0,11,3,4,0,0,30,0,0,0,0,0,0,0,0,0,0,13,16,36,24,34,27,25,4,0,178
UCL522053,0,0,6,0,0,0,3,0,0,9,0,0,0,0,0,0,0,0,0,4,0,0,0,0,0,0,0,0,0,0,0,0,0,0,0,0,0,0,0,0,0,0,0,0,0,0,0,0,0,0,0,0,0,0,0,0,0,0,0,5,0,0,0,0,0,0,0,0,0,0,0,0,0,0,0,0,0,0,0,0,0,0,0,0,5,3,0,0,0,3,0,0,0,0,0,0,0,0,0,0,0,0,0,0,0,0,0,0,0,0,3,0,5,5,6,7,0,0,0,23,0,0,0,0,0,0,0,0,0,0,13,19,28,17,19,18,6,0,0,125
UCL522054,0,3,0,0,5,3,0,0,5,16,0,0,0,0,4,0,0,5,0,7,0,0,0,0,3,6,5,0,0,11,0,0,0,0,0,0,3,0,0,8,0,0,4,5,8,0,0,0,0,16,0,0,0,0,0,0,0,0,0,10,0,3,0,0,0,0,0,0,0,3,0,0,0,3,0,0,0,0,0,5,0,0,0,0,6,0,0,0,0,6,0,0,3,0,0,0,0,0,0,5,0,0,0,0,3,0,0,0,0,7,3,0,4,8,0,5,13,4,4,40,0,0,0,0,0,0,0,0,0,0,6,14,21,28,30,31,37,11,5,180
UCL522055,0,0,0,0,0,4,15,7,0,24,0,0,0,0,5,6,17,3,0,30,0,0,7,3,0,3,15,0,0,24,0,3,7,3,6,8,18,0,0,43,0,3,3,0,0,8,0,0,0,24,0,0,0,0,11,3,3,0,0,21,0,0,7,5,10,12,0,0,0,29,0,0,0,8,3,5,3,0,0,23,0,0,9,3,13,9,7,0,0,44,0,0,0,3,4,3,4,0,0,18,0,0,0,10,8,4,3,0,0,28,0,0,12,4,16,21,71,20,0,152,0,0,5,0,0,0,0,0,0,5,12,13,52,42,72,104,191,54,3,540
UCL522056,0,3,4,0,0,6,0,4,6,21,4,0,3,4,0,4,3,5,0,21,0,0,0,0,0,3,0,0,0,9,0,0,0,0,6,0,0,0,0,7,3,0,10,3,5,3,0,0,0,23,0,0,8,6,7,4,0,0,0,26,0,6,14,0,13,3,0,0,0,34,0,0,5,9,9,8,0,0,0,31,0,3,13,17,15,10,9,0,0,66,0,0,3,9,3,4,0,0,0,20,0,0,0,3,0,0,0,0,0,5,0,7,14,19,15,13,3,0,0,70,0,0,0,0,0,0,0,0,0,0,18,26,72,68,74,79,39,11,8,400
UCL522057,0,0,0,0,0,0,3,9,0,18,3,0,0,0,0,5,4,0,0,18,0,0,6,9,0,3,6,0,0,25,5,16,18,5,4,3,8,0,0,60,0,8,11,4,6,8,10,0,0,48,0,3,12,3,5,11,0,6,0,40,0,0,4,4,4,7,4,0,0,23,0,4,0,0,5,8,0,0,0,13,0,0,0,3,10,9,3,0,0,26,0,0,0,0,0,0,0,0,0,3,0,0,0,0,0,5,4,0,0,6,0,0,14,14,3,6,12,4,0,48,0,0,0,0,0,0,0,0,0,4,11,33,75,52,37,81,60,35,3,391
UCL522058,0,0,0,5,3,3,9,3,0,29,0,0,0,0,0,0,3,0,0,10,0,4,0,5,0,3,0,0,0,10,0,0,0,0,4,5,0,0,0,14,0,0,0,4,8,9,0,0,0,14,0,0,0,0,0,3,0,0,0,4,0,0,3,0,4,0,5,0,0,7,0,0,0,0,0,0,0,0,0,8,0,0,0,0,0,4,0,0,0,3,0,0,0,0,0,0,0,0,0,0,0,0,0,0,4,0,0,0,0,3,15,5,9,9,5,9,0,0,0,57,0,0,0,0,0,0,0,0,0,0,27,15,24,29,27,45,23,28,11,220
UCL522059,0,6,0,0,3,0,11,11,4,32,0,0,8,6,4,5,3,0,4,25,0,0,6,0,0,0,0,0,0,10,0,0,5,3,8,0,0,5,0,16,0,0,0,4,3,4,0,3,0,16,0,0,9,3,3,3,0,0,0,17,0,0,0,3,0,0,4,0,0,15,0,0,0,3,0,4,0,0,0,16,0,0,3,9,6,3,0,0,0,24,0,0,0,0,0,0,0,0,0,6,0,0,0,0,0,4,3,0,0,9,0,3,14,21,7,15,4,4,0,73,0,0,0,0,0,0,0,0,0,0,9,14,43,60,43,59,58,42,6,328
UCL522060,0,0,0,0,0,0,0,0,0,0,0,0,0,0,0,0,0,0,0,0,0,0,0,0,0,0,0,0,0,0,0,0,0,0,0,0,0,0,0,0,0,0,0,0,0,0,0,0,0,0,0,0,0,0,0,3,0,0,0,8,0,0,0,0,0,0,0,0,0,0,0,0,0,0,0,0,0,0,0,0,0,0,0,0,0,6,0,0,0,8,0,0,0,0,0,0,0,0,0,0,0,0,0,0,0,0,0,0,0,0,0,0,0,0,0,0,0,0,0,0,0,0,0,0,0,0,0,0,0,0,0,0,5,5,11,13,5,0,0,42
UCL522061,0,0,3,0,4,8,13,15,3,46,0,0,0,5,3,7,7,6,0,35,0,0,3,6,0,0,3,6,0,23,0,0,6,0,3,8,8,0,0,26,0,0,3,0,3,4,0,0,0,15,0,0,5,0,0,4,0,0,0,5,0,0,0,0,4,6,0,0,0,6,0,0,0,6,0,0,0,0,0,4,0,0,4,0,6,12,0,0,0,20,0,0,0,0,0,0,0,0,0,6,0,0,0,3,0,0,0,0,0,4,0,0,4,0,5,4,9,0,0,21,0,0,0,0,0,0,0,0,0,0,6,4,29,23,41,85,72,51,7,317
UCL522062,0,0,0,0,0,0,0,0,0,5,0,0,0,5,0,0,0,0,0,8,0,0,0,0,0,0,0,0,0,0,0,0,0,0,0,0,0,0,0,0,0,0,0,0,0,0,0,0,0,0,0,0,0,0,0,0,0,0,0,4,0,0,0,0,0,0,0,0,0,0,0,0,0,0,0,0,0,0,0,0,0,0,0,0,0,0,0,0,0,4,0,0,0,0,0,0,0,0,0,0,0,0,0,0,0,0,0,0,0,0,0,0,0,3,0,0,0,0,0,5,0,0,0,0,0,0,0,0,0,0,13,27,43,33,33,13,6,4,0,165
UCL522063,6,0,0,5,3,0,0,0,0,12,0,0,0,5,0,5,0,0,0,14,0,0,0,0,0,0,0,0,0,0,0,0,0,0,0,0,0,0,0,0,0,0,0,0,0,0,0,0,0,0,0,0,8,4,0,0,0,0,0,6,0,0,0,0,0,0,0,0,0,5,0,0,0,0,0,0,0,0,0,0,0,0,0,0,0,0,0,0,0,8,0,0,0,0,0,0,0,0,0,0,0,0,0,0,0,0,0,0,0,0,14,0,7,4,6,4,0,0,0,36,0,0,0,0,0,0,0,0,0,0,30,9,33,35,19,29,3,3,0,163
UCL522064,0,4,5,5,0,0,3,0,0,25,0,7,16,10,7,0,0,0,0,37,0,4,7,0,3,0,0,0,0,14,0,0,3,3,0,3,0,0,0,12,0,0,3,4,0,0,0,0,0,13,0,0,0,0,0,0,4,0,0,9,0,0,0,5,7,0,0,0,0,10,0,0,8,0,3,0,0,0,0,9,0,0,0,9,8,7,0,0,0,14,0,0,0,0,4,0,0,0,0,0,0,0,0,0,0,0,0,0,0,0,7,10,14,10,11,0,0,12,0,64,0,3,6,0,0,0,0,0,0,6,39,54,84,64,62,32,26,15,0,383
UCL522065,0,0,0,0,0,5,8,9,6,23,0,0,0,0,0,3,5,3,0,13,0,0,0,0,0,3,3,0,0,13,0,0,0,3,5,7,0,0,0,18,0,0,3,0,0,11,0,0,0,9,0,0,3,3,0,4,0,0,0,12,0,0,5,0,0,0,0,0,0,4,0,0,0,0,0,0,0,0,0,3,0,0,5,0,0,3,0,0,0,8,0,0,0,0,0,0,0,0,0,0,0,0,0,0,0,0,0,0,0,0,0,0,9,0,8,8,7,3,3,45,0,0,0,0,0,0,0,0,0,0,6,8,26,12,19,49,30,27,7,198
UCL522066,0,0,0,3,0,0,5,5,4,28,0,0,0,4,4,0,6,0,0,14,0,0,3,3,0,3,0,0,0,15,0,5,3,6,9,5,6,3,3,32,0,3,8,10,4,0,0,0,0,33,0,0,7,10,6,10,3,0,0,36,0,0,0,6,4,5,0,0,0,15,0,0,0,8,8,0,0,0,0,17,0,0,0,3,3,7,0,0,0,13,0,0,0,3,0,0,0,0,0,6,0,0,0,0,0,0,0,0,0,4,6,0,5,8,10,13,5,5,0,53,0,0,0,0,0,0,0,0,0,0,12,14,55,61,46,48,36,31,13,310
UCL522067,0,4,0,4,6,0,4,0,0,13,0,0,0,0,3,0,0,0,0,6,0,0,0,0,7,0,0,0,0,4,0,0,4,3,5,4,0,0,0,9,0,0,4,3,0,0,0,0,0,13,0,3,6,3,3,9,3,0,0,24,0,4,11,3,10,0,0,0,0,28,0,5,5,8,14,3,0,0,0,43,0,3,26,26,24,15,0,0,0,95,0,0,11,9,8,6,0,0,0,33,0,0,0,5,15,10,0,0,0,33,5,6,25,26,29,7,11,0,0,105,0,0,0,0,0,0,0,0,0,0,13,35,101,100,116,62,39,0,0,457
UCL522068,3,0,0,5,3,3,5,5,0,24,4,0,4,3,4,0,0,0,0,18,3,0,0,4,0,3,0,0,0,21,0,3,6,6,4,8,0,0,0,27,0,0,6,0,3,0,3,4,0,24,0,0,7,4,3,7,0,0,0,23,0,0,0,4,9,4,0,0,0,16,0,3,0,0,8,8,0,0,0,17,0,0,5,0,10,4,0,0,0,19,0,0,0,0,0,0,0,0,0,3,0,0,0,0,0,0,0,0,0,3,8,0,0,3,7,6,3,0,0,33,0,0,0,0,0,0,0,0,0,0,34,24,34,45,62,59,39,18,5,327
UCL522069,0,0,3,0,7,7,7,8,0,31,0,0,0,0,0,0,3,3,0,18,0,0,0,0,7,3,0,0,0,16,0,0,0,0,0,0,0,0,0,11,0,0,5,0,3,3,4,0,0,16,0,0,0,0,0,6,0,0,0,6,0,0,5,0,0,0,3,0,0,15,0,0,3,0,0,5,0,0,0,15,0,0,0,0,0,4,3,0,0,13,0,0,0,0,0,0,0,0,0,0,0,0,0,0,0,0,0,0,0,0,0,3,5,5,4,0,3,3,0,29,0,0,0,0,0,0,0,0,0,0,12,13,31,28,32,40,51,42,3,253
UCL522070,0,3,0,6,0,3,14,0,0,33,0,3,0,5,0,5,9,4,0,34,0,0,5,3,8,0,4,0,0,23,0,4,3,8,6,6,0,0,0,19,0,0,6,4,0,11,0,0,0,19,0,0,3,3,3,4,0,0,0,14,0,0,0,0,3,0,0,0,0,4,0,0,0,0,4,0,0,0,0,4,0,0,4,4,3,0,0,0,0,9,0,0,0,0,6,0,0,0,0,0,0,0,0,0,0,4,0,0,0,4,0,0,0,0,0,0,4,0,0,14,0,0,0,0,0,0,0,0,0,0,12,23,36,33,40,57,54,13,4,270
UCL522071,0,0,4,9,3,4,5,0,0,13,0,3,3,0,0,0,0,0,0,6,0,0,6,0,3,0,0,0,0,5,0,0,3,0,0,0,0,0,0,0,0,0,0,0,0,0,0,0,0,0,0,0,0,0,0,0,0,0,0,0,0,0,3,0,0,0,0,0,0,3,0,0,0,0,0,0,0,0,0,0,0,0,0,0,0,4,0,0,0,6,0,0,0,0,0,3,0,0,0,3,0,0,0,0,0,0,0,0,0,0,5,0,3,3,0,4,0,0,0,19,0,0,0,0,0,0,0,0,0,0,38,49,75,52,48,26,11,0,0,302
UCL531001,411,372,690,756,939,1488,2746,1407,396,9200,539,614,873,1038,1313,1773,2282,974,155,9563,361,780,948,1099,1390,1773,1694,610,105,8759,259,883,1356,1415,1752,2144,1550,487,82,9922,170,897,1862,1760,2352,2714,1472,364,49,11643,84,688,1614,1679,1953,2153,911,218,24,9324,55,492,1670,1770,2222,2112,734,177,30,9250,45,374,1462,1658,2030,1767,517,119,10,7993,39,699,3621,4186,4876,3725,929,143,18,18237,7,107,1125,1517,1555,1104,269,37,8,5732,19,82,960,1939,2259,1585,518,138,22,7519,1086,2230,7092,6866,6663,5225,2679,1055,184,33088,7,111,290,126,74,75,40,12,5,733,8998,9785,26105,28811,32959,33753,23823,8679,1662,174575
UCL579997,0,5,4,3,4,3,6,0,0,20,0,0,3,0,7,3,7,5,0,28,0,0,7,4,3,5,5,0,0,31,0,3,11,9,4,8,16,4,0,44,4,13,22,15,16,17,8,3,0,92,0,10,22,13,18,12,16,0,0,99,0,12,27,21,25,16,16,0,0,119,3,10,19,25,29,16,3,0,0,105,0,17,78,141,116,79,9,0,0,449,0,0,26,84,65,33,6,0,0,211,0,0,76,185,196,102,13,0,0,578,8,45,221,433,403,220,56,8,0,1394,0,0,33,37,61,29,0,0,4,164,19,121,549,999,951,560,178,32,3,3410
