POA_CODE_2021,Neg_Nil_inc_fam_households,Neg_Nil_inc_Non_fam_househlds,Negative_Nil_income_Tot,HI_1_149_Family_households,HI_1_149_Non_family_hseholds,HI_1_149_Tot,HI_150_299_Family_households,HI_150_299_Non_fam_househlds,HI_150_299_Tot,HI_300_399_Family_households,HI_300_399_Non_fam_househlds,HI_300_399_Tot,HI_400_499_Family_households,HI_400_499_Non_fam_househlds,HI_400_499_Tot,HI_500_649_Family_households,HI_500_649_Non_fam_househlds,HI_500_649_Tot,HI_650_799_Family_households,HI_650_799_Non_fam_househlds,HI_650_799_Tot,HI_800_999_Fam_households,HI_800_999_Non_fam_hsehlds,HI_800_999_Tot,HI_1000_1249_Fam_households,HI_1000_1249_Non_fam_hsehlds,HI_1000_1249_Tot,HI_1250_1499_Fam_households,HI_1250_1499_Non_fam_hsehlds,HI_1250_1499_Tot,HI_1500_1749_Fam_households,HI_1500_1749_Non_fam_hsehlds,HI_1500_1749_Tot,HI_1750_1999_Fam_households,HI_1750_1999_Non_fam_hsehlds,HI_1750_1999_Tot,HI_2000_2499_Fam_households,HI_2000_2499_Non_fam_hsehlds,HI_2000_2499_Tot,HI_2500_2999_Fam_households,HI_2500_2999_Non_fam_hsehlds,HI_2500_2999_Tot,HI_3000_3499_Fam_households,HI_3000_3499_Non_fam_hsehlds,HI_3000_3499_Tot,HI_3500_3999_Fam_households,HI_3500_3999_Non_fam_hsehlds,HI_3500_3999_Tot,HI_4000_more_Fam_households,HI_4000_more_Non_fam_hsehlds,HI_4000_more_Tot,Part_inc_stated_Fam_household,Part_inc_std_Non_fam_hhds,Partial_income_stated_Tot,All_incomes_ns_Famly_househld,All_inc_ns_Non_famly_househld,All_incomes_not_stated_Tot,Tot_Family_households,Tot_Non_family_households,Tot_Tot
POA6000,47,129,181,6,29,34,7,63,74,12,129,143,24,160,183,34,144,180,76,138,209,92,190,285,106,279,385,142,265,406,121,268,390,158,257,414,364,537,902,268,62,330,251,186,432,190,35,221,595,279,873,245,109,352,16,38,57,2755,3305,6064
POA6003,7,32,37,0,5,11,0,27,31,3,40,44,9,57,72,5,42,52,18,32,54,23,59,80,35,95,130,51,87,138,37,76,110,41,76,120,95,127,219,101,25,128,69,44,111,43,15,59,160,48,205,74,37,112,4,11,21,790,933,1724
POA6004,47,116,161,10,20,26,16,60,77,8,110,119,24,170,197,26,144,169,70,106,173,80,148,229,124,232,358,157,207,372,136,240,376,147,186,330,358,414,776,249,48,304,258,142,400,163,23,183,688,252,941,217,92,312,11,34,49,2817,2748,5564
POA6005,16,44,66,4,15,19,8,45,51,5,90,94,7,105,110,17,92,107,29,72,100,41,114,153,33,130,162,63,147,206,57,125,183,67,125,194,148,208,361,132,25,158,124,71,200,100,14,112,323,165,491,93,56,152,3,28,31,1287,1661,2949
POA6006,21,42,60,3,17,22,6,35,38,10,87,95,23,124,152,24,107,131,59,82,140,64,84,154,112,99,209,98,97,197,81,108,192,83,88,169,214,206,416,219,37,259,211,70,282,170,18,182,838,111,948,149,66,214,14,21,36,2398,1483,3883
POA6007,18,25,47,7,9,12,10,24,28,9,51,55,16,102,125,24,98,123,38,76,112,47,88,135,53,100,154,97,110,205,63,113,173,80,90,171,191,221,411,186,31,213,170,66,237,130,25,150,752,150,894,154,55,208,3,14,18,2035,1448,3478
POA6008,38,70,108,12,37,48,9,77,84,16,173,187,29,283,315,49,213,260,97,150,247,104,164,277,145,198,349,163,197,363,112,223,333,186,148,337,388,337,721,299,32,338,299,106,397,252,21,280,1571,267,1840,289,41,331,20,54,67,4075,2790,6864
POA6009,55,85,141,18,39,55,29,45,67,12,80,96,40,125,163,34,177,207,94,106,198,121,124,245,173,140,315,183,113,295,145,108,248,180,92,272,358,177,540,257,24,279,237,61,297,174,11,184,2028,181,2210,339,63,405,22,22,53,4505,1773,6274
POA6010,41,76,116,28,40,72,16,57,72,18,125,142,39,267,310,51,204,256,111,143,254,137,168,308,147,174,319,218,149,371,144,131,278,186,120,305,362,214,579,307,19,323,304,77,380,265,4,267,2034,174,2214,392,51,446,26,65,92,4832,2264,7093
POA6011,25,35,59,13,9,22,9,19,28,0,42,43,20,55,78,20,63,81,37,53,81,43,63,102,56,77,134,67,55,123,47,57,101,70,53,124,151,126,275,124,5,136,132,51,187,113,6,117,1258,166,1425,227,36,263,19,20,40,2435,979,3415
POA6012,27,43,69,15,18,33,8,57,67,11,87,101,29,176,201,31,122,148,40,88,130,67,100,169,86,103,188,88,91,178,76,72,146,87,43,127,154,104,257,125,11,143,164,25,193,88,4,90,942,71,1016,209,20,225,15,26,40,2247,1272,3520
POA6014,38,71,115,27,30,56,23,65,88,13,122,136,51,263,313,65,260,329,127,207,341,152,213,364,232,265,493,304,216,516,219,166,388,254,112,372,480,230,710,405,20,429,409,56,464,299,9,309,2300,119,2415,397,46,443,25,45,77,5827,2530,8358
POA6015,15,18,34,10,3,12,0,8,14,4,26,29,12,50,61,10,41,49,33,33,65,42,34,70,67,39,101,62,30,91,37,21,56,55,18,70,101,42,138,91,0,96,98,9,110,72,4,75,951,41,998,174,4,181,19,20,39,1857,448,2309
POA6016,20,33,53,6,16,23,8,45,58,9,73,84,34,159,191,35,113,144,76,70,144,75,83,154,115,103,221,112,91,205,108,75,185,104,83,181,314,136,448,256,21,285,268,37,307,186,14,197,928,68,997,168,23,191,14,28,41,2843,1265,4109
POA6017,15,21,34,0,11,12,0,31,34,3,71,77,16,141,154,16,72,92,49,61,117,52,76,127,71,110,183,99,108,206,85,91,177,86,57,133,175,117,288,112,7,117,80,20,96,65,3,70,85,21,109,69,19,87,9,20,28,1085,1056,2146
POA6018,100,152,251,41,58,98,53,174,227,39,306,347,139,718,857,142,398,538,355,320,672,399,297,697,465,346,808,522,302,824,392,320,707,445,263,710,1073,515,1586,1001,77,1076,1020,159,1178,767,46,806,3179,260,3437,932,155,1084,67,117,187,11117,4983,16105
POA6019,48,101,145,20,44,60,18,85,105,21,137,162,58,310,365,83,267,353,161,221,385,177,242,421,284,284,565,311,297,607,233,237,470,261,235,495,632,511,1145,520,61,582,602,162,766,406,31,441,1800,249,2056,582,190,776,48,48,97,6262,3717,9981
POA6020,46,57,105,35,36,71,32,76,109,12,90,100,94,257,347,79,190,262,207,137,347,244,124,371,306,125,430,314,106,420,209,79,288,258,69,324,597,135,732,439,8,448,527,44,570,402,4,408,2043,80,2127,480,30,512,51,51,106,6385,1703,8083
POA6021,78,79,156,20,29,50,31,100,134,31,173,201,107,447,550,90,200,282,338,141,481,259,152,418,294,215,503,334,176,515,267,162,428,293,146,441,688,197,879,522,23,553,463,50,513,323,9,330,1100,67,1166,437,39,476,70,80,147,5730,2492,8218
POA6022,7,14,23,5,0,4,5,13,13,5,22,26,17,82,99,21,46,71,64,36,100,82,43,120,101,43,144,96,37,134,82,34,120,81,16,97,186,46,228,167,0,164,128,9,133,91,0,91,221,3,230,137,9,148,13,10,18,1519,464,1981
POA6023,38,28,69,21,26,41,18,33,49,12,49,67,60,166,225,56,111,164,137,85,222,151,90,237,220,73,287,237,56,296,183,73,256,171,40,215,439,72,512,395,4,399,484,28,511,311,0,315,1168,31,1199,384,22,405,44,31,69,4532,1006,5543
POA6024,27,38,67,20,17,33,18,38,57,25,88,117,62,192,254,54,130,177,177,82,261,175,98,282,253,99,351,267,99,364,184,69,255,193,75,267,459,97,556,434,9,446,356,28,382,270,3,279,566,36,600,353,28,380,20,31,52,3911,1256,5168
POA6025,71,82,156,32,31,61,43,72,117,38,158,200,127,335,462,132,256,390,398,185,584,388,192,582,481,220,699,507,192,703,396,169,561,408,142,546,1020,242,1258,891,32,920,793,55,847,587,14,603,1924,55,1978,853,65,925,79,61,144,9163,2561,11726
POA6026,57,65,119,31,22,54,21,47,65,18,84,107,90,312,399,67,235,297,304,116,419,277,122,397,352,134,486,371,98,462,289,69,364,291,72,364,702,138,839,688,16,700,638,28,668,446,5,448,1298,32,1327,566,17,582,48,44,87,6552,1639,8195
POA6027,95,129,227,51,40,86,40,80,117,64,219,285,162,517,678,159,333,496,507,250,754,512,304,819,617,346,961,672,286,957,577,247,826,618,211,828,1389,349,1735,1169,53,1219,1191,87,1280,730,22,750,2053,94,2150,1233,87,1321,98,84,184,11922,3746,15667
POA6028,56,36,96,25,12,35,22,29,52,24,57,81,62,118,178,71,126,199,222,64,292,202,76,279,273,94,367,308,75,386,275,90,365,273,64,339,714,96,814,648,9,657,649,33,679,487,4,491,1705,43,1746,740,20,761,62,20,82,6810,1068,7877
POA6029,4,3,11,0,4,7,5,11,11,0,3,6,7,35,37,6,36,40,24,13,43,20,15,33,27,12,42,36,14,50,20,8,33,20,10,31,60,14,73,57,3,57,48,8,53,53,0,52,314,12,324,64,13,75,13,8,19,781,217,1001
POA6030,93,100,192,33,44,76,37,101,134,59,193,253,152,493,642,210,318,535,569,207,781,569,271,845,621,297,920,755,243,999,581,224,803,625,176,804,1426,249,1678,1090,26,1117,912,56,971,546,13,564,1459,59,1521,1248,60,1309,123,92,218,11108,3235,14343
POA6031,46,30,70,15,10,26,18,19,39,18,43,57,58,93,150,75,53,132,166,57,224,182,102,282,230,118,350,309,116,420,270,82,354,321,67,386,765,102,867,571,8,584,491,26,522,270,4,271,617,32,651,589,25,615,50,24,73,5050,1022,6071
POA6032,0,0,0,0,0,0,0,0,3,0,0,0,0,0,0,0,0,0,0,0,0,3,0,3,3,0,0,11,3,15,3,0,3,0,0,3,4,0,4,3,0,3,6,0,9,5,0,5,5,0,11,5,0,3,0,0,0,49,18,67
POA6033,3,0,3,0,0,0,0,0,7,0,3,3,0,3,0,0,0,0,3,0,3,6,0,8,0,0,0,6,0,11,3,0,3,4,0,4,9,3,13,15,0,15,9,0,9,13,0,13,23,0,23,14,0,14,5,0,5,113,21,131
POA6034,3,4,15,3,0,3,0,0,0,3,6,16,10,19,25,21,11,37,29,0,38,29,16,42,53,26,85,67,25,88,71,31,103,69,15,91,200,26,223,110,6,113,89,4,98,39,0,39,76,0,75,141,4,142,11,8,19,1027,206,1237
POA6035,31,27,62,3,12,12,7,25,35,15,48,68,45,130,177,75,84,163,174,36,209,157,65,221,170,69,232,205,67,273,146,47,195,151,41,191,406,74,480,257,9,266,228,18,241,120,0,122,253,16,268,457,10,472,27,26,55,2926,809,3740
POA6036,43,47,85,12,13,24,15,43,58,33,78,108,77,148,222,91,116,204,194,84,284,199,116,314,251,143,395,294,108,408,253,89,341,272,85,362,623,108,733,492,17,503,393,28,422,243,4,247,593,34,627,602,30,633,38,22,59,4717,1310,6024
POA6037,13,12,25,4,4,10,14,12,26,13,32,39,18,55,75,22,32,53,72,21,94,37,31,68,55,35,92,58,13,63,50,19,69,48,29,77,105,28,127,82,8,85,52,7,61,41,0,41,99,5,105,198,3,197,15,14,27,992,355,1350
POA6038,23,17,42,4,7,9,10,7,22,14,28,42,27,47,71,47,37,87,97,33,132,100,71,165,128,94,219,184,92,274,176,66,248,153,47,206,400,85,486,344,7,353,284,15,298,143,3,144,292,16,300,365,12,381,22,20,35,2816,710,3521
POA6041,0,7,7,0,0,0,0,4,3,3,18,24,13,31,42,4,19,27,46,4,54,32,6,37,21,6,32,30,7,40,18,6,23,27,4,34,49,3,49,27,0,27,21,0,20,13,0,13,36,5,35,71,0,72,8,4,11,432,125,555
POA6042,0,0,0,0,0,0,0,0,0,0,3,5,3,3,8,4,0,4,0,0,0,0,3,3,0,5,5,0,0,0,3,0,0,0,0,0,3,6,8,3,0,3,0,0,0,0,0,0,0,0,3,0,0,0,0,0,0,20,18,42
POA6043,0,0,3,0,0,0,0,4,4,0,0,0,0,16,16,3,4,5,0,0,0,0,0,0,6,3,15,5,4,7,0,5,4,6,0,13,4,0,3,0,0,0,0,0,0,0,0,3,4,0,4,10,0,10,0,5,7,72,48,115
POA6044,8,7,18,5,8,9,4,8,11,0,13,16,13,29,44,5,14,27,31,9,47,30,20,50,15,15,23,19,9,29,8,18,27,15,10,21,30,13,38,24,4,29,15,4,24,7,0,10,23,4,28,56,3,57,9,11,17,318,206,523
POA6050,24,58,82,13,26,37,18,59,82,16,131,146,42,259,297,34,251,282,123,146,264,111,190,301,158,234,400,170,218,384,132,166,303,151,126,278,330,258,590,273,22,297,265,86,354,211,13,225,1464,142,1609,289,56,346,33,49,75,3859,2493,6358
POA6051,31,84,112,9,25,36,19,90,102,15,198,215,45,319,362,35,266,299,133,204,337,123,260,383,152,320,467,216,265,475,157,224,381,162,189,354,394,357,752,304,43,351,285,87,379,213,13,229,621,99,716,252,92,343,19,51,68,3185,3168,6351
POA6052,36,74,110,14,17,30,22,57,73,8,99,106,38,218,259,33,138,172,108,98,206,101,109,214,128,124,255,159,117,278,132,88,221,139,66,205,303,160,464,261,23,280,316,37,356,240,6,247,823,53,879,215,34,248,23,34,57,3110,1552,4660
POA6053,25,49,74,19,24,42,6,57,68,21,110,128,58,311,368,65,171,240,161,91,258,136,154,289,174,146,324,212,139,353,169,126,297,224,113,330,401,214,615,419,29,443,424,40,467,326,18,343,916,79,991,347,55,404,26,59,84,4121,1986,6111
POA6054,34,84,120,18,28,51,22,75,99,42,200,242,94,474,564,106,270,380,341,175,511,286,215,501,349,244,591,377,200,578,300,172,465,287,140,423,706,240,948,567,33,595,462,43,504,321,13,334,704,45,752,461,48,510,57,90,146,5528,2794,8317
POA6055,46,67,118,21,28,53,17,50,65,26,87,111,68,196,266,114,182,291,244,89,339,242,161,402,378,224,603,521,225,742,485,186,673,532,173,705,1354,266,1621,1109,33,1138,835,55,895,514,13,528,1130,77,1210,869,63,930,61,37,97,8563,2216,10778
POA6056,108,206,315,38,55,100,67,183,252,51,395,446,186,889,1080,236,521,763,658,338,994,601,444,1042,679,524,1200,828,397,1225,555,322,876,614,231,838,1389,329,1724,1025,26,1056,787,84,869,490,14,499,1182,91,1270,1089,104,1192,129,192,328,10722,5348,16072
POA6057,44,69,115,17,18,34,19,34,53,28,75,97,66,206,272,77,169,242,246,106,352,203,120,325,289,152,441,307,112,425,230,106,340,257,92,350,618,149,764,503,21,525,409,31,434,237,7,239,539,31,569,489,39,525,57,47,100,4621,1581,6204
POA6058,29,41,69,21,21,39,10,41,53,23,97,124,58,233,287,67,167,232,200,85,286,169,122,297,213,150,361,261,122,385,228,103,328,222,60,282,494,117,616,362,14,376,292,25,325,171,0,171,311,39,345,387,31,418,44,41,89,3568,1521,5096
POA6059,71,130,201,29,55,80,30,119,146,27,199,224,114,546,658,126,345,469,354,206,560,307,248,548,353,241,591,413,195,617,302,188,492,335,143,478,717,226,942,619,27,645,536,63,600,405,11,410,1185,70,1255,453,60,507,65,81,144,6441,3139,9579
POA6060,58,132,188,26,49,69,30,112,145,37,283,318,99,605,701,126,474,599,268,316,580,286,377,662,369,489,855,440,414,856,376,391,766,358,286,642,865,527,1396,603,58,662,563,116,677,428,31,458,1105,161,1267,446,96,543,63,92,154,6540,4998,11535
POA6061,126,213,340,36,60,96,74,210,285,93,392,485,241,901,1146,298,445,745,699,303,1002,692,482,1180,781,586,1367,938,514,1448,734,387,1121,695,283,982,1392,445,1837,875,72,947,619,115,738,316,33,351,540,115,652,809,158,966,122,148,270,10095,5854,15948
POA6062,114,160,277,46,43,86,31,125,153,57,209,268,168,639,814,199,325,522,617,231,845,493,300,792,599,332,926,700,277,975,512,234,744,521,198,716,1186,303,1483,883,37,921,791,74,872,456,23,476,1053,82,1136,759,89,847,80,102,178,9262,3763,13028
POA6063,47,46,95,17,22,39,21,53,66,26,80,105,52,182,235,74,82,157,204,79,285,205,99,299,271,125,394,322,93,409,257,60,319,258,51,309,522,79,597,424,12,435,248,26,275,164,4,166,295,23,320,353,22,379,50,24,77,3810,1149,4956
POA6064,120,114,232,28,30,62,52,120,169,61,231,290,178,561,734,204,223,428,565,175,744,520,248,768,585,294,884,685,225,916,577,169,739,524,114,636,1052,149,1199,712,26,738,484,31,515,297,3,301,481,38,524,655,53,709,80,92,175,7869,2892,10758
POA6065,113,138,256,42,44,96,53,104,153,86,226,312,189,637,828,258,514,770,714,284,999,692,328,1026,837,363,1203,1062,325,1389,943,319,1257,1071,223,1288,2462,389,2847,2311,36,2348,1819,80,1904,1217,19,1236,2664,97,2761,1827,62,1891,168,156,330,18541,4354,22888
POA6066,49,52,99,17,20,36,16,45,65,18,84,105,75,201,279,97,94,193,276,74,353,283,102,382,351,118,472,355,107,458,314,79,393,305,65,368,680,86,766,514,12,529,353,8,362,258,8,263,455,17,471,456,29,486,50,30,82,4930,1252,6177
POA6067,0,0,0,0,0,0,0,0,0,0,0,0,0,0,0,0,0,0,0,0,0,0,0,0,0,0,0,0,0,0,0,0,0,0,0,0,0,0,0,0,0,0,0,0,0,0,0,0,0,0,0,0,0,0,0,0,0,7,3,8
POA6068,0,0,0,0,0,0,0,0,0,0,0,0,0,0,0,0,0,0,0,0,0,0,0,0,0,0,0,0,0,0,0,0,0,0,0,0,0,0,0,0,0,0,0,0,0,0,0,0,0,0,0,0,0,0,0,0,0,0,0,0
POA6069,76,92,166,34,27,55,39,62,103,60,128,182,125,330,455,180,202,386,512,162,680,432,226,654,642,335,977,733,305,1045,671,262,929,755,195,951,1829,297,2124,1365,44,1403,1100,77,1167,661,9,676,1516,59,1578,1446,75,1518,106,73,182,12283,2958,15238
POA6070,9,13,16,3,5,12,6,14,20,3,12,19,12,34,46,14,22,34,37,11,50,35,14,52,54,20,68,54,17,67,34,10,42,51,9,65,106,14,124,101,5,104,102,9,110,61,0,61,268,16,284,113,3,115,8,4,10,1076,228,1305
POA6071,7,7,16,0,0,4,0,10,11,3,18,18,7,35,44,11,21,32,40,19,52,35,18,54,55,20,72,65,19,88,47,23,69,41,19,57,90,16,104,108,3,108,100,8,105,58,0,58,203,3,210,116,6,118,8,6,15,997,237,1236
POA6072,0,0,3,0,0,0,0,0,0,0,3,3,0,7,8,3,3,6,8,8,22,4,7,15,15,7,24,14,7,19,8,0,8,15,0,18,25,7,31,20,0,21,23,0,24,9,0,9,49,0,49,39,0,39,0,0,0,237,61,295
POA6073,4,8,14,4,5,8,10,9,20,0,17,21,16,68,79,20,44,67,48,12,65,45,21,71,66,20,85,43,19,56,35,8,43,48,6,60,108,14,123,81,0,86,78,4,84,52,0,52,134,3,142,101,0,107,10,10,18,908,280,1191
POA6074,4,0,6,0,0,4,3,0,3,3,0,3,9,6,10,3,9,9,15,7,26,16,0,14,25,4,32,25,6,24,14,4,18,19,0,15,35,11,46,18,0,23,27,0,31,15,0,15,43,0,43,36,0,37,0,0,0,292,61,354
POA6076,57,56,119,32,32,60,34,72,104,25,122,150,97,308,402,88,220,302,305,133,442,285,144,428,385,147,529,407,106,511,259,85,337,295,62,358,643,108,749,540,4,547,525,27,553,427,5,423,1279,37,1319,571,20,591,54,54,110,6299,1736,8039
POA6077,8,8,13,0,0,3,0,8,7,4,8,10,7,21,29,6,33,38,24,12,45,25,8,32,32,9,44,37,4,44,18,4,21,18,0,19,36,5,41,35,0,36,25,0,29,17,0,16,79,6,88,64,3,66,14,6,19,454,145,592
POA6078,5,0,7,4,0,3,3,0,0,0,0,0,3,0,3,3,0,7,8,3,13,12,4,18,12,4,22,10,5,20,11,5,17,11,0,15,20,0,25,28,0,31,15,0,17,12,3,13,44,5,47,25,0,26,0,0,0,234,47,279
POA6079,0,0,0,0,0,0,0,0,0,0,0,0,0,0,0,3,0,3,0,0,0,0,0,0,0,0,0,0,0,0,0,0,0,0,0,0,3,0,4,3,0,3,0,0,0,0,0,0,0,0,0,0,0,0,0,0,0,13,0,16
POA6081,13,13,21,8,4,7,3,4,10,3,20,23,18,39,51,13,22,38,61,13,78,46,16,61,74,20,97,63,30,92,49,15,65,82,14,95,154,31,182,135,0,141,123,4,130,95,0,95,258,6,266,188,12,199,18,8,27,1400,273,1677
POA6082,4,8,17,0,0,0,4,12,8,6,9,19,15,34,51,10,15,26,47,13,60,46,19,60,62,12,76,55,16,74,33,20,50,45,17,64,106,20,124,88,0,88,76,9,86,48,0,48,137,4,142,156,4,157,12,4,17,946,221,1170
POA6083,3,18,27,9,0,4,0,6,9,3,4,9,7,32,40,9,4,16,51,3,54,34,13,47,39,28,69,61,8,70,40,15,51,36,4,43,100,14,115,91,0,91,92,12,105,60,0,60,186,3,196,154,5,155,14,7,24,1002,183,1188
POA6084,24,24,46,8,11,22,5,11,13,8,28,34,25,68,100,38,37,76,87,21,110,98,46,136,113,45,163,137,43,186,118,38,155,123,28,151,293,49,338,233,4,241,190,12,203,145,0,149,343,17,357,395,10,408,30,10,42,2434,498,2925
POA6090,0,0,0,0,0,0,0,0,0,0,0,0,0,0,0,0,0,0,0,0,0,0,0,0,0,0,0,0,4,4,0,0,0,0,0,0,0,0,0,0,0,0,0,0,0,0,0,0,0,0,0,0,0,0,0,0,0,0,3,4
POA6100,36,96,133,6,27,35,19,62,84,20,150,168,36,240,277,53,214,269,125,175,301,140,236,375,166,281,443,246,248,490,215,217,429,207,167,371,505,346,856,378,47,427,340,96,436,270,25,293,903,144,1044,310,103,415,29,40,67,4003,2920,6920
POA6101,40,92,134,4,35,45,10,93,102,18,175,192,50,305,353,74,214,280,149,134,289,141,176,313,193,219,405,237,191,425,194,185,382,216,140,350,497,338,832,442,54,497,427,97,524,315,21,343,920,101,1020,346,108,458,22,52,79,4306,2727,7034
POA6102,36,75,113,11,33,44,12,85,101,23,155,178,45,352,395,54,299,354,147,143,285,140,170,309,146,201,347,226,154,384,133,129,266,162,104,267,370,194,564,242,65,313,217,54,271,103,21,128,323,103,428,211,148,360,22,79,97,2627,2568,5195
POA6103,21,61,82,7,20,31,10,54,67,23,121,146,34,231,267,39,138,176,103,102,203,117,147,262,122,218,342,176,207,377,153,180,333,149,132,270,369,291,662,268,37,307,234,74,307,180,18,196,391,85,474,228,81,306,14,44,64,2644,2235,4873
POA6104,45,65,114,12,26,38,16,77,93,30,142,173,66,317,383,72,145,219,162,114,279,181,162,342,201,193,400,246,174,423,197,148,338,199,111,313,482,199,678,358,28,387,301,63,365,204,13,221,530,73,600,341,78,422,33,59,93,3687,2191,5881
POA6105,55,73,131,13,17,36,18,61,75,36,149,187,63,338,398,77,153,231,237,113,350,203,186,389,247,219,466,323,178,508,259,174,430,251,111,362,569,179,742,393,32,428,306,46,358,205,20,223,367,57,425,352,77,429,51,49,99,4030,2236,6262
POA6106,0,0,0,0,0,0,0,0,0,0,0,0,0,0,0,0,0,0,0,0,0,0,0,0,0,0,0,0,0,0,0,0,0,0,0,0,0,0,0,0,0,0,0,0,0,0,0,0,0,0,0,0,0,0,0,0,0,0,6,6
POA6107,114,193,309,43,66,112,53,160,210,70,287,362,178,636,819,215,358,571,581,270,855,536,399,934,741,480,1222,853,413,1270,719,368,1085,780,232,1016,1700,376,2071,1329,104,1433,979,133,1111,555,54,606,1174,138,1312,1048,232,1278,114,127,237,11780,5022,16801
POA6108,95,77,175,23,19,40,27,72,107,42,150,193,115,325,443,133,194,324,413,149,561,397,171,565,473,178,652,509,151,661,379,115,493,427,109,534,905,122,1028,592,22,614,484,31,515,275,3,280,505,33,533,530,33,564,71,48,120,6405,2001,8401
POA6109,38,55,91,12,17,32,22,45,65,26,105,135,71,251,319,62,153,221,214,95,308,207,125,336,251,159,411,270,101,376,203,81,283,214,62,272,423,83,503,277,7,285,199,25,220,95,6,99,169,23,196,329,34,362,30,40,72,3110,1473,4583
POA6110,122,136,258,35,37,75,49,126,175,72,310,389,184,654,841,250,462,710,675,253,933,580,334,913,688,397,1084,848,288,1136,741,253,989,716,162,872,1559,258,1819,1144,34,1184,894,47,943,495,11,510,1081,55,1140,1071,72,1147,107,117,230,11318,4019,15341
POA6111,61,94,156,31,26,57,33,90,125,31,192,218,120,384,509,139,243,383,384,176,560,380,218,593,427,242,674,487,164,641,373,140,515,396,100,490,792,139,933,554,16,570,506,37,535,293,6,302,699,41,740,593,51,641,61,79,138,6357,2438,8790
POA6112,142,173,317,44,51,90,58,159,216,81,323,401,244,777,1019,323,524,844,835,308,1142,762,475,1241,1059,565,1624,1262,487,1744,1127,379,1507,1208,280,1491,2675,397,3074,2044,36,2080,1661,81,1746,926,18,946,1953,81,2037,1794,109,1900,183,154,340,18390,5378,23762
POA6121,12,0,15,3,0,3,3,3,3,0,3,8,11,13,23,9,11,23,41,8,41,24,11,36,38,9,52,45,10,57,29,13,40,41,9,52,70,10,88,75,0,76,59,4,65,50,0,50,192,8,199,112,9,118,12,3,14,831,125,956
POA6122,28,32,63,14,10,24,18,31,48,23,38,64,65,103,171,94,74,165,196,59,258,191,85,271,242,137,387,344,121,460,342,108,450,381,104,486,901,134,1038,689,14,706,522,28,549,294,8,301,656,25,682,694,35,733,50,21,71,5752,1166,6922
POA6123,8,5,11,0,0,0,3,8,13,3,5,7,7,11,15,5,10,10,34,12,44,27,9,33,34,14,49,37,12,52,34,11,43,44,3,46,90,19,113,78,0,78,52,7,63,18,0,18,53,7,60,74,0,76,4,0,3,608,129,733
POA6124,0,4,12,0,0,6,0,0,0,0,15,14,5,10,13,6,4,7,18,6,28,19,6,21,15,5,20,12,9,26,16,3,17,11,10,18,44,4,46,42,0,42,36,3,40,13,0,13,43,3,51,46,0,50,6,7,14,338,92,433
POA6125,9,8,15,4,4,8,0,6,11,3,15,15,14,32,46,7,33,37,49,13,58,37,10,49,48,13,62,42,14,56,24,15,34,50,9,60,99,8,112,72,0,75,82,5,85,46,0,44,149,4,151,149,3,151,11,11,24,892,207,1100
POA6126,0,0,4,0,0,0,0,0,0,0,0,0,0,0,3,0,6,7,8,0,8,7,4,8,0,4,4,3,0,4,0,0,8,5,0,5,5,0,5,0,0,0,0,0,0,7,0,7,8,0,8,7,0,7,3,0,3,67,24,86
POA6147,41,76,111,25,20,47,28,60,84,20,96,117,66,283,355,96,153,250,266,120,388,233,122,355,350,158,511,312,123,436,253,97,346,256,59,313,546,114,661,357,31,392,262,29,283,176,9,181,299,31,331,325,39,362,38,34,70,3953,1652,5599
POA6148,62,55,120,23,24,54,29,59,85,11,131,143,83,296,374,82,169,254,244,108,355,234,137,375,281,136,416,331,119,448,228,95,327,263,54,311,584,99,680,433,15,448,436,28,467,284,5,291,1087,46,1136,391,24,410,22,32,54,5099,1641,6740
POA6149,45,54,100,29,27,57,30,38,66,20,79,95,88,228,317,63,172,236,208,97,305,209,124,334,296,79,377,323,77,403,227,72,299,250,52,303,566,91,655,481,13,497,523,31,548,332,0,330,1220,33,1258,421,21,442,41,29,76,5380,1311,6694
POA6150,46,38,80,33,11,54,28,42,69,14,51,66,59,114,177,47,85,131,155,49,204,182,55,231,189,58,249,211,47,254,135,46,181,158,33,195,357,51,408,265,5,270,269,22,292,205,7,208,858,33,896,266,25,291,29,15,48,3505,792,4298
POA6151,60,125,183,14,40,58,22,66,87,19,106,130,43,221,271,58,227,284,105,147,251,117,177,295,167,249,421,256,210,468,172,210,388,202,170,374,426,345,768,331,29,359,334,101,438,262,18,276,1488,222,1706,330,84,407,38,51,88,4449,2810,7254
POA6152,68,133,194,26,56,80,41,114,158,29,223,253,99,452,549,124,361,484,248,229,479,247,282,526,306,306,613,353,267,623,287,264,555,300,195,497,685,376,1058,571,59,626,554,101,656,356,23,379,1807,154,1966,497,120,624,46,73,117,6641,3798,10438
POA6153,73,75,147,37,32,66,32,62,93,23,117,140,67,232,299,57,206,259,173,153,325,179,158,342,257,186,435,300,159,463,233,139,376,251,112,358,522,221,742,419,26,444,445,58,511,311,13,327,2138,159,2292,435,41,468,39,35,76,5994,2179,8174
POA6154,22,43,66,17,24,33,3,33,43,7,69,76,39,197,238,37,120,155,110,79,189,119,94,209,127,94,217,172,45,221,94,60,164,117,58,180,278,106,382,237,9,248,253,28,280,174,7,183,753,39,790,229,26,247,18,46,60,2815,1168,3980
POA6155,153,104,253,60,39,98,55,72,129,76,130,201,172,329,499,187,225,414,513,146,663,510,203,715,698,212,908,817,180,999,717,133,848,720,131,853,1714,234,1946,1504,21,1526,1353,43,1400,907,10,922,2601,74,2678,1348,55,1402,96,60,155,14198,2400,16599
POA6156,50,77,129,33,30,58,19,65,84,20,136,155,78,309,387,86,206,286,159,125,296,149,132,281,207,146,355,222,125,342,166,134,303,201,87,295,461,185,647,395,20,418,423,45,473,311,4,317,1380,81,1455,401,26,430,41,54,89,4806,1985,6792
POA6157,26,61,92,17,26,44,13,83,96,11,128,142,57,354,413,50,219,277,170,154,322,132,167,304,203,184,389,190,162,359,147,151,301,154,115,272,396,210,609,368,18,381,366,46,417,253,5,260,912,65,974,323,30,351,29,50,77,3833,2226,6055
POA6158,17,34,50,8,13,21,0,30,32,4,45,49,20,106,125,28,85,114,61,59,122,53,58,105,81,62,146,113,72,185,72,57,132,76,40,117,179,83,267,131,8,144,159,23,190,118,0,120,731,50,782,184,19,204,13,20,25,2058,860,2913
POA6159,7,22,30,6,7,9,5,23,31,0,36,36,5,67,72,12,39,53,31,35,64,21,30,53,47,37,79,51,37,85,31,26,55,42,35,79,87,55,142,81,7,83,87,26,117,57,3,62,372,91,470,94,15,103,5,15,16,1032,625,1659
POA6160,17,60,74,11,24,33,8,71,77,8,119,134,26,229,257,24,138,161,87,93,185,88,135,218,98,154,247,91,138,229,84,119,205,97,126,224,218,218,436,174,28,200,180,66,252,131,4,136,586,112,695,192,68,261,11,39,51,2137,1933,4068
POA6161,0,0,0,0,0,0,0,0,0,0,0,0,0,0,0,0,0,0,0,0,0,0,6,9,0,3,3,0,6,6,0,0,0,4,3,4,13,0,11,5,0,5,3,5,3,0,0,3,0,0,0,0,9,6,0,5,5,24,32,61
POA6162,31,52,81,9,25,33,21,63,85,22,136,158,50,256,308,53,141,196,125,107,234,144,107,245,161,127,288,164,106,269,130,61,198,139,73,214,293,151,446,260,27,286,279,54,331,200,3,202,769,71,841,277,72,345,29,35,64,3153,1682,4832
POA6163,143,237,381,70,86,154,82,254,337,99,521,620,273,1225,1503,279,667,944,891,408,1299,733,557,1290,845,618,1462,914,491,1408,775,451,1230,768,370,1133,1786,597,2379,1384,79,1461,1209,157,1365,811,29,843,2170,183,2356,1289,204,1498,136,208,349,14659,7334,21996
POA6164,117,137,250,57,46,105,56,111,172,74,210,283,173,527,703,224,291,518,593,261,850,628,345,975,764,500,1259,959,476,1444,868,417,1289,966,330,1296,2498,556,3057,2120,76,2199,1941,143,2080,1293,30,1319,2881,165,3045,1718,142,1860,103,109,215,18032,4867,22897
POA6165,0,0,0,0,0,0,0,0,0,0,0,0,0,0,0,0,0,0,4,0,5,0,0,0,0,0,4,0,0,0,0,0,0,0,0,0,5,0,5,0,0,0,0,0,0,0,0,4,0,0,0,3,0,3,0,0,0,13,8,20
POA6166,45,45,89,7,15,19,13,25,43,15,57,70,47,125,173,51,75,133,154,60,214,101,63,162,134,71,211,136,60,193,116,62,180,131,58,187,364,70,430,310,5,323,281,12,293,202,0,199,602,31,630,271,11,283,36,21,55,3030,860,3888
POA6167,58,87,145,22,36,56,38,106,141,52,217,274,127,481,610,190,275,466,423,162,584,402,262,665,425,293,721,509,227,742,441,219,663,442,141,584,887,215,1104,725,30,759,553,42,596,331,11,339,517,42,563,761,73,835,74,88,161,6981,3015,9994
POA6168,76,123,197,22,49,65,44,114,154,49,327,377,149,793,944,178,545,724,530,278,809,469,342,818,498,354,853,495,252,752,378,218,591,354,164,519,678,217,897,529,21,554,371,55,425,211,8,216,441,56,500,649,72,718,94,160,253,6221,4148,10370
POA6169,109,108,222,42,45,85,45,134,177,52,289,339,182,665,843,255,440,693,641,256,893,588,295,881,617,333,957,655,271,929,554,245,799,540,151,690,1156,271,1430,821,30,850,695,57,754,419,13,428,920,61,981,1101,72,1170,103,118,225,9508,3838,13350
POA6170,24,26,51,14,15,23,9,19,33,24,37,62,41,96,135,87,59,145,155,48,202,161,93,249,226,127,358,283,125,412,296,108,403,320,85,400,710,130,840,513,19,531,402,23,429,240,7,249,454,21,475,568,42,605,29,25,54,4544,1104,5648
POA6171,68,62,131,26,14,45,29,46,77,32,95,129,91,235,324,168,216,387,419,128,545,367,169,533,432,235,672,524,230,751,520,206,725,582,159,746,1372,270,1646,1045,35,1079,936,67,1005,645,4,653,1266,54,1318,1428,70,1500,91,49,147,10039,2361,12397
POA6172,24,27,42,11,7,18,18,26,39,24,46,71,43,139,185,71,71,144,200,51,257,185,57,244,175,74,250,214,59,275,204,58,262,201,39,237,464,95,560,379,9,387,341,16,356,162,5,167,392,15,412,487,30,518,47,25,71,3629,860,4488
POA6173,23,19,44,9,3,18,8,13,16,13,23,38,31,44,72,35,27,72,102,30,128,93,32,127,124,42,167,128,37,159,127,39,170,159,29,185,402,86,490,355,7,358,379,21,403,249,3,250,630,13,648,498,14,514,30,9,33,3379,487,3872
POA6174,14,15,31,6,3,3,8,12,23,5,17,25,27,47,75,45,27,73,57,22,77,66,28,100,69,48,123,84,53,136,78,34,115,90,41,128,204,49,252,158,8,167,106,13,117,76,0,80,174,10,183,209,14,224,17,5,24,1499,453,1953
POA6175,9,8,12,0,0,4,3,6,9,0,9,12,13,32,43,15,24,40,45,12,53,51,11,65,43,12,59,56,11,69,59,21,80,49,21,75,129,37,167,97,0,96,115,7,118,74,0,75,175,6,179,157,4,164,3,5,6,1109,219,1336
POA6176,0,0,0,0,0,3,0,0,3,4,0,0,10,4,9,5,0,16,24,6,28,20,10,32,19,13,30,34,13,45,33,14,50,34,11,46,90,8,99,70,0,66,45,6,46,27,0,27,64,0,63,89,4,92,3,5,3,569,99,665
POA6180,6,21,28,4,7,11,0,6,9,9,36,44,19,69,88,47,39,90,110,31,134,103,31,131,104,43,148,125,38,162,75,30,109,94,8,104,243,53,301,162,5,168,151,10,154,101,6,105,191,16,203,263,11,274,27,10,38,1838,456,2300
POA6181,0,0,0,0,0,0,0,0,0,0,0,0,3,0,7,5,0,4,4,0,4,3,4,4,5,4,3,5,4,4,7,0,7,9,0,5,9,0,12,17,0,17,16,0,16,9,0,9,27,0,32,24,0,24,5,0,3,137,15,150
POA6182,0,0,0,0,0,0,0,0,0,0,0,0,0,0,0,0,0,0,0,0,0,0,0,0,0,0,0,0,0,0,0,0,0,0,0,0,0,0,0,0,0,0,0,0,0,0,0,0,0,0,0,0,0,0,0,0,0,0,0,0
POA6207,4,0,4,0,0,0,3,7,8,0,4,3,6,5,9,7,4,8,9,6,10,14,4,17,19,5,24,16,4,18,6,5,8,27,0,22,40,6,44,31,0,30,33,0,33,21,0,21,40,5,45,61,3,61,5,0,5,330,48,377
POA6208,35,37,78,15,25,39,21,49,68,27,97,125,77,283,356,90,167,257,367,102,470,220,105,325,252,88,342,244,56,299,172,57,232,177,41,215,357,85,443,278,8,287,232,29,261,122,3,128,304,29,334,482,25,505,52,62,117,3533,1338,4868
POA6209,11,7,18,3,0,7,0,9,11,4,31,37,14,54,68,7,48,56,53,9,58,37,17,57,29,15,46,31,6,41,18,13,33,22,8,31,38,13,50,43,0,43,30,3,28,21,0,21,69,4,71,67,4,74,13,12,19,505,259,758
POA6210,269,339,609,102,112,216,113,353,473,141,740,889,434,2011,2440,594,1336,1930,1846,724,2568,1540,721,2265,1537,682,2222,1524,431,1954,946,411,1354,997,314,1307,2055,554,2613,1474,47,1522,1273,129,1405,766,21,782,2017,170,2189,2432,135,2573,276,376,652,20340,9614,29954
POA6211,39,31,71,13,7,25,11,21,37,19,49,65,66,137,204,61,80,138,219,32,257,143,52,194,163,57,219,175,30,200,96,30,125,122,37,160,231,50,276,188,6,188,181,13,192,80,0,83,262,12,268,344,4,349,29,21,51,2431,673,3104
POA6213,5,5,6,0,4,6,0,4,4,0,6,9,5,13,13,3,6,14,12,5,13,12,0,15,11,8,17,5,4,16,9,0,6,10,0,10,27,6,35,12,0,12,10,0,12,3,0,3,21,0,24,20,0,25,5,0,8,171,69,232
POA6214,3,4,4,0,0,0,0,0,3,0,10,10,3,5,14,7,3,5,5,4,8,8,3,8,7,0,10,15,3,20,7,0,7,4,0,3,20,3,17,20,0,20,13,0,18,6,0,6,29,0,27,38,0,38,5,0,5,192,38,225
POA6215,17,22,41,11,7,20,9,21,29,11,40,52,17,96,119,27,48,71,99,22,123,74,33,109,73,33,104,74,13,91,43,22,70,52,22,72,105,39,147,88,0,90,74,8,80,40,0,40,110,13,122,155,5,164,23,30,52,1101,481,1584
POA6218,0,0,0,0,0,0,3,3,0,4,4,11,4,11,17,5,3,10,21,4,25,10,10,23,12,7,23,6,3,11,7,4,7,8,0,10,17,3,21,10,0,10,3,0,3,0,0,0,11,0,16,23,0,23,0,6,6,148,60,206
POA6219,0,0,9,0,0,0,0,0,3,0,4,3,0,10,9,7,0,11,17,6,23,10,8,15,8,0,10,8,0,12,10,0,10,8,0,12,24,0,27,19,0,19,9,0,9,6,0,6,14,0,17,12,0,12,0,4,3,172,45,210
POA6220,21,11,33,3,6,8,4,16,21,5,41,48,30,113,145,16,44,65,77,27,101,69,28,100,58,43,103,97,22,122,62,27,91,64,18,86,159,20,181,118,4,124,64,7,68,53,5,57,108,16,117,123,3,130,13,26,38,1150,475,1626
POA6221,0,0,0,0,0,0,0,0,0,0,0,0,3,3,8,0,0,3,0,0,0,4,0,4,4,0,9,3,0,3,5,0,5,6,0,6,3,0,3,6,0,6,4,0,6,5,0,5,9,0,9,12,0,13,0,0,0,69,15,81
POA6223,0,0,0,0,0,0,0,0,0,0,3,3,0,3,0,0,0,5,0,0,0,0,5,6,5,3,3,5,0,0,0,0,0,0,0,0,3,0,3,5,0,5,10,0,10,0,0,0,7,0,7,7,0,7,0,0,0,44,13,59
POA6224,4,4,8,4,0,5,0,6,6,7,6,10,5,24,30,9,16,25,29,10,35,13,9,22,31,9,42,20,12,27,18,9,24,17,9,24,37,3,44,20,0,20,16,4,15,11,0,11,34,0,39,49,0,49,7,3,15,335,119,451
POA6225,27,42,62,6,14,13,10,51,62,26,118,137,68,290,359,67,103,168,223,65,297,148,88,240,163,89,254,195,60,252,116,56,178,123,46,172,237,68,312,205,3,206,169,16,184,88,0,88,178,11,192,245,15,259,39,48,86,2341,1180,3520
POA6226,5,3,5,3,0,3,0,5,3,0,3,3,3,6,9,8,7,7,9,3,11,10,4,8,8,4,10,9,0,13,9,0,5,6,5,13,24,0,27,24,0,24,22,0,22,25,0,25,46,0,51,35,0,35,5,0,4,259,38,296
POA6227,3,4,4,4,0,3,0,0,3,0,3,4,0,3,8,5,5,10,8,0,7,12,3,14,10,3,18,10,3,20,10,5,12,12,5,16,29,8,32,27,0,27,15,0,17,15,0,15,25,5,31,31,0,31,0,4,4,227,52,279
POA6228,0,0,0,0,0,0,0,3,3,0,0,4,0,3,3,0,3,3,0,0,0,6,3,8,4,0,4,3,0,9,0,5,5,3,0,5,3,0,3,3,0,3,0,0,0,3,0,3,0,0,0,7,0,7,0,3,5,38,27,61
POA6229,0,0,0,0,4,4,0,3,3,0,3,3,0,5,6,3,15,17,8,5,6,3,6,3,0,5,6,7,0,9,0,0,0,0,0,3,7,3,3,0,0,0,3,0,4,4,0,4,0,0,0,4,0,10,0,5,7,39,51,92
POA6230,92,156,244,36,65,105,64,187,249,69,417,494,221,985,1202,300,592,898,800,408,1211,653,487,1139,753,507,1266,818,403,1225,640,337,969,693,265,957,1398,383,1783,1096,39,1134,889,99,989,511,29,543,1220,126,1350,1214,90,1302,94,183,280,11577,5763,17342
POA6232,22,29,49,6,9,14,6,19,25,13,66,77,49,180,233,53,104,150,216,85,305,174,89,263,186,85,278,205,61,271,159,59,217,175,55,230,431,77,507,336,9,348,267,22,294,136,0,133,286,20,306,337,20,352,24,24,49,3085,1027,4111
POA6233,46,39,84,23,12,32,24,43,62,33,102,130,97,257,357,102,144,246,325,105,429,258,112,371,330,119,445,347,101,442,255,89,343,337,76,405,730,160,891,575,7,587,520,45,564,289,4,292,627,35,661,670,35,705,57,33,90,5634,1503,7139
POA6236,3,3,9,7,0,9,0,8,11,0,11,4,19,28,44,8,9,23,32,7,39,29,18,44,39,19,53,30,10,40,28,12,36,29,7,34,81,10,92,54,0,54,59,0,63,45,0,43,90,4,93,86,0,86,0,5,6,641,149,785
POA6237,5,4,8,4,0,4,4,9,13,5,14,21,16,27,45,14,18,32,42,13,53,37,12,48,34,8,47,41,12,53,31,6,44,38,3,42,97,9,109,65,0,63,71,4,71,48,0,48,97,0,95,90,0,98,19,11,27,765,159,921
POA6239,11,18,31,12,8,17,6,12,16,4,29,35,36,88,119,26,45,72,100,38,139,73,39,116,93,39,127,101,23,128,62,16,75,59,17,78,133,23,163,110,0,113,95,7,96,53,0,56,128,4,125,143,8,152,17,20,34,1271,430,1702
POA6240,0,0,0,0,0,0,0,0,0,0,0,0,4,0,9,0,0,0,7,0,5,3,0,4,5,3,9,7,0,3,0,0,0,0,0,0,7,0,4,3,0,3,0,0,4,0,0,0,6,0,6,10,0,10,0,0,0,53,12,64
POA6243,0,0,0,0,0,0,0,0,0,0,0,3,0,0,5,0,5,5,0,0,0,3,0,0,0,0,0,0,0,0,0,0,0,0,0,0,0,0,0,0,0,0,0,0,0,0,0,0,0,0,0,4,0,4,0,0,0,20,12,30
POA6244,5,9,13,6,4,6,0,11,9,5,14,16,11,34,47,14,11,22,29,12,41,27,21,53,32,12,41,38,7,47,17,4,26,25,7,31,59,3,60,24,0,24,20,3,26,20,0,20,21,7,31,52,4,53,8,11,22,421,168,585
POA6251,0,0,0,0,0,0,0,0,0,0,4,4,4,8,15,3,0,6,9,3,12,3,4,9,5,0,8,8,0,3,8,0,8,7,0,5,4,0,9,12,0,12,5,0,5,3,0,3,8,0,8,11,0,11,0,0,0,84,33,118
POA6252,3,0,0,4,0,3,0,0,0,0,0,0,4,0,4,0,3,3,0,3,0,6,4,8,0,0,0,3,5,7,5,0,9,0,0,6,4,0,0,4,0,4,6,0,6,0,0,0,9,0,9,5,0,5,0,0,0,42,22,60
POA6253,0,8,8,0,7,13,0,0,0,0,9,9,3,28,36,6,16,21,20,4,29,15,9,27,17,12,26,12,0,19,8,3,12,8,0,8,14,7,24,13,0,13,8,0,8,5,0,5,15,3,18,27,0,30,0,3,3,182,112,295
POA6254,0,4,4,0,0,0,0,0,0,0,6,12,8,26,33,0,11,11,12,5,16,14,5,24,5,7,11,11,3,12,6,7,11,9,5,11,18,5,20,10,0,10,4,0,4,3,0,3,4,0,10,18,0,18,4,0,5,128,85,215
POA6255,21,15,35,10,11,19,9,16,18,11,26,42,42,126,164,28,66,94,108,44,155,80,42,127,103,31,134,87,19,111,57,20,79,68,12,83,139,18,159,99,5,102,93,5,100,42,0,42,77,7,84,145,6,147,11,24,35,1228,502,1727
POA6256,0,3,4,5,0,7,0,0,0,0,0,0,7,3,8,6,3,6,5,3,11,8,0,5,3,4,11,11,3,11,10,0,7,10,0,10,15,4,18,9,0,11,6,0,7,0,0,0,16,0,11,12,3,17,4,0,4,112,45,157
POA6258,14,15,32,14,11,24,14,46,62,6,67,77,39,140,182,39,97,136,130,63,193,111,100,213,126,86,213,145,54,196,105,44,155,107,28,135,229,37,265,162,0,163,106,0,108,49,0,55,86,7,91,158,7,171,28,34,61,1664,855,2525
POA6260,7,9,11,0,0,0,4,8,13,0,6,4,9,35,40,9,10,19,24,9,34,23,19,37,23,18,40,21,6,26,11,8,16,32,10,41,41,8,44,24,0,24,23,0,23,15,0,15,27,6,30,48,0,49,9,12,14,329,155,490
POA6262,0,0,3,0,5,9,0,5,5,0,7,7,6,26,34,3,16,15,18,5,27,15,9,17,29,3,25,12,0,18,12,0,12,15,3,19,15,0,13,11,0,11,14,0,18,0,0,0,7,0,5,27,0,27,0,0,3,184,85,269
POA6271,15,18,34,3,4,8,3,9,14,3,28,27,21,66,85,33,27,54,70,16,90,46,21,70,66,28,94,72,21,97,54,23,72,52,14,67,123,25,140,87,0,84,69,3,77,21,4,25,72,5,75,141,5,149,10,9,24,962,323,1288
POA6275,5,6,12,4,3,7,5,14,20,0,18,18,11,32,44,14,20,32,50,14,67,26,19,54,35,13,50,46,13,54,21,11,27,27,3,29,38,11,45,25,0,25,10,0,13,10,0,10,23,5,28,44,3,45,6,13,16,400,196,590
POA6280,80,87,165,36,35,71,42,107,148,40,230,271,167,616,776,181,462,645,626,287,916,491,288,779,636,269,905,669,196,868,445,140,587,430,107,538,955,164,1116,692,24,716,552,44,594,350,7,361,757,59,814,957,66,1025,98,140,233,8209,3319,11526
POA6281,19,20,37,13,14,25,13,23,31,10,38,41,28,92,115,28,74,107,106,58,164,100,63,157,163,69,232,145,62,207,113,35,150,138,24,167,273,53,325,231,8,238,157,17,175,82,7,86,295,10,305,318,35,354,19,21,38,2246,714,2962
POA6282,3,0,6,0,0,3,3,5,9,0,6,6,3,5,15,0,7,5,18,3,24,15,9,23,20,8,28,26,10,31,16,9,25,19,5,20,49,8,58,42,0,46,28,3,25,26,0,24,79,7,86,59,4,57,0,4,5,403,96,504
POA6284,9,4,10,3,5,6,0,0,0,0,15,16,3,21,26,11,16,33,23,16,36,29,22,50,41,18,56,50,17,66,56,10,66,50,4,53,96,14,113,85,0,93,56,6,61,33,0,33,72,3,77,95,10,105,3,3,11,715,179,898
POA6285,17,28,45,3,19,25,15,33,47,14,57,76,42,127,170,54,105,155,99,91,189,124,79,200,179,109,290,221,61,282,161,48,212,183,37,218,365,67,429,253,21,273,194,23,214,109,9,117,217,33,253,361,52,416,24,20,47,2636,1020,3654
POA6286,0,0,4,0,0,4,3,3,5,0,3,3,5,13,12,4,3,5,7,4,13,15,13,18,17,8,20,20,12,29,14,4,20,17,0,25,36,12,40,17,0,17,19,6,16,9,0,9,13,0,13,32,4,33,0,0,0,220,79,302
POA6288,0,3,3,0,0,0,0,0,0,3,3,9,4,9,12,5,6,10,8,12,16,4,7,16,19,9,26,9,5,13,10,0,9,8,0,13,12,4,13,11,0,11,9,0,9,8,0,8,14,0,9,25,0,24,3,6,0,155,58,212
POA6290,8,11,22,5,3,9,9,14,13,5,20,22,18,75,96,14,48,64,71,27,100,47,21,70,48,21,67,64,17,79,29,14,37,27,6,32,36,13,49,17,0,17,11,4,17,9,0,9,18,6,22,55,3,62,10,18,29,503,315,822
POA6302,14,16,31,5,6,13,4,18,25,11,36,49,22,136,151,33,57,88,93,34,125,68,44,108,72,34,102,74,13,87,43,21,68,61,18,75,100,32,134,82,0,81,44,7,51,23,0,23,70,5,75,94,4,95,18,20,36,929,499,1422
POA6304,4,12,14,3,3,7,5,3,14,0,14,19,16,63,71,9,27,38,49,8,57,28,28,59,30,17,53,41,10,50,24,7,27,19,3,25,43,3,53,28,0,30,21,0,17,16,0,16,26,4,31,65,0,63,8,9,16,447,224,670
POA6306,0,0,4,0,4,0,3,7,11,0,4,5,7,23,29,7,10,14,20,7,23,17,4,22,21,6,28,17,9,23,11,7,21,16,7,19,27,3,24,16,0,16,16,0,16,11,0,11,24,0,27,29,0,29,7,8,14,238,103,349
POA6308,5,12,16,0,0,5,3,4,7,0,25,25,14,41,51,10,22,32,42,15,56,36,14,47,28,16,44,36,8,41,15,13,28,19,3,26,44,10,53,22,0,22,35,0,34,6,0,6,33,0,35,51,3,59,11,14,19,413,198,610
POA6309,0,0,0,0,0,0,0,0,0,0,0,0,6,17,18,0,5,5,4,5,10,6,6,8,3,5,5,9,6,13,5,0,0,8,0,8,6,0,6,3,0,3,3,0,3,0,0,0,5,0,6,18,0,18,0,0,0,83,37,118
POA6311,0,5,5,0,0,0,0,0,7,0,3,8,8,23,29,4,5,6,9,0,14,10,4,17,18,6,25,11,5,15,9,8,15,15,0,15,15,5,20,16,0,16,9,0,11,0,0,0,5,0,5,28,5,32,3,7,9,171,71,240
POA6312,9,21,31,3,7,12,0,27,32,7,42,54,22,113,138,23,77,96,67,48,107,60,61,124,90,58,147,92,34,131,57,35,98,59,22,79,148,37,181,86,4,88,79,9,85,47,0,47,85,20,104,116,11,125,20,28,49,1078,657,1735
POA6313,0,0,0,0,0,0,0,0,0,3,3,5,0,7,7,0,0,4,3,3,3,4,0,11,13,0,13,7,4,6,4,0,4,0,0,4,7,0,7,11,0,11,4,0,4,3,0,3,6,0,10,12,0,12,0,0,0,71,22,97
POA6315,4,5,11,6,7,7,0,14,16,0,16,13,10,57,66,7,35,44,50,12,56,25,21,52,32,30,63,25,7,35,29,13,38,30,7,40,51,13,70,48,0,48,20,3,27,16,0,16,37,0,38,52,0,52,5,18,26,464,266,730
POA6316,0,0,0,0,0,0,0,0,0,0,0,0,3,14,18,0,5,3,9,0,9,4,5,13,12,5,15,5,3,6,15,0,10,6,0,6,15,4,15,7,0,7,9,0,9,4,0,4,3,0,3,13,0,18,4,0,4,105,38,142
POA6317,11,13,19,9,7,16,3,14,16,6,29,32,27,70,98,26,54,77,81,41,128,69,50,123,63,44,107,75,30,106,62,31,93,77,12,93,120,28,148,99,6,105,54,9,60,27,0,27,67,8,73,106,15,116,16,20,30,992,480,1466
POA6318,0,0,0,0,0,0,0,7,8,6,6,9,0,10,9,3,3,8,10,3,11,8,3,14,7,6,12,15,3,18,0,0,3,3,3,6,22,0,22,8,0,11,5,3,8,3,0,3,16,0,17,14,0,14,0,0,0,131,50,181
POA6320,0,4,4,3,0,3,3,3,3,0,0,3,5,10,13,0,3,4,7,4,9,8,0,15,9,6,20,6,9,13,9,4,9,12,0,12,14,0,15,9,0,9,12,0,11,3,0,3,9,0,9,19,0,19,17,3,18,139,53,193
POA6321,0,4,4,0,0,0,0,0,4,0,4,8,4,10,17,0,9,12,15,4,17,9,10,14,8,5,16,10,7,11,11,3,10,13,0,14,11,0,11,0,0,0,4,0,6,4,0,4,5,0,9,11,0,16,0,5,7,120,59,184
POA6322,5,0,6,0,0,0,0,0,0,0,0,3,0,4,8,0,0,6,14,0,14,0,0,4,3,0,3,10,0,10,5,0,3,0,0,0,3,0,3,3,0,3,0,0,0,4,0,4,11,0,7,7,0,7,3,0,8,66,17,85
POA6323,0,3,4,0,0,0,0,3,8,0,15,15,13,40,50,15,17,27,40,10,46,31,9,38,15,10,25,31,8,37,14,4,18,10,6,17,29,9,42,20,0,20,13,0,13,3,0,3,17,3,22,30,0,29,6,11,14,289,149,435
POA6324,14,12,20,4,6,10,6,10,15,4,32,33,35,99,130,31,66,99,88,29,116,70,29,99,77,30,106,75,15,89,45,18,68,49,9,57,96,17,116,86,0,88,49,5,49,21,0,23,75,10,84,117,0,115,17,15,31,952,404,1358
POA6326,0,0,0,0,0,0,3,3,3,0,3,3,5,3,6,0,0,0,13,5,15,3,9,11,10,3,16,7,0,13,9,0,9,7,0,12,13,4,15,11,0,11,6,0,9,7,0,7,11,0,14,18,0,18,5,4,11,147,35,181
POA6327,0,0,0,0,0,0,0,3,3,0,3,3,0,0,0,0,3,6,10,0,10,0,3,8,6,0,3,5,0,7,3,0,3,4,0,3,6,0,14,6,0,6,0,0,0,4,0,4,8,0,8,3,0,3,0,5,5,61,20,82
POA6328,3,3,0,5,0,5,0,0,0,3,3,8,0,13,8,3,3,4,3,4,8,5,5,10,9,4,16,17,3,22,8,0,6,7,0,11,7,5,8,6,0,6,5,0,5,5,0,5,15,0,15,13,0,13,7,6,6,109,40,151
POA6330,87,143,224,56,68,123,34,160,202,62,339,396,211,861,1072,226,637,869,754,362,1113,616,411,1023,756,400,1158,855,245,1097,603,226,824,615,155,771,1261,242,1502,927,19,949,670,44,717,370,10,374,758,66,825,914,61,973,117,166,284,9883,4603,14488
POA6333,19,18,38,5,17,22,18,30,49,4,69,73,37,178,217,42,98,140,148,49,194,119,77,195,149,65,208,132,41,169,77,31,106,96,14,114,142,18,161,136,0,136,79,12,95,41,0,43,121,11,134,217,13,232,13,19,38,1594,765,2362
POA6335,5,0,0,0,0,7,0,7,10,0,7,5,7,10,13,4,7,14,9,8,14,12,10,14,14,9,18,17,4,23,6,0,8,11,0,11,19,7,34,18,0,18,15,0,15,9,0,9,23,4,28,17,0,17,4,4,7,192,78,266
POA6336,5,3,3,5,0,5,0,0,5,0,0,0,3,3,7,4,0,4,4,0,3,5,5,10,11,6,14,12,10,22,4,0,6,4,0,3,11,4,13,6,0,6,3,0,3,0,0,0,0,0,0,14,0,14,0,4,5,86,40,132
POA6337,0,0,0,0,0,0,0,9,9,0,4,4,3,0,3,3,5,3,4,5,7,0,6,10,7,11,12,5,4,14,8,3,11,8,8,16,12,6,18,13,0,13,18,0,18,0,0,0,16,0,20,16,0,21,0,4,4,122,60,185
POA6338,4,3,7,3,0,3,0,0,4,0,12,14,4,11,16,7,9,13,16,8,22,13,4,15,14,12,27,16,12,28,12,4,11,9,4,15,22,5,23,9,0,9,10,4,15,7,0,7,23,5,23,31,0,31,0,3,4,191,89,284
POA6341,0,0,0,0,0,0,0,0,0,0,0,0,0,0,0,0,0,0,5,3,8,0,7,10,4,3,9,3,3,5,6,0,3,8,0,8,13,0,12,5,0,9,4,0,4,0,0,0,5,0,6,10,0,10,0,0,0,65,27,93
POA6343,0,3,4,0,0,0,0,0,0,0,0,0,0,0,0,0,3,3,0,0,0,4,3,4,0,8,10,4,9,6,0,0,0,3,0,4,9,3,8,5,0,5,8,0,8,0,0,0,4,0,3,11,0,6,0,4,0,48,32,80
POA6346,0,3,3,0,0,0,0,0,0,3,6,6,4,12,16,4,6,6,10,4,20,10,8,15,11,4,13,9,4,13,9,7,21,15,9,24,15,11,30,21,0,19,14,4,20,10,0,10,17,3,21,25,3,28,3,0,5,194,87,276
POA6348,0,3,7,0,3,5,4,4,9,0,15,19,7,30,42,9,14,22,21,11,29,20,10,28,17,10,24,15,4,24,12,9,24,8,5,17,44,26,69,21,0,22,24,5,30,8,0,8,36,3,44,27,4,29,7,10,15,285,179,463
POA6350,0,0,0,0,0,0,0,0,6,0,3,3,0,10,13,0,3,8,12,3,12,8,3,10,12,8,15,7,0,8,8,0,11,10,0,10,5,5,10,3,0,8,3,0,3,0,0,0,0,0,0,8,0,8,0,3,9,77,46,124
POA6351,0,0,4,0,0,0,0,0,0,0,0,0,0,0,0,0,0,0,0,0,0,0,0,0,3,0,6,0,0,0,0,0,0,0,0,0,0,0,0,3,0,3,0,0,0,0,0,0,0,0,0,3,0,4,3,0,3,14,5,23
POA6352,0,0,0,0,0,0,0,0,0,0,0,0,0,0,3,0,0,0,0,0,3,0,0,6,4,3,5,0,0,0,0,0,0,6,0,3,8,0,8,3,0,3,0,0,0,0,0,0,0,0,0,0,0,0,0,0,0,37,8,45
POA6353,3,0,3,0,0,0,0,0,0,0,0,0,3,7,13,0,5,5,9,5,16,5,9,19,7,17,23,15,8,25,14,6,21,15,5,19,34,7,37,23,0,23,17,0,15,10,0,10,22,5,23,17,0,24,0,6,13,195,91,288
POA6355,3,4,5,0,0,0,0,0,0,0,0,0,0,6,9,0,0,0,4,4,7,9,10,16,7,7,12,12,0,9,6,0,12,12,3,18,15,3,18,11,0,9,10,0,10,7,0,7,17,0,17,18,0,18,4,4,5,116,49,168
POA6356,0,0,0,0,0,0,0,0,0,0,0,0,0,0,0,0,0,0,3,0,3,0,0,5,0,0,0,4,3,7,0,3,3,0,0,4,3,0,4,0,0,0,0,0,0,0,0,0,3,0,3,7,0,7,0,0,0,25,14,38
POA6357,0,0,0,0,0,0,0,0,0,0,0,0,0,0,0,0,0,0,0,0,0,0,0,5,0,0,0,0,0,0,0,0,0,3,0,3,4,0,8,0,0,0,0,0,0,0,0,0,0,0,0,7,0,7,0,0,0,15,3,20
POA6358,0,0,0,0,0,0,0,0,0,0,0,0,0,0,0,0,0,0,4,3,8,0,0,0,0,0,3,0,0,0,3,3,4,0,0,3,4,0,4,7,0,7,5,0,5,0,0,0,0,0,0,0,0,0,0,0,0,24,9,33
POA6359,0,0,0,0,0,0,0,6,0,0,4,4,0,6,6,5,4,3,10,0,10,3,5,4,5,9,16,8,6,16,0,0,3,3,0,3,12,0,12,0,0,3,4,0,4,5,0,5,15,0,15,15,0,15,0,3,3,91,43,129
POA6361,0,0,0,0,0,0,0,0,0,0,0,0,0,7,7,0,0,0,0,0,0,3,0,0,0,4,3,0,0,0,0,0,0,0,0,0,3,0,3,0,0,0,0,0,0,0,0,0,0,0,0,6,0,6,0,0,0,19,5,26
POA6363,0,0,0,0,0,0,0,0,0,0,0,0,0,0,0,0,0,0,0,0,0,0,0,0,0,0,0,0,0,0,0,0,0,3,0,3,0,0,0,0,0,0,0,0,0,0,0,0,0,0,0,5,0,5,0,0,3,23,4,28
POA6365,0,0,8,3,0,3,0,0,3,0,0,0,5,10,17,7,8,10,5,3,8,3,7,8,12,9,18,8,8,12,4,6,9,8,0,13,23,0,23,11,0,11,13,0,15,7,0,7,15,0,17,14,0,14,0,8,9,134,65,196
POA6367,0,0,3,0,4,4,0,7,3,0,5,5,4,5,11,0,3,7,8,8,11,4,9,17,4,0,5,8,0,6,3,0,3,4,0,10,5,0,12,7,0,7,8,0,9,3,0,3,3,0,3,20,0,20,7,4,3,89,52,140
POA6368,0,0,0,0,0,0,0,0,0,0,0,0,0,0,0,0,0,0,4,0,4,0,0,0,0,0,0,11,0,9,0,0,0,0,0,0,4,0,4,5,0,5,0,0,0,0,0,0,3,0,3,0,0,0,0,0,0,22,7,30
POA6369,5,4,5,4,0,4,0,0,0,0,8,8,0,10,10,0,4,3,11,3,13,7,8,14,13,11,18,15,12,24,11,5,10,13,0,15,23,7,32,10,0,10,10,0,13,11,0,11,11,0,11,23,0,23,0,0,0,159,63,217
POA6370,0,0,0,4,0,4,0,0,0,0,4,4,0,10,10,4,0,5,5,7,8,8,5,16,4,5,11,11,8,14,4,5,13,6,0,13,11,0,15,11,0,11,3,0,3,3,0,3,10,0,10,12,0,12,3,0,4,104,44,152
POA6372,0,0,0,0,0,0,0,0,0,0,0,0,5,8,8,0,0,0,0,0,0,0,0,4,0,6,6,3,0,3,0,0,0,3,0,3,0,0,0,0,0,0,0,0,0,0,0,0,0,0,0,4,0,4,3,0,0,28,17,39
POA6373,0,0,0,0,0,0,0,0,0,0,0,0,0,0,0,0,0,0,0,0,0,0,0,0,4,0,4,0,0,0,0,0,3,0,0,0,9,0,9,4,0,4,0,0,0,4,0,4,4,0,4,6,0,6,0,0,0,28,0,26
POA6375,6,7,7,3,0,0,0,5,6,0,3,8,4,27,33,3,18,23,19,10,25,19,9,30,9,10,22,19,9,25,16,8,17,15,9,17,32,6,39,28,0,28,14,0,12,8,0,8,14,0,14,28,0,29,0,3,6,227,127,352
POA6383,4,5,9,0,0,0,0,5,10,4,13,11,0,19,26,8,14,15,22,3,28,17,12,30,19,9,25,14,7,20,14,4,16,16,0,9,17,6,20,9,0,9,10,0,8,6,0,6,16,4,15,27,0,26,4,3,8,204,104,306
POA6384,0,0,0,0,0,0,0,0,0,0,0,0,0,0,0,0,0,0,0,0,0,0,0,0,0,0,0,0,0,0,0,0,0,0,0,0,0,0,0,0,0,0,0,0,0,3,0,3,0,0,0,0,0,0,0,0,0,3,3,6
POA6385,0,0,0,0,0,0,0,0,0,0,0,0,0,0,0,0,0,0,0,0,0,0,0,0,0,0,0,0,0,0,0,0,0,0,0,0,0,0,0,0,0,0,0,0,0,0,0,0,3,0,3,4,0,4,0,0,0,9,0,9
POA6386,0,0,0,0,0,0,0,0,0,0,0,0,0,0,0,0,0,0,0,0,0,0,0,0,0,3,3,0,0,0,0,0,0,0,0,0,3,0,3,0,0,0,0,0,0,0,0,0,0,0,0,3,0,3,0,0,0,22,3,25
POA6390,9,3,13,3,3,7,3,10,13,0,11,9,8,22,35,11,15,27,21,11,29,23,8,32,24,12,32,27,5,35,13,5,25,23,10,32,52,12,67,29,0,33,33,0,39,28,0,28,55,3,60,66,4,68,3,9,9,435,153,587
POA6391,0,0,5,0,0,0,0,0,0,0,4,4,4,20,25,3,13,11,20,11,33,6,13,22,15,7,18,20,13,30,19,6,22,20,5,23,33,4,43,27,0,27,17,3,18,17,0,17,38,0,38,23,0,23,3,10,14,266,105,371
POA6392,0,0,0,0,0,0,0,3,3,0,0,0,0,10,9,0,4,5,4,0,7,10,0,9,9,7,19,12,10,19,0,0,3,11,0,11,10,3,17,3,0,3,9,4,11,0,0,0,10,0,12,20,0,21,0,0,6,112,62,171
POA6393,0,0,0,0,0,0,0,0,0,0,0,0,0,0,0,0,0,4,0,0,0,5,0,6,7,0,7,0,0,0,0,0,0,0,0,0,0,0,0,0,0,0,0,0,0,0,0,0,0,0,0,7,0,7,4,0,4,36,7,37
POA6394,0,4,4,3,0,3,0,0,5,0,3,3,0,8,11,0,4,7,6,5,11,6,8,14,3,11,17,18,4,24,3,5,3,14,0,12,16,5,17,8,0,8,11,0,12,3,0,3,16,0,17,11,0,16,0,0,5,132,61,190
POA6395,6,7,9,4,3,6,0,13,15,0,6,6,5,29,39,8,20,27,28,19,51,20,21,40,24,23,48,23,11,35,22,12,34,24,13,35,59,14,72,29,0,27,24,3,26,9,0,13,47,6,50,42,0,43,7,20,25,373,222,597
POA6396,0,0,0,0,0,0,0,0,0,5,8,9,0,5,9,0,3,3,0,3,5,0,4,12,8,5,14,6,3,6,4,3,12,9,0,8,19,4,16,8,0,8,7,0,7,3,0,3,9,0,9,9,0,14,3,0,0,87,56,144
POA6397,0,0,0,0,0,0,0,5,5,0,0,0,4,3,4,0,0,0,0,3,5,0,5,11,3,0,3,4,0,4,0,0,0,4,0,4,3,0,7,0,0,0,0,0,0,0,0,0,0,0,0,3,0,3,0,0,0,21,15,39
POA6398,0,4,4,0,0,4,0,5,7,0,4,9,9,29,37,6,14,20,26,7,35,12,3,20,20,10,25,16,0,18,4,4,7,7,0,7,8,4,11,8,0,8,10,3,7,3,0,3,4,0,3,15,0,14,5,5,7,157,95,252
POA6401,10,32,41,9,9,19,17,40,53,17,79,92,49,222,269,53,112,170,172,53,226,134,68,206,142,91,233,157,57,220,108,49,158,100,34,140,233,58,295,174,3,181,120,10,130,65,7,68,136,7,144,217,13,234,36,45,78,1963,1002,2965
POA6403,0,4,4,0,0,0,0,0,0,0,0,0,4,6,8,0,6,6,3,0,3,0,0,3,0,3,4,5,0,3,0,0,3,0,0,0,3,4,4,0,0,0,3,0,3,0,0,0,4,0,4,11,0,6,0,0,0,45,25,64
POA6405,0,0,0,0,0,0,0,0,0,0,0,0,0,9,10,0,7,5,3,7,12,11,0,9,5,4,15,6,4,12,6,0,3,3,0,11,12,0,12,7,0,9,3,0,0,0,0,0,6,0,6,17,0,17,0,0,6,77,31,110
POA6407,0,4,4,0,0,3,0,3,5,0,10,10,0,21,25,0,15,15,8,5,12,14,13,23,11,5,19,19,3,25,6,9,18,23,6,28,34,7,40,21,0,28,12,0,17,9,0,7,19,0,24,29,0,29,4,3,13,218,119,334
POA6409,0,0,0,0,4,4,0,4,4,0,4,4,5,10,19,0,6,7,6,0,10,5,9,7,5,3,10,12,0,11,3,6,5,7,0,7,10,3,12,13,0,13,3,0,3,5,0,5,4,0,5,15,0,15,0,5,3,91,51,136
POA6410,5,9,16,0,6,6,0,9,10,0,10,15,3,40,41,6,16,21,29,9,36,15,10,28,11,9,24,16,9,22,11,0,12,16,5,22,32,6,35,21,0,19,11,0,12,5,0,0,9,0,14,26,0,26,8,6,12,233,144,371
POA6411,0,0,0,0,0,0,0,0,0,0,0,0,0,4,4,0,0,0,3,0,3,0,0,0,0,0,0,6,4,7,0,0,0,5,0,5,3,0,7,9,0,9,0,0,0,0,0,0,9,0,9,8,0,8,0,0,0,39,11,42
POA6412,0,0,0,0,0,0,0,0,0,0,0,0,0,0,0,0,0,0,0,0,0,0,0,0,0,0,0,0,0,0,0,0,0,0,0,0,3,0,3,0,0,0,0,0,0,0,0,0,0,0,0,3,0,3,0,0,0,10,4,12
POA6413,0,0,0,0,0,0,0,5,5,0,0,0,0,0,0,0,0,0,0,0,0,0,0,4,4,0,4,5,0,5,0,0,0,0,0,0,4,0,4,0,0,0,0,0,0,0,0,0,0,0,0,0,0,0,0,0,0,16,6,23
POA6414,0,0,0,0,0,0,0,0,0,0,0,0,0,0,0,0,0,0,5,0,5,0,0,0,0,0,0,0,0,0,0,0,0,0,0,0,0,0,0,0,0,0,4,0,4,0,0,0,0,0,0,0,0,0,0,0,0,20,8,22
POA6415,6,8,13,0,4,5,4,12,18,6,23,30,12,62,82,15,36,51,50,24,76,33,30,68,52,31,85,54,32,88,41,24,60,42,17,63,101,19,117,60,0,60,49,0,49,29,0,29,53,7,61,67,0,71,15,9,26,675,358,1032
POA6418,0,6,9,4,0,4,0,3,3,0,3,3,3,25,27,6,8,10,16,0,24,14,13,21,6,13,19,12,5,22,12,6,16,7,3,12,24,7,26,14,0,14,14,0,13,5,0,5,10,4,17,18,0,17,0,5,6,172,93,264
POA6419,0,0,0,0,0,0,0,0,0,0,0,0,0,0,0,0,0,0,5,0,5,0,0,3,3,0,5,0,0,0,0,0,0,0,0,0,0,0,0,0,0,0,0,0,5,0,0,0,4,0,4,5,0,5,0,0,0,19,9,24
POA6420,0,5,3,0,0,0,0,0,0,0,0,0,0,0,0,0,0,0,0,0,0,0,0,0,0,0,3,0,0,3,0,0,0,0,0,0,7,0,7,4,0,4,0,0,0,0,0,0,6,0,6,3,0,3,0,0,0,24,13,29
POA6421,0,0,0,0,0,0,0,0,0,0,0,0,0,3,3,0,0,0,5,0,5,0,0,0,0,4,3,3,0,0,0,0,0,4,0,4,5,0,5,6,0,6,6,0,6,5,0,5,3,0,3,9,0,9,0,0,0,34,14,49
POA6422,0,0,0,0,0,0,0,0,0,0,0,0,0,0,0,0,0,0,0,0,0,0,0,0,0,0,0,0,0,0,0,0,0,0,0,0,0,0,0,0,0,0,0,0,0,3,0,3,0,0,0,3,0,3,0,0,0,22,4,21
POA6423,0,0,0,0,0,0,0,4,4,0,0,0,0,10,9,0,0,3,6,3,9,4,0,4,5,0,8,6,0,6,0,5,4,0,0,0,0,0,3,0,0,0,0,0,0,0,0,0,3,3,3,3,0,3,0,3,3,38,28,66
POA6424,0,0,0,0,0,0,0,0,0,0,0,0,0,0,0,0,0,0,0,0,0,0,0,0,0,0,0,0,0,0,3,0,3,0,0,0,0,0,0,0,0,0,3,0,10,0,0,0,0,0,0,3,0,3,0,0,0,13,8,26
POA6425,0,0,0,0,0,0,0,0,0,0,0,0,0,0,0,0,0,0,3,0,3,0,0,0,4,0,4,5,0,3,0,0,0,0,0,0,0,0,0,3,0,3,0,0,0,5,0,5,0,0,3,3,0,3,0,0,0,28,6,27
POA6426,0,8,8,0,3,3,0,12,12,0,6,6,0,21,21,5,12,16,11,4,17,8,10,20,19,8,28,15,11,24,0,8,11,7,11,14,17,15,33,21,3,22,12,6,15,6,0,6,16,5,15,24,0,23,3,7,9,161,144,311
POA6427,0,0,0,0,0,0,0,0,0,0,0,0,0,0,0,0,0,0,0,0,0,0,0,0,0,0,0,0,0,0,0,0,0,0,0,0,0,0,0,0,0,0,0,0,0,0,0,0,0,0,0,0,0,0,0,0,0,0,0,0
POA6428,0,0,0,0,0,0,0,0,0,0,0,0,0,0,0,0,0,0,0,0,0,0,0,0,0,0,0,0,0,0,0,0,0,0,0,0,4,0,4,0,0,0,0,0,0,0,0,0,4,0,4,3,0,3,0,0,0,11,0,16
POA6429,0,4,3,0,0,3,0,4,4,0,12,13,6,32,37,3,6,11,17,11,25,12,7,23,12,8,17,9,7,13,13,6,17,9,8,18,24,7,31,20,0,23,6,0,10,0,0,0,18,0,19,34,0,34,4,8,10,193,116,307
POA6430,29,70,101,17,16,38,18,42,61,13,82,98,41,187,228,66,92,158,138,81,216,122,124,246,136,164,297,169,170,338,145,234,378,201,204,404,608,398,1009,577,28,607,649,113,758,418,20,433,1360,127,1481,560,64,623,92,73,166,5367,2280,7648
POA6431,0,0,0,0,0,0,0,0,0,0,5,5,0,3,6,3,0,4,10,0,12,10,0,11,11,0,11,13,4,16,16,10,22,9,9,16,11,9,16,0,0,0,4,3,10,6,0,6,9,0,4,15,0,13,3,0,3,115,51,167
POA6432,11,20,38,4,12,16,7,24,33,5,41,46,13,81,97,26,40,70,54,33,86,49,58,110,61,82,145,84,53,138,80,60,138,81,52,139,218,110,319,179,14,189,149,27,179,103,4,109,217,23,249,159,15,176,24,34,50,1522,805,2329
POA6434,0,0,0,0,0,0,0,0,0,0,0,0,0,0,0,0,0,0,0,0,0,0,0,0,0,0,0,0,0,0,0,0,0,0,0,0,0,0,0,0,0,0,0,0,0,0,0,0,0,0,0,0,0,5,0,0,0,0,3,8
POA6436,0,0,0,0,0,0,0,0,0,0,3,3,0,6,4,5,0,3,3,0,7,0,4,4,0,0,5,0,0,5,0,0,3,0,0,0,0,0,0,0,0,0,0,0,4,0,0,0,0,0,0,5,0,4,0,0,0,20,25,45
POA6437,0,0,0,0,0,0,0,0,0,0,0,0,0,0,0,0,0,0,0,0,0,0,0,0,0,0,0,8,5,6,3,4,9,0,0,3,20,5,28,9,0,9,13,0,13,12,0,12,20,0,20,15,0,18,0,0,0,99,21,121
POA6438,0,0,3,0,0,0,0,6,3,3,4,4,0,8,11,3,4,8,12,5,12,3,3,11,5,7,14,5,12,12,10,6,18,3,9,8,12,12,19,5,0,5,11,3,13,0,0,0,11,0,13,18,0,19,8,0,9,110,85,199
POA6440,0,3,3,0,0,0,0,8,12,6,5,13,10,8,19,3,5,5,17,6,19,12,4,16,9,5,10,3,0,5,6,4,10,6,6,12,3,3,16,10,0,10,4,0,9,5,0,5,7,3,10,12,0,12,0,3,6,115,67,183
POA6442,6,12,15,0,3,9,5,6,8,3,15,21,16,32,44,12,14,29,29,12,42,17,11,25,21,14,35,23,11,34,16,15,29,16,15,33,71,47,121,37,0,42,55,13,68,28,0,28,116,15,127,62,6,74,11,10,26,541,265,802
POA6443,7,0,5,0,0,0,0,9,9,0,9,9,9,36,42,6,13,18,13,11,25,13,19,27,4,9,13,12,0,9,3,7,10,0,4,6,8,6,16,6,0,9,5,0,4,3,0,3,8,0,11,25,6,28,9,14,17,127,136,269
POA6445,4,3,5,0,0,0,0,0,0,0,0,0,0,4,4,0,3,3,0,0,0,0,0,5,6,0,6,0,0,4,0,0,0,7,0,7,5,0,5,5,0,5,4,0,4,0,0,0,3,0,3,6,0,6,0,0,0,43,16,53
POA6446,4,0,3,0,0,0,0,0,0,0,0,0,0,0,0,0,0,0,4,0,3,4,0,4,4,0,5,0,3,4,6,0,3,0,0,0,6,0,4,0,0,0,3,0,3,0,0,0,3,0,3,0,0,0,0,0,0,36,17,48
POA6447,3,0,3,0,0,0,0,0,0,0,0,0,0,0,4,0,0,0,0,0,0,0,0,0,0,3,6,3,3,8,0,0,10,3,0,3,5,0,9,4,0,4,3,0,3,3,0,0,11,0,11,5,0,5,0,0,0,46,20,62
POA6448,3,0,3,0,0,0,0,0,0,0,0,0,0,6,6,4,7,12,5,0,5,8,6,16,3,0,0,7,6,9,8,6,8,3,0,3,18,0,15,8,0,8,7,0,4,4,0,4,4,0,6,5,0,5,4,0,3,89,28,119
POA6450,29,43,67,11,25,38,18,54,73,21,111,127,64,272,334,49,158,213,179,96,278,162,108,273,188,152,343,228,101,328,156,78,232,197,63,255,425,99,523,294,9,302,253,34,289,114,8,126,322,37,358,443,26,474,49,68,122,3213,1544,4757
POA6452,0,0,0,0,0,0,0,0,0,0,0,0,0,0,0,0,0,0,0,0,0,0,0,0,0,0,0,0,0,0,0,0,0,0,0,0,0,0,0,0,0,0,0,0,0,0,0,0,0,0,0,0,0,0,0,0,0,0,0,0
POA6460,0,5,9,0,0,0,0,3,4,0,7,8,3,24,27,0,13,16,17,10,31,7,14,22,7,9,17,15,3,19,8,0,16,16,0,16,22,3,28,10,0,10,7,0,4,7,0,7,19,0,15,21,0,21,9,5,14,172,113,281
POA6461,0,0,0,0,0,0,0,0,0,0,5,5,4,24,23,4,3,9,13,7,22,10,9,15,16,4,19,8,6,11,0,8,9,3,0,6,14,4,22,11,0,11,0,0,3,0,0,0,6,0,8,18,0,20,6,5,11,123,81,204
POA6462,0,0,0,0,0,0,0,0,0,0,0,0,0,5,4,0,0,0,6,0,5,0,3,3,3,0,11,6,4,9,0,0,0,0,3,3,0,0,0,3,0,3,0,0,0,0,0,0,4,0,4,10,0,10,0,0,0,43,15,58
POA6463,0,0,0,0,0,0,0,0,0,0,0,0,0,0,0,0,0,0,0,0,0,0,0,0,0,0,0,0,0,0,0,0,0,4,0,4,0,0,0,0,0,0,0,0,0,0,0,0,0,0,0,0,0,0,0,0,0,7,4,11
POA6465,0,0,0,0,0,0,0,0,0,0,0,0,0,7,7,0,0,0,0,0,0,0,0,0,3,0,6,0,0,0,0,0,0,0,0,4,0,5,4,0,0,0,0,0,0,0,0,0,0,0,0,6,0,6,0,0,0,12,10,22
POA6466,0,0,0,0,0,0,0,0,0,0,0,0,3,0,3,0,0,0,0,0,0,0,0,0,0,0,0,4,0,4,0,0,0,0,0,0,0,0,0,0,0,0,0,0,0,0,0,0,0,0,0,5,0,5,0,0,0,17,0,18
POA6467,0,0,0,0,0,0,0,0,0,0,0,0,0,0,0,0,0,0,0,0,0,0,0,0,0,0,0,0,0,0,0,0,0,0,0,0,0,0,0,0,0,0,0,0,0,0,0,0,3,0,3,4,0,4,0,0,0,6,0,13
POA6468,0,0,0,0,0,0,0,0,0,0,0,0,0,6,6,0,0,4,4,0,3,4,0,5,4,5,5,4,3,8,3,3,7,4,0,4,5,0,10,3,0,8,4,0,4,0,0,0,4,0,4,3,0,3,0,0,0,48,21,63
POA6470,0,0,0,0,0,0,0,0,0,0,0,0,0,0,0,0,0,0,0,0,0,0,0,0,0,0,0,0,0,0,0,0,0,0,0,0,0,0,0,0,0,0,0,0,0,0,0,0,0,0,3,0,0,0,0,0,0,6,4,5
POA6472,0,0,0,0,0,0,0,0,0,0,0,0,0,0,0,0,0,0,3,0,0,0,0,0,4,0,6,3,3,8,0,0,0,5,0,5,8,6,4,4,0,4,3,0,0,0,0,5,7,0,7,10,0,10,0,0,0,40,15,55
POA6473,6,0,6,0,0,0,0,0,0,0,0,0,0,0,0,0,0,0,7,0,7,0,0,0,0,0,0,0,0,0,0,0,0,0,0,0,5,0,5,4,0,4,0,0,0,0,0,0,0,0,0,3,0,3,0,0,0,13,3,16
POA6475,3,0,3,0,0,0,0,3,7,0,4,4,3,9,8,0,9,6,14,3,16,9,0,10,3,7,8,11,4,16,3,5,8,0,5,6,8,12,17,9,0,9,0,0,4,0,0,0,8,0,14,10,0,10,4,3,5,92,57,152
POA6476,0,0,4,0,0,0,0,0,0,0,0,0,0,0,0,0,0,0,0,0,0,0,0,0,0,3,3,3,0,3,0,0,0,0,0,0,0,0,0,0,0,0,0,0,0,0,0,0,0,0,0,0,0,0,0,0,0,14,8,19
POA6477,0,0,0,0,3,3,0,0,0,0,3,5,0,3,4,3,0,0,0,0,6,5,5,6,0,0,5,3,5,10,4,0,4,3,0,6,3,0,6,4,0,4,0,4,4,0,0,0,7,0,7,9,0,9,0,0,0,54,35,89
POA6479,5,0,8,0,0,0,0,0,5,6,3,5,4,12,17,8,9,7,4,6,7,4,4,16,8,8,15,9,3,11,11,3,13,5,3,13,17,5,20,15,0,15,8,0,8,9,0,9,7,5,13,23,0,23,6,0,7,144,67,213
POA6480,0,0,0,0,0,0,0,0,0,0,0,0,0,0,0,0,0,0,0,0,0,0,0,0,0,0,0,0,0,0,0,0,0,0,0,0,0,0,0,0,0,0,0,0,0,0,0,0,0,0,0,0,0,0,0,0,0,10,0,11
POA6484,0,0,0,0,0,0,0,0,0,0,0,0,0,3,3,0,0,0,0,0,0,0,0,0,0,0,0,0,0,0,0,0,0,0,0,0,0,0,0,0,0,0,0,0,0,0,0,0,0,0,0,0,0,0,0,0,5,9,8,12
POA6485,0,3,3,0,0,5,0,3,3,4,9,7,0,22,22,10,11,19,17,10,26,0,9,11,4,8,18,6,10,14,0,3,6,4,0,4,13,6,16,7,0,7,4,0,5,4,0,4,11,0,11,5,0,5,0,0,0,101,97,202
POA6487,0,0,0,0,0,0,0,0,0,0,0,0,0,0,0,0,0,0,0,0,0,0,0,0,0,0,3,0,0,0,0,0,0,0,0,0,0,0,0,0,0,0,0,0,0,0,0,0,0,0,0,4,0,4,0,0,0,12,9,15
POA6488,0,0,0,0,0,3,0,0,0,0,0,0,0,11,10,0,0,4,7,0,9,3,0,6,9,7,8,5,0,4,5,0,5,3,3,4,4,0,3,0,0,0,0,0,0,0,0,0,0,0,0,9,0,9,0,3,7,37,31,74
POA6489,0,0,0,0,0,0,0,0,0,0,0,3,0,7,14,0,0,0,0,0,3,3,4,7,0,0,0,0,0,0,0,0,0,0,0,6,0,0,0,0,0,0,0,0,0,0,0,0,0,0,0,0,0,0,0,7,7,22,22,42
POA6490,0,0,3,0,0,0,0,0,0,0,0,4,4,5,5,0,5,5,8,0,9,7,3,13,8,5,8,8,0,6,0,6,3,0,3,0,3,0,3,5,0,5,4,0,4,0,0,0,3,0,3,11,0,11,0,0,3,61,31,93
POA6501,0,6,10,3,0,3,0,0,3,3,5,6,3,12,13,4,4,9,10,0,17,19,4,20,13,7,21,12,6,16,13,4,14,15,3,15,25,4,33,20,0,20,25,0,26,19,0,19,38,0,38,28,3,33,3,5,5,259,63,323
POA6502,0,0,5,0,5,5,3,6,12,0,3,6,9,24,31,6,12,21,27,5,31,24,17,40,26,3,34,28,4,32,9,0,20,7,8,16,36,4,40,30,0,30,33,0,35,7,0,7,25,3,33,42,0,42,6,6,16,329,104,432
POA6503,9,12,18,5,0,8,6,10,12,5,11,16,5,31,44,10,17,31,35,14,56,29,18,48,33,11,45,47,16,63,30,9,34,42,17,59,75,16,88,55,0,53,31,5,37,21,0,21,45,4,53,85,4,90,12,13,26,582,218,796
POA6504,4,0,4,0,0,0,0,0,0,0,5,5,0,4,4,0,0,0,9,0,8,4,5,7,5,0,6,0,0,5,0,0,0,8,0,8,4,0,4,6,0,6,3,0,3,4,0,4,4,0,4,9,0,9,0,0,0,55,12,70
POA6505,0,0,0,0,0,0,0,0,0,0,0,0,0,0,0,0,0,7,0,0,0,3,0,4,4,4,6,0,4,9,0,4,6,6,0,6,9,0,9,0,0,0,0,0,0,0,0,0,0,0,0,3,0,3,0,0,0,32,12,43
POA6506,0,0,0,0,0,0,0,0,0,0,0,4,0,0,0,0,0,3,0,0,3,0,0,0,0,0,0,0,3,3,4,0,4,0,0,0,0,0,0,3,0,3,0,0,0,0,0,0,0,0,0,0,0,0,0,0,0,22,7,28
POA6507,6,3,4,0,0,0,0,0,0,0,0,0,6,3,12,0,9,6,4,4,11,3,5,4,4,6,12,7,0,9,4,0,7,9,3,14,19,4,20,11,0,11,12,0,12,7,0,7,12,0,14,17,3,14,0,0,6,120,48,163
POA6509,0,0,0,0,0,0,0,0,0,0,0,0,0,0,0,0,0,0,0,0,0,0,3,0,3,7,7,0,3,0,3,0,3,5,0,0,4,0,4,5,0,5,4,0,4,3,0,3,4,0,4,0,0,0,0,0,0,34,14,48
POA6510,9,9,19,0,0,0,6,8,9,0,12,12,14,49,62,10,15,30,31,18,52,26,27,47,30,18,44,37,9,45,20,15,43,25,12,42,53,19,69,44,0,44,42,3,43,23,0,18,35,3,40,45,0,52,5,13,22,461,233,694
POA6511,0,0,6,0,4,4,0,5,5,3,8,11,3,16,20,0,8,8,16,5,16,4,7,15,4,5,12,16,3,18,3,3,7,9,3,13,12,3,14,4,0,4,0,0,4,7,0,7,11,0,11,10,0,10,0,0,3,118,76,195
POA6512,0,0,3,0,0,0,0,0,0,0,0,0,0,0,0,0,0,0,6,0,9,0,0,0,0,3,5,0,0,3,0,0,0,4,3,4,4,0,4,0,0,0,0,0,0,0,0,0,0,0,0,5,0,5,0,0,0,22,10,34
POA6513,0,0,0,0,0,0,0,3,3,0,0,0,0,0,0,4,0,4,4,0,5,0,0,0,0,9,7,0,0,4,0,4,3,0,0,0,6,6,4,9,0,9,5,0,5,0,0,0,3,0,3,5,0,5,0,0,0,41,21,62
POA6514,3,6,12,0,0,10,0,6,6,5,10,17,6,26,33,3,16,20,16,4,22,27,5,27,14,8,20,15,7,23,3,3,6,3,5,10,23,10,24,9,0,9,3,0,3,0,0,0,12,4,13,21,0,21,5,3,9,172,101,268
POA6515,0,3,3,0,0,0,0,0,0,0,0,0,3,0,7,4,5,9,4,4,11,7,3,10,0,9,7,9,0,8,11,3,9,5,4,3,8,3,11,3,0,3,3,0,3,4,0,4,4,0,6,8,0,8,6,0,7,82,35,117
POA6516,10,15,22,0,3,11,4,11,19,9,26,35,14,46,57,9,22,34,58,16,73,31,20,51,30,18,50,42,4,53,25,13,37,25,9,34,48,14,60,37,0,40,44,3,48,17,0,15,41,0,36,89,3,93,11,9,18,542,236,779
POA6517,0,4,4,0,0,0,0,0,0,0,8,4,0,19,19,3,0,5,4,7,10,0,3,6,7,9,17,9,5,14,4,5,11,12,0,11,10,4,14,5,0,5,7,0,8,0,0,0,10,0,6,11,0,11,0,0,0,96,67,161
POA6518,0,0,0,0,0,0,4,0,4,0,5,5,3,6,11,3,0,5,3,3,9,6,0,7,0,0,0,3,3,5,5,0,4,0,0,5,0,0,0,3,0,3,0,0,0,0,0,0,5,0,5,13,0,13,0,0,3,52,27,78
POA6519,7,4,6,0,0,0,0,0,0,3,8,8,4,8,13,3,5,13,6,3,9,10,5,14,9,9,16,4,9,16,6,6,10,6,0,6,16,5,27,8,0,8,9,0,9,10,0,10,15,0,18,23,0,23,0,6,0,136,73,205
POA6521,0,0,3,0,0,0,0,0,0,0,4,5,0,6,6,0,0,0,4,4,6,3,3,3,0,6,4,3,0,3,6,6,10,7,4,8,17,0,15,10,0,10,3,0,6,9,0,9,3,0,8,12,0,12,0,0,0,83,28,112
POA6522,0,3,3,0,0,0,0,0,0,0,0,4,0,11,13,0,0,4,6,0,6,8,0,10,8,7,14,6,3,7,8,0,8,10,0,11,17,4,18,4,0,4,9,3,6,0,0,0,10,3,9,13,0,13,4,4,7,101,42,147
POA6525,11,23,39,0,8,5,7,18,22,12,42,54,28,88,114,33,73,103,88,26,114,65,36,101,53,30,85,62,20,88,51,16,64,39,18,64,104,23,124,67,3,67,53,3,56,40,0,43,74,7,85,152,4,157,24,26,49,973,459,1437
POA6528,0,3,3,0,0,0,0,0,0,0,3,3,0,6,7,0,3,5,16,5,19,7,0,3,7,4,16,6,0,7,11,4,11,6,0,14,7,3,13,3,0,3,4,0,6,0,0,0,3,0,3,20,0,20,4,3,6,97,41,142
POA6530,90,110,198,32,47,86,58,172,226,50,298,348,153,652,806,183,417,599,541,287,823,459,340,798,490,346,832,555,252,814,473,190,665,457,172,631,1029,295,1321,793,23,819,644,50,698,390,9,397,826,72,891,970,69,1034,108,125,229,8308,3923,12227
POA6532,19,18,38,4,9,17,6,15,16,8,32,41,32,72,101,35,48,79,101,18,121,76,33,110,66,47,110,90,38,127,74,31,108,88,30,118,226,38,264,209,0,207,171,12,180,108,3,111,227,11,238,301,8,307,19,18,34,1856,484,2335
POA6535,10,12,16,5,0,4,0,8,12,5,10,16,17,59,79,14,14,25,45,12,58,28,20,47,27,11,34,31,13,43,24,13,27,20,5,23,41,0,48,34,0,34,14,5,22,11,0,11,23,0,29,47,0,47,9,17,22,403,195,598
POA6536,7,15,13,0,0,0,0,8,4,0,20,18,14,27,40,12,21,38,36,16,58,34,19,51,28,18,44,30,6,41,20,12,30,14,4,22,39,8,48,26,0,26,17,5,26,10,0,10,25,0,25,42,0,44,7,8,14,371,183,557
POA6537,6,5,13,0,0,0,0,8,8,4,7,8,3,32,38,5,3,12,17,12,27,10,17,27,15,15,23,14,7,25,5,6,10,17,8,27,24,12,35,21,0,22,14,0,14,9,0,9,12,4,10,29,5,31,3,13,18,211,151,358
POA6556,5,6,6,0,3,5,5,8,11,3,12,14,4,27,36,12,13,24,17,13,27,30,12,35,25,13,41,26,12,38,17,3,24,26,8,38,64,14,79,54,0,51,44,3,44,42,0,42,76,7,83,89,0,95,3,9,13,540,159,704
POA6558,4,0,7,4,0,4,6,4,4,0,9,6,5,11,15,4,0,6,14,3,17,3,3,15,5,0,12,12,4,18,7,3,13,10,0,12,30,3,37,27,0,27,9,5,13,15,0,15,15,4,16,36,0,36,10,0,10,217,58,277
POA6560,0,0,0,3,0,3,0,4,5,0,10,10,4,30,40,11,20,33,25,10,37,28,6,37,23,10,34,25,11,30,22,14,36,24,11,29,35,12,50,34,0,31,33,0,32,12,0,11,38,0,38,37,0,39,3,7,12,363,145,509
POA6562,5,0,5,0,0,3,0,7,12,5,5,10,5,14,17,9,12,17,29,3,32,15,5,23,30,6,33,27,4,32,21,7,31,15,3,16,43,7,47,26,0,26,17,4,22,15,0,15,48,7,49,65,6,64,8,0,11,379,97,477
POA6564,0,0,0,0,0,0,0,0,0,0,3,3,0,11,7,0,3,3,15,0,21,5,4,12,7,6,8,7,8,14,9,0,10,10,4,7,13,0,12,9,0,9,4,3,7,3,0,3,6,0,10,14,0,11,0,0,0,88,46,134
POA6566,13,10,26,5,10,9,4,21,22,5,27,31,18,93,121,24,41,71,75,31,107,75,37,108,63,32,100,67,17,85,42,19,63,47,16,69,94,17,111,62,4,68,60,0,61,29,0,32,50,10,61,119,4,122,19,13,30,884,405,1291
POA6567,0,0,4,0,0,5,0,4,4,0,5,5,6,7,16,3,5,4,11,0,8,8,4,12,5,3,10,20,7,20,4,0,3,3,0,3,15,5,17,11,0,11,9,0,9,4,0,4,8,0,8,21,0,22,0,0,0,128,45,170
POA6568,0,0,0,0,0,0,0,3,3,0,3,6,0,4,5,0,0,0,3,0,4,7,0,7,0,0,0,3,0,3,6,4,9,0,0,3,6,0,9,5,0,5,0,0,0,3,0,3,4,0,9,16,0,16,0,0,0,57,20,74
POA6569,0,0,0,0,0,0,0,0,0,0,5,5,0,3,3,0,3,3,4,3,10,3,0,3,3,7,5,6,5,12,4,3,7,7,0,0,4,0,10,8,0,8,6,0,6,0,0,0,8,0,10,17,0,18,4,6,4,67,31,98
POA6571,0,0,0,0,0,0,0,0,0,0,0,0,0,0,0,0,0,0,0,0,4,0,3,5,0,0,0,0,0,0,0,0,3,0,0,0,0,0,0,0,0,0,4,0,4,0,0,0,0,3,5,3,0,3,0,0,0,15,10,27
POA6572,0,0,0,0,0,0,0,0,0,0,0,0,0,0,0,0,0,0,0,0,0,0,0,0,0,0,0,0,0,0,0,0,0,0,0,0,0,0,0,0,0,0,0,0,0,0,0,0,3,0,10,0,0,0,0,0,0,18,5,15
POA6574,0,0,0,0,0,0,0,0,0,0,0,0,0,0,0,0,0,0,0,0,0,0,0,0,0,0,0,0,0,0,4,0,4,0,0,0,0,0,5,3,0,3,0,0,0,0,0,0,3,0,3,7,0,7,0,0,0,19,4,27
POA6575,0,0,0,0,0,0,0,0,0,0,0,0,0,0,0,0,0,4,4,0,5,0,4,4,0,3,3,0,0,4,0,0,0,0,0,0,3,3,4,3,0,3,0,0,0,0,0,0,3,0,3,8,0,8,0,0,0,20,13,35
POA6603,0,3,8,5,0,6,0,10,8,5,3,4,5,25,34,14,12,29,22,13,36,17,15,31,22,16,44,17,10,22,13,14,24,18,4,20,36,12,47,24,0,21,27,3,33,5,0,5,23,3,31,33,0,31,0,4,7,285,155,440
POA6605,0,0,0,0,0,0,0,0,0,0,0,0,0,0,0,0,0,0,0,0,0,0,0,0,0,0,0,0,0,0,0,0,0,0,0,0,6,0,6,0,0,0,0,0,0,0,0,0,0,0,0,3,0,3,0,0,0,7,3,16
POA6606,0,0,0,0,0,0,0,6,6,3,0,0,0,6,6,0,0,3,0,6,10,4,5,8,4,0,6,3,0,6,0,0,0,0,0,0,7,0,7,5,0,5,0,0,0,0,0,0,5,0,5,4,0,4,0,3,3,39,25,59
POA6608,0,0,0,0,0,0,0,0,0,0,0,0,0,0,0,0,0,7,0,0,0,0,3,4,0,5,3,6,0,6,0,0,0,0,0,0,3,0,0,0,0,0,0,0,0,3,0,3,4,0,4,4,0,4,0,0,0,25,9,38
POA6609,0,0,0,0,0,0,0,0,0,0,6,6,6,0,5,9,8,9,9,8,17,12,6,20,8,12,20,11,11,18,10,3,15,5,0,10,27,6,31,27,0,28,17,0,17,13,0,13,23,4,28,23,0,22,4,3,6,192,74,266
POA6612,4,0,3,0,0,0,0,0,0,0,0,0,0,0,4,0,0,0,0,0,0,0,0,0,4,0,4,0,3,7,0,0,0,4,0,4,4,0,4,0,0,0,5,0,5,0,0,0,4,0,4,6,0,6,0,3,3,33,14,47
POA6613,0,0,0,0,0,0,0,0,0,0,0,0,0,0,0,0,0,0,0,0,0,0,0,0,0,0,0,0,0,0,0,0,0,0,0,0,0,0,0,3,0,3,0,0,0,0,0,0,4,0,4,0,0,0,0,0,0,12,9,16
POA6614,0,0,0,0,0,0,0,0,0,0,0,0,0,0,0,0,0,0,0,0,0,0,0,0,0,0,5,0,0,0,0,0,0,0,0,0,0,0,0,0,0,0,0,0,0,0,0,0,0,0,0,0,0,0,0,0,0,6,0,5
POA6616,0,0,0,0,0,0,0,0,0,0,0,0,0,0,0,0,0,0,0,0,0,0,0,0,0,0,0,0,0,0,0,0,0,0,0,0,3,0,3,0,0,0,0,0,0,0,0,0,0,0,0,0,0,0,0,0,0,5,3,13
POA6620,0,0,0,0,0,0,4,0,4,0,0,0,0,5,12,4,0,4,3,3,7,3,0,3,5,7,7,8,6,11,3,4,9,7,0,9,9,0,11,6,0,6,3,0,4,0,0,0,8,0,8,4,0,4,0,4,6,72,38,103
POA6623,0,5,5,0,0,0,3,6,9,0,9,9,0,14,17,0,3,9,10,4,9,7,5,13,12,8,13,8,8,16,8,8,11,4,0,9,18,6,23,4,0,7,9,0,9,9,0,9,3,3,9,14,0,14,5,5,5,117,71,192
POA6625,0,0,0,0,0,0,0,0,0,0,0,0,0,0,0,0,0,0,0,0,0,0,0,0,0,0,0,4,4,3,0,0,0,3,0,3,4,0,4,0,0,0,0,0,0,0,0,0,4,0,5,4,0,4,0,0,0,16,3,22
POA6627,0,0,0,0,0,0,0,0,0,0,0,0,0,0,0,0,0,0,0,0,0,0,0,0,0,0,0,3,0,3,0,0,3,0,0,4,0,0,0,0,0,0,0,0,0,0,0,0,3,0,0,0,0,0,0,0,0,15,7,18
POA6628,0,0,0,0,0,0,0,0,0,0,0,0,0,0,0,0,0,0,0,0,0,0,0,0,0,0,0,0,0,0,0,0,0,0,0,0,0,0,0,0,0,0,0,0,0,0,0,0,0,0,0,0,0,0,0,0,0,3,0,3
POA6630,0,0,5,3,0,0,5,3,8,0,8,11,0,17,14,0,8,9,5,0,11,5,4,7,5,4,11,5,6,10,10,0,10,0,6,4,6,0,11,11,0,11,12,0,13,7,0,7,8,3,4,16,0,16,3,0,3,98,63,162
POA6631,0,0,0,0,0,0,0,0,0,0,0,0,0,0,0,0,0,0,0,0,0,0,0,0,0,0,0,0,0,0,0,0,0,0,0,0,0,0,0,0,0,0,0,0,0,0,0,0,3,0,3,0,0,0,0,0,0,3,3,4
POA6632,0,0,0,0,0,0,0,0,0,0,0,0,0,0,0,0,0,0,0,0,0,0,0,0,0,0,0,4,0,4,0,0,6,0,0,0,0,0,0,0,0,0,0,0,0,0,0,0,0,0,0,4,0,4,0,0,0,17,3,26
POA6635,0,0,0,0,0,0,0,3,3,0,0,5,0,6,4,0,0,0,0,0,0,0,0,0,0,0,0,4,6,5,5,5,9,4,0,6,3,3,9,0,0,0,6,0,6,3,0,3,0,0,0,5,0,5,0,0,3,37,22,57
POA6638,4,4,9,0,0,0,0,0,0,0,4,3,3,4,6,3,4,9,8,8,14,3,4,7,4,3,12,6,3,11,0,0,3,3,5,4,9,3,11,7,0,7,0,5,5,0,0,0,3,3,6,6,3,12,0,5,9,71,57,128
POA6639,0,0,0,0,0,0,0,0,0,0,3,5,0,4,4,0,0,0,0,0,3,0,0,3,0,4,4,0,0,0,0,0,0,4,0,3,4,0,4,0,0,0,3,0,3,0,0,0,0,0,0,0,0,0,0,0,0,16,27,43
POA6640,0,0,0,0,0,0,0,0,0,0,4,4,4,15,16,0,9,9,6,0,3,0,0,0,0,0,0,3,0,5,3,3,3,0,0,5,0,0,5,0,0,0,0,5,5,4,0,4,0,0,0,4,5,3,0,0,4,20,45,70
POA6642,7,6,7,0,0,0,5,3,7,7,13,15,6,14,21,6,3,11,14,3,20,7,8,11,12,8,23,9,10,17,9,6,18,11,0,15,18,14,36,7,0,7,9,0,8,3,0,6,4,5,7,26,0,26,11,20,31,170,108,276
POA6646,0,0,4,0,0,0,6,0,7,0,0,5,9,4,8,5,0,5,6,0,6,5,5,9,4,6,6,4,6,9,3,3,3,4,0,3,5,3,6,3,0,3,0,0,3,0,0,0,3,0,3,5,0,5,0,7,9,56,34,84
POA6701,9,20,28,7,9,14,13,30,43,11,55,61,28,90,117,26,61,84,81,45,119,57,66,124,53,62,120,77,47,126,50,24,70,72,25,96,133,43,177,105,6,115,88,11,95,45,0,49,105,22,124,131,13,149,27,35,64,1120,655,1774
POA6705,0,4,4,0,0,0,0,3,3,0,0,0,6,0,3,0,0,0,0,0,4,3,0,3,4,4,5,4,0,6,4,0,5,0,0,0,5,3,6,0,0,0,5,0,5,4,0,4,3,0,3,3,0,8,0,0,0,38,20,57
POA6707,10,11,13,0,4,4,0,11,11,6,19,21,10,30,41,11,27,37,23,21,45,34,20,52,39,23,59,36,15,56,34,20,54,40,22,63,92,39,129,85,6,86,50,19,72,44,4,49,92,19,108,133,24,158,9,33,39,743,354,1093
POA6710,0,6,6,0,0,0,0,3,4,4,3,5,0,9,12,9,0,9,8,5,10,5,7,10,4,7,12,4,9,15,3,0,3,10,4,12,25,14,42,27,0,28,21,0,21,19,0,19,47,6,55,12,0,15,4,5,3,209,73,282
POA6712,0,0,0,0,0,0,0,0,0,0,0,0,0,0,0,0,0,0,0,0,0,0,0,0,0,0,0,0,0,0,0,0,0,0,0,0,0,0,0,0,0,0,0,0,0,0,0,0,0,0,0,0,0,0,0,0,0,0,0,0
POA6713,5,6,8,0,0,0,0,0,0,3,0,7,0,0,0,3,0,3,0,5,3,0,0,0,5,3,10,7,3,10,6,6,12,8,7,9,18,14,28,26,0,21,40,0,38,32,0,30,142,11,147,40,0,40,0,0,3,317,67,388
POA6714,12,20,33,6,4,14,4,20,20,7,27,32,16,31,49,16,25,40,24,33,54,34,42,74,53,70,121,64,93,158,81,127,209,132,141,271,371,275,646,327,22,346,452,99,546,317,20,340,1413,181,1593,436,40,476,23,38,64,3787,1294,5089
POA6716,0,5,5,0,0,0,0,0,0,0,0,0,0,0,0,0,0,0,0,0,0,0,0,0,0,3,3,0,4,6,3,0,5,3,4,6,4,4,7,5,0,5,10,0,6,0,0,0,10,0,10,9,0,9,0,0,0,48,22,66
POA6718,0,6,0,0,0,0,5,6,9,9,8,8,4,8,16,13,4,18,14,5,17,18,3,27,19,4,24,9,6,18,9,0,8,12,0,13,18,3,18,11,0,11,7,0,10,9,0,6,5,0,5,6,0,10,0,0,0,169,56,224
POA6720,0,3,3,0,0,3,0,0,0,0,6,3,0,4,3,0,0,3,6,3,7,5,0,7,4,9,12,8,7,14,5,13,20,10,9,16,36,43,78,45,0,44,46,21,70,43,0,43,187,19,200,47,3,46,7,5,11,459,151,605
POA6721,0,12,15,0,0,3,0,6,8,0,18,18,6,12,13,0,9,17,3,7,13,0,11,12,9,19,25,9,22,33,15,42,59,21,24,50,64,111,176,69,7,75,129,42,166,95,7,100,422,71,492,99,17,117,16,12,28,972,448,1417
POA6722,24,22,38,5,5,11,12,21,31,11,34,49,25,23,47,20,23,46,51,23,74,49,28,75,59,61,117,67,73,139,63,94,157,97,98,197,257,218,480,244,15,259,287,78,360,214,11,226,632,89,722,286,26,315,55,36,93,2465,983,3445
POA6725,15,32,48,12,16,34,15,39,58,29,105,129,41,72,109,45,45,98,102,40,139,70,51,122,102,83,192,112,67,181,81,70,152,101,51,150,267,111,382,241,21,264,239,28,261,152,9,162,347,42,394,343,41,379,58,60,117,2388,992,3376
POA6726,9,13,19,5,3,9,9,17,24,11,26,40,17,43,56,27,19,48,34,28,57,38,36,74,52,45,98,45,41,86,38,43,83,42,51,90,154,60,211,114,17,133,136,13,153,91,3,93,228,24,252,191,32,225,23,14,40,1278,518,1794
POA6728,3,7,17,0,8,7,22,39,55,15,22,35,75,41,118,29,16,49,78,16,95,45,21,73,65,34,101,55,43,104,39,55,93,46,35,79,74,56,129,51,0,51,66,5,72,26,0,26,67,12,78,121,10,130,36,17,56,926,446,1369
POA6740,9,3,11,3,3,3,10,7,15,4,14,24,4,14,16,14,10,19,23,3,27,27,7,30,26,12,36,14,7,26,11,12,28,9,7,13,26,15,41,10,0,17,13,6,17,8,0,8,11,3,12,27,6,29,11,5,17,264,129,389
POA6743,9,17,26,9,9,12,9,15,22,18,23,37,28,28,57,30,19,47,32,20,57,46,24,69,64,41,109,66,59,124,46,63,107,68,47,111,156,65,220,134,14,151,123,12,136,57,4,63,174,18,196,200,14,208,33,36,64,1293,525,1817
POA6751,3,9,10,0,0,0,0,7,12,0,7,7,8,6,12,10,0,10,3,5,7,5,7,15,9,10,19,5,17,24,9,11,20,21,22,41,81,80,157,69,4,70,103,17,120,75,0,76,193,11,211,80,6,89,5,7,17,679,219,895
POA6753,5,8,9,0,3,4,0,6,9,3,5,11,8,5,6,6,8,7,18,11,29,15,15,26,24,19,35,20,41,65,37,36,70,40,49,90,77,95,170,121,3,127,107,36,146,108,3,108,302,32,331,113,15,125,3,10,13,997,385,1382
POA6754,0,0,0,0,0,0,0,0,0,0,0,0,0,0,0,0,0,0,0,0,0,4,0,6,0,3,3,0,5,5,6,8,14,8,9,20,24,40,66,8,0,8,37,18,47,30,0,30,75,12,91,41,3,42,0,0,0,235,103,335
POA6758,0,0,0,0,0,0,0,0,0,0,0,0,0,5,4,5,0,5,0,0,0,0,0,0,7,0,8,3,0,6,0,0,0,0,0,0,3,3,7,0,0,0,0,0,0,0,0,0,0,0,6,0,0,0,0,0,3,24,13,42
POA6760,0,5,5,0,0,0,0,8,8,0,4,7,10,0,8,3,0,3,7,0,9,0,4,8,13,8,19,9,3,8,0,0,9,0,8,5,0,0,6,4,0,4,0,0,0,0,5,5,6,4,11,4,0,4,8,4,6,61,61,121
POA6762,0,0,0,0,0,0,0,0,0,0,0,0,5,0,5,0,0,0,3,0,3,8,0,8,3,3,7,5,0,4,0,4,6,0,0,0,0,5,5,0,0,0,3,0,0,0,0,0,0,0,0,0,0,0,8,0,8,44,13,52
POA6765,0,0,0,0,6,5,0,15,21,5,16,22,23,6,28,10,0,13,32,8,40,37,10,48,25,15,37,18,11,32,8,12,18,21,16,28,21,26,48,22,4,19,23,5,26,10,0,10,12,8,14,46,0,43,0,5,9,313,150,469
POA6770,0,0,0,3,8,8,18,23,38,18,22,35,43,17,63,36,12,45,50,8,61,52,11,65,51,13,63,44,20,65,20,26,45,23,24,44,32,26,57,37,0,37,19,7,25,7,0,9,14,0,19,66,5,73,45,21,62,576,245,817
