SAL_CODE_2021,P_Tot_55_64,P_Tot_65_74,P_Tot_75_84,P_Tot_85ov,P_Tot_Tot
SAL50001,7,0,3,0,35
SAL50002,115,113,32,14,694
SAL50003,8,5,0,0,40
SAL50004,0,5,0,0,17
SAL50005,0,0,0,0,18
SAL50006,188,202,67,20,848
SAL50007,0,0,0,0,15
SAL50008,602,339,105,31,3272
SAL50009,0,0,0,0,3
SAL50010,263,189,105,28,1649
SAL50011,441,202,65,12,4906
SAL50012,4,3,0,0,6
SAL50013,62,38,8,0,290
SAL50014,5,6,0,0,42
SAL50015,0,0,0,0,6
SAL50016,59,34,9,0,281
SAL50017,0,5,0,0,37
SAL50018,0,0,0,0,0
SAL50019,30,17,8,0,139
SAL50020,7,4,0,0,24
SAL50021,0,0,0,0,0
SAL50022,775,680,307,82,4418
SAL50023,0,0,0,0,26
SAL50024,436,363,167,55,2707
SAL50025,72,42,11,5,312
SAL50026,790,655,385,131,5690
SAL50027,3,5,3,0,25
SAL50028,0,3,0,0,11
SAL50029,3,0,0,0,23
SAL50030,4,3,0,0,30
SAL50031,333,209,122,90,1886
SAL50032,163,124,106,37,1316
SAL50033,0,0,0,0,0
SAL50034,80,61,38,14,742
SAL50035,702,428,275,112,3773
SAL50036,565,245,91,11,4558
SAL50037,242,146,58,57,3318
SAL50038,147,202,114,41,771
SAL50039,1143,786,335,71,7384
SAL50040,567,293,113,10,6595
SAL50041,0,3,0,0,0
SAL50042,0,0,0,0,8
SAL50043,8,0,0,0,25
SAL50044,3,0,0,0,5
SAL50045,9,0,0,0,24
SAL50046,0,0,0,0,5
SAL50047,0,0,0,0,4
SAL50048,17,13,4,0,88
SAL50049,0,3,0,0,14
SAL50050,5,3,4,0,28
SAL50051,92,105,27,0,583
SAL50052,9,7,0,0,53
SAL50053,634,434,300,172,5646
SAL50054,1758,939,518,67,17154
SAL50055,560,396,210,54,6554
SAL50056,71,91,35,7,350
SAL50057,3,7,0,0,11
SAL50058,0,0,0,0,3
SAL50059,11,11,0,0,49
SAL50060,0,0,0,0,0
SAL50061,1544,724,281,61,7920
SAL50062,0,6,3,0,16
SAL50063,4,0,0,0,14
SAL50064,12,8,0,0,33
SAL50065,13,5,0,0,27
SAL50066,24,17,13,0,179
SAL50067,34,3,0,0,223
SAL50068,161,86,30,10,765
SAL50069,415,173,46,7,5081
SAL50070,0,0,0,0,0
SAL50071,0,5,0,0,35
SAL50072,4,0,0,0,7
SAL50073,0,0,0,0,14
SAL50074,6,9,0,0,31
SAL50075,80,42,32,0,432
SAL50076,10,0,0,0,44
SAL50077,33,24,7,0,144
SAL50078,939,617,267,89,5905
SAL50079,342,287,159,35,2226
SAL50080,0,0,0,0,0
SAL50081,187,38,4,0,2269
SAL50082,257,216,133,25,1578
SAL50083,1223,792,358,178,8651
SAL50084,133,78,39,23,744
SAL50085,8,0,0,4,47
SAL50086,505,337,140,33,2994
SAL50087,0,0,0,0,0
SAL50088,5,3,0,0,27
SAL50089,0,0,0,0,24
SAL50090,381,306,147,39,4648
SAL50091,448,274,126,32,3091
SAL50092,301,163,86,9,1530
SAL50093,622,402,136,31,3870
SAL50094,10,6,0,0,61
SAL50095,6,3,0,0,47
SAL50096,8,3,8,0,29
SAL50097,11,6,0,0,48
SAL50098,503,245,67,17,4249
SAL50099,9,0,0,0,21
SAL50100,4,3,6,0,42
SAL50101,9,12,6,0,78
SAL50102,293,218,56,10,2067
SAL50103,40,27,9,0,137
SAL50104,126,72,24,13,714
SAL50105,415,268,105,45,3760
SAL50106,20,5,3,0,84
SAL50107,12,0,4,0,82
SAL50108,0,0,0,0,11
SAL50109,12,9,6,0,65
SAL50110,281,125,44,3,2448
SAL50111,277,307,421,449,5423
SAL50112,141,103,34,17,768
SAL50113,9,0,0,0,22
SAL50114,0,0,0,0,0
SAL50115,218,107,27,8,2791
SAL50116,83,116,51,22,504
SAL50117,566,387,189,84,3170
SAL50118,104,65,26,7,427
SAL50119,746,613,283,132,4140
SAL50120,0,4,0,0,7
SAL50121,21,43,9,0,120
SAL50122,0,0,0,0,7
SAL50123,92,34,10,0,854
SAL50124,0,0,0,0,0
SAL50125,6,0,0,0,26
SAL50126,129,95,48,8,574
SAL50127,0,0,0,0,0
SAL50128,0,0,0,0,3
SAL50129,132,100,30,4,659
SAL50130,12,3,0,0,33
SAL50131,6,12,3,0,35
SAL50132,127,114,80,42,738
SAL50133,11,8,3,0,34
SAL50134,7,3,0,0,23
SAL50135,9,0,0,0,18
SAL50136,7,3,0,0,24
SAL50137,106,72,22,3,512
SAL50138,6,0,0,0,12
SAL50139,3,0,0,0,9
SAL50140,11,14,0,0,51
SAL50141,0,3,0,0,18
SAL50142,31,22,7,0,109
SAL50143,12,0,0,0,94
SAL50144,0,0,0,0,0
SAL50145,10,9,9,0,69
SAL50146,9,0,0,0,16
SAL50147,3,0,0,0,37
SAL50148,546,400,242,144,3261
SAL50149,4,0,0,0,5
SAL50150,0,0,0,0,0
SAL50151,12,14,7,0,66
SAL50152,4,4,0,0,27
SAL50153,0,3,0,0,16
SAL50154,4,0,0,0,0
SAL50155,0,0,0,0,3
SAL50156,0,0,0,0,8
SAL50157,16,15,6,0,64
SAL50158,4,12,0,0,35
SAL50159,355,168,50,4,2128
SAL50160,3,5,0,0,27
SAL50161,111,104,33,8,476
SAL50162,56,35,16,0,237
SAL50163,4,0,6,0,23
SAL50164,6,0,0,0,33
SAL50165,11,17,0,0,51
SAL50166,3,3,0,0,8
SAL50167,9,3,0,0,32
SAL50168,58,48,33,9,394
SAL50169,146,101,38,6,663
SAL50170,0,0,0,0,14
SAL50171,3,4,0,0,18
SAL50172,84,67,36,9,427
SAL50173,185,52,15,0,4301
SAL50174,12,8,4,0,68
SAL50175,5,7,0,0,22
SAL50176,3,3,0,0,17
SAL50177,46,25,18,3,198
SAL50178,153,116,36,29,1132
SAL50179,0,0,0,0,0
SAL50180,328,382,141,30,1685
SAL50181,110,79,17,6,550
SAL50182,5,6,0,0,12
SAL50183,291,365,271,157,2089
SAL50184,53,15,0,0,336
SAL50185,77,52,19,3,492
SAL50186,0,0,3,0,10
SAL50187,124,84,18,0,1133
SAL50188,27,17,4,0,131
SAL50189,57,35,15,9,291
SAL50190,315,155,51,15,1984
SAL50191,6,6,4,0,44
SAL50192,24,18,10,0,90
SAL50193,14,8,3,0,87
SAL50194,0,0,0,0,0
SAL50195,12,6,4,0,53
SAL50196,54,51,30,9,311
SAL50197,98,61,29,7,526
SAL50198,3,0,4,0,15
SAL50199,6,6,0,0,22
SAL50200,195,56,6,0,1571
SAL50201,668,710,411,176,4556
SAL50202,0,0,0,0,0
SAL50203,3,5,0,0,32
SAL50204,20,10,6,0,75
SAL50205,0,4,0,0,14
SAL50206,0,0,0,0,4
SAL50207,436,268,84,17,2627
SAL50208,0,0,0,0,0
SAL50209,6,0,0,0,21
SAL50210,463,361,162,88,2362
SAL50211,0,0,0,0,7
SAL50212,4,0,0,0,17
SAL50213,0,3,0,0,26
SAL50214,3,3,0,3,21
SAL50215,7,5,0,0,16
SAL50216,0,0,0,0,0
SAL50217,60,39,19,0,369
SAL50218,0,0,5,0,6
SAL50219,18,13,8,0,320
SAL50220,0,0,0,0,3
SAL50221,433,191,43,10,2209
SAL50222,20,24,12,0,178
SAL50223,6,7,0,0,51
SAL50224,0,0,0,0,9
SAL50225,0,0,0,0,0
SAL50226,258,197,60,8,1864
SAL50227,40,16,12,0,423
SAL50228,159,171,94,30,915
SAL50229,666,363,134,29,5958
SAL50230,797,429,158,43,8216
SAL50231,421,228,49,11,3086
SAL50232,3,7,0,0,25
SAL50233,4,0,0,0,4
SAL50234,15,12,5,5,71
SAL50235,99,88,84,48,818
SAL50236,8,8,7,0,26
SAL50237,0,0,0,0,6
SAL50238,29,8,0,0,177
SAL50239,0,0,0,0,15
SAL50240,302,183,78,24,1778
SAL50241,0,0,0,0,20
SAL50242,0,0,0,0,0
SAL50243,3,4,6,0,26
SAL50244,0,0,0,0,6
SAL50245,2522,1385,457,132,17004
SAL50246,271,175,73,22,4066
SAL50247,0,0,0,0,4
SAL50248,61,36,4,5,251
SAL50249,0,0,0,0,0
SAL50250,0,0,0,0,11
SAL50251,190,151,52,10,1131
SAL50252,25,8,3,0,74
SAL50253,6,0,0,0,60
SAL50254,0,3,6,0,14
SAL50255,44,29,3,0,203
SAL50256,0,0,0,0,14
SAL50257,0,0,0,0,0
SAL50258,20,10,4,0,63
SAL50259,12,9,0,0,52
SAL50260,94,50,20,0,541
SAL50261,357,238,119,64,2274
SAL50262,626,695,312,104,4114
SAL50263,405,320,132,51,3975
SAL50264,10,18,0,0,49
SAL50265,81,86,31,11,412
SAL50266,26,33,8,6,210
SAL50267,23,7,9,3,185
SAL50268,0,0,0,0,0
SAL50269,578,277,87,19,3564
SAL50270,7,0,0,0,20
SAL50271,4,0,0,0,23
SAL50272,3,0,0,0,45
SAL50273,227,196,99,31,1761
SAL50274,92,36,14,4,466
SAL50275,7,0,0,0,81
SAL50276,20,12,7,0,84
SAL50277,367,197,78,13,3634
SAL50278,47,60,39,17,333
SAL50279,42,44,20,5,219
SAL50280,13,16,3,0,69
SAL50281,133,84,31,0,709
SAL50282,5,0,0,0,7
SAL50283,0,4,0,0,28
SAL50284,15,10,5,0,69
SAL50285,7,6,3,4,56
SAL50286,0,7,3,0,33
SAL50287,3,7,6,0,34
SAL50288,6,3,0,0,17
SAL50289,0,0,0,0,35
SAL50290,211,127,35,9,951
SAL50291,128,56,25,4,512
SAL50292,3,0,0,0,20
SAL50293,353,253,138,36,2215
SAL50294,872,503,404,185,4062
SAL50295,36,38,6,5,173
SAL50296,876,823,639,290,5979
SAL50297,902,415,151,28,6784
SAL50298,0,0,0,0,0
SAL50299,0,0,0,0,3
SAL50300,0,0,0,0,0
SAL50301,449,319,151,69,4560
SAL50302,4,0,0,0,19
SAL50303,0,0,0,0,0
SAL50304,87,39,17,0,940
SAL50305,0,0,0,0,14
SAL50306,0,0,0,0,12
SAL50307,9,13,0,0,48
SAL50308,0,5,0,0,3
SAL50309,100,77,28,3,706
SAL50310,506,426,215,75,3182
SAL50311,4,3,0,0,24
SAL50312,60,34,24,7,354
SAL50313,27,22,5,0,102
SAL50314,3,6,0,0,19
SAL50315,6,0,0,0,9
SAL50316,1138,977,549,386,9378
SAL50317,17,12,3,0,123
SAL50318,521,304,105,24,2084
SAL50319,0,0,6,0,6
SAL50320,289,310,189,72,1763
SAL50321,550,399,168,40,2831
SAL50322,64,34,12,5,273
SAL50323,0,0,0,0,28
SAL50324,326,222,118,44,3014
SAL50325,171,111,39,20,979
SAL50326,0,0,0,0,9
SAL50327,79,49,9,4,352
SAL50328,0,5,0,0,8
SAL50329,529,337,182,80,2938
SAL50330,28,19,4,3,154
SAL50331,6,0,0,0,59
SAL50332,6,12,0,0,27
SAL50333,11,10,0,0,42
SAL50334,114,88,29,0,388
SAL50335,10,7,5,0,71
SAL50336,0,0,0,0,0
SAL50337,4,0,0,4,36
SAL50338,15,8,0,0,132
SAL50339,0,0,0,0,3
SAL50340,43,49,18,16,292
SAL50341,10,4,0,0,62
SAL50342,0,0,0,0,9
SAL50343,948,740,419,157,5042
SAL50344,3,0,0,0,29
SAL50345,4,0,0,0,18
SAL50346,7,3,0,0,29
SAL50347,201,110,36,6,1305
SAL50348,0,0,0,0,4
SAL50349,3,0,0,0,22
SAL50350,396,281,117,31,3347
SAL50351,0,0,0,0,11
SAL50352,31,22,9,5,188
SAL50353,122,202,139,36,2400
SAL50354,33,29,5,0,155
SAL50355,20,18,8,0,81
SAL50356,20,12,3,0,56
SAL50357,51,36,21,5,207
SAL50358,0,0,0,0,6
SAL50359,15,31,3,0,79
SAL50360,0,3,0,0,9
SAL50361,4,0,0,0,17
SAL50362,3,0,0,0,8
SAL50363,5,0,0,0,112
SAL50364,42,33,18,9,297
SAL50365,5,6,0,0,27
SAL50366,5,0,0,0,15
SAL50367,679,316,124,22,3626
SAL50368,22,14,8,0,89
SAL50369,0,0,4,0,16
SAL50370,3,5,0,0,26
SAL50371,152,118,60,10,984
SAL50372,27,25,5,0,109
SAL50373,3,8,0,3,22
SAL50374,510,461,242,63,2686
SAL50375,37,27,14,4,313
SAL50376,634,356,128,20,4691
SAL50377,10,3,0,0,62
SAL50378,105,18,7,0,678
SAL50379,0,0,0,0,0
SAL50380,45,10,8,0,327
SAL50381,0,0,0,0,11
SAL50382,24,15,15,6,137
SAL50383,5,0,3,0,25
SAL50384,385,187,85,23,3292
SAL50385,0,0,0,0,3
SAL50386,40,28,15,0,272
SAL50387,80,40,10,10,354
SAL50388,39,15,8,7,164
SAL50389,162,80,22,6,781
SAL50390,405,340,184,37,2157
SAL50391,3,14,0,0,28
SAL50392,0,0,0,0,9
SAL50393,0,0,0,0,17
SAL50394,0,0,0,0,5
SAL50395,0,0,0,0,5
SAL50396,569,549,231,37,3337
SAL50397,143,67,14,0,2767
SAL50398,0,6,0,0,9
SAL50399,38,15,0,0,140
SAL50400,71,20,7,0,438
SAL50401,8,4,4,0,27
SAL50402,11,0,0,0,44
SAL50403,78,69,28,5,485
SAL50404,257,270,157,52,1449
SAL50405,255,176,41,6,1514
SAL50406,0,0,0,0,7
SAL50407,12,4,9,0,48
SAL50408,10,3,0,0,17
SAL50409,1911,1391,832,310,12702
SAL50410,0,0,0,0,6
SAL50411,26,18,8,0,108
SAL50412,10,11,3,0,77
SAL50413,0,0,0,0,0
SAL50414,7,0,0,0,29
SAL50415,219,75,12,0,1802
SAL50416,131,119,47,5,608
SAL50417,4,4,0,0,22
SAL50418,3,0,0,0,3
SAL50419,233,202,119,35,1327
SAL50420,8,5,0,0,28
SAL50421,11,6,0,0,48
SAL50422,0,0,0,0,0
SAL50423,742,430,189,65,5384
SAL50424,19,46,13,3,176
SAL50425,3,6,0,0,23
SAL50426,99,59,13,0,769
SAL50427,0,0,0,0,7
SAL50428,3,4,0,0,21
SAL50429,0,0,0,0,17
SAL50430,0,0,0,0,22
SAL50431,614,585,347,134,3279
SAL50432,0,0,0,0,7
SAL50433,11,8,0,0,40
SAL50434,0,0,0,0,14
SAL50435,39,24,10,3,139
SAL50436,23,11,0,3,83
SAL50437,25,24,7,0,137
SAL50438,1348,1275,560,133,8708
SAL50439,0,0,0,0,0
SAL50440,3,0,0,0,3
SAL50441,511,477,253,56,3559
SAL50442,13,10,0,0,83
SAL50443,4,4,0,0,16
SAL50444,0,0,0,0,0
SAL50445,0,0,0,0,12
SAL50446,53,48,16,6,249
SAL50447,16,27,10,0,78
SAL50448,6,6,3,0,16
SAL50449,0,0,0,0,12
SAL50450,9,7,0,0,43
SAL50451,3,3,0,0,20
SAL50452,321,251,156,41,1928
SAL50453,296,148,62,13,3348
SAL50454,62,40,16,6,338
SAL50455,3,12,0,0,28
SAL50456,0,0,0,0,7
SAL50457,884,655,308,166,4705
SAL50458,0,0,0,0,3
SAL50459,4,3,0,0,18
SAL50460,0,0,0,0,0
SAL50461,0,0,0,0,5
SAL50462,4,12,4,0,26
SAL50463,0,0,0,0,5
SAL50464,976,641,209,44,8582
SAL50465,17,6,5,0,81
SAL50466,0,0,0,0,12
SAL50467,47,45,18,0,150
SAL50468,731,409,155,37,6539
SAL50469,5,0,0,0,12
SAL50470,0,0,0,0,18
SAL50471,14,6,3,0,61
SAL50472,551,413,271,145,3895
SAL50473,242,177,86,19,1805
SAL50474,453,321,153,53,2528
SAL50475,9,0,0,0,38
SAL50476,122,59,11,0,1734
SAL50477,11,8,4,0,62
SAL50478,5,0,0,0,15
SAL50479,0,0,0,0,0
SAL50480,11,3,6,0,43
SAL50481,48,48,8,6,201
SAL50482,1106,577,330,152,10604
SAL50483,0,0,5,0,12
SAL50484,198,130,80,39,1871
SAL50485,0,0,0,0,6
SAL50486,18,36,21,19,141
SAL50487,18,8,4,0,66
SAL50488,0,0,0,0,0
SAL50489,5,0,0,0,0
SAL50490,0,0,0,0,0
SAL50491,410,586,447,101,2542
SAL50492,164,94,127,45,957
SAL50493,0,0,0,0,0
SAL50494,4,5,0,0,14
SAL50495,0,0,0,0,0
SAL50496,0,0,0,0,13
SAL50497,209,119,44,9,1555
SAL50498,12,4,0,0,26
SAL50499,11,7,0,0,32
SAL50500,581,486,238,54,2818
SAL50501,38,21,12,0,139
SAL50502,323,312,168,87,2430
SAL50503,0,0,0,0,3
SAL50504,0,0,0,0,0
SAL50505,0,0,0,0,0
SAL50506,0,0,0,0,0
SAL50507,0,0,0,0,4
SAL50508,63,22,0,0,433
SAL50509,0,0,0,0,0
SAL50510,1043,610,280,96,5063
SAL50511,0,0,0,0,0
SAL50512,34,30,8,0,150
SAL50513,8,7,0,0,50
SAL50514,0,0,0,0,0
SAL50515,4,4,0,0,15
SAL50516,4,0,0,0,15
SAL50517,93,50,18,3,477
SAL50518,861,652,258,114,6176
SAL50519,14,0,0,0,116
SAL50520,41,16,9,3,178
SAL50521,4,4,0,0,28
SAL50522,1012,767,299,58,6194
SAL50523,85,111,57,13,463
SAL50524,0,3,0,0,8
SAL50525,66,75,29,9,335
SAL50526,0,4,0,0,13
SAL50527,8,0,0,3,45
SAL50528,21,4,0,0,152
SAL50529,0,0,0,0,631
SAL50530,9,8,0,0,33
SAL50531,8,0,0,0,20
SAL50532,0,3,0,0,6
SAL50533,286,173,44,9,1212
SAL50534,390,328,154,31,1837
SAL50535,5,4,0,0,33
SAL50536,269,187,150,143,1648
SAL50537,0,0,0,0,3
SAL50538,9,8,0,0,26
SAL50539,23,24,3,4,170
SAL50540,0,0,0,0,30
SAL50541,0,0,0,0,4
SAL50542,342,174,81,20,1546
SAL50543,8,11,0,0,35
SAL50544,0,0,0,0,0
SAL50545,5,3,0,0,25
SAL50546,0,0,0,0,0
SAL50547,0,0,0,0,0
SAL50548,58,46,32,0,381
SAL50549,5,3,0,0,23
SAL50550,417,313,141,30,3594
SAL50551,95,48,27,4,484
SAL50552,305,237,112,28,1597
SAL50553,202,108,41,14,1354
SAL50554,5,9,4,0,31
SAL50555,3,0,0,0,10
SAL50556,87,117,47,34,1703
SAL50557,74,44,8,5,457
SAL50558,19,3,6,0,64
SAL50559,10,8,5,0,50
SAL50560,0,0,0,0,15
SAL50561,157,126,72,17,655
SAL50562,56,36,9,3,329
SAL50563,3,0,0,0,3
SAL50564,51,31,8,6,215
SAL50565,9,0,0,0,19
SAL50566,295,129,60,11,2690
SAL50567,50,61,21,3,183
SAL50568,0,0,0,0,13
SAL50569,48,46,12,4,218
SAL50570,0,0,0,0,9
SAL50571,364,335,205,48,1899
SAL50572,3,0,0,0,13
SAL50573,0,0,0,0,0
SAL50574,1126,863,562,284,8937
SAL50575,29,21,9,0,152
SAL50576,7,5,0,0,20
SAL50577,10,3,4,0,49
SAL50578,28,15,3,0,78
SAL50579,28,46,27,5,138
SAL50580,12,5,0,0,32
SAL50581,0,7,0,0,27
SAL50582,43,30,14,0,161
SAL50583,672,510,481,252,4199
SAL50584,0,0,0,0,15
SAL50585,221,192,147,98,1390
SAL50586,34,17,13,0,179
SAL50587,665,701,284,45,5175
SAL50588,4,3,0,0,11
SAL50589,9,9,0,0,21
SAL50590,0,0,0,0,5
SAL50591,10,0,0,0,40
SAL50592,0,0,0,0,0
SAL50593,24,22,17,5,79
SAL50594,212,129,82,63,1132
SAL50595,0,0,0,0,7
SAL50596,0,0,0,0,9
SAL50597,0,0,0,0,22
SAL50598,9,4,7,0,40
SAL50599,387,306,238,179,2929
SAL50600,8,8,0,0,30
SAL50601,6,7,3,0,36
SAL50602,73,30,16,3,533
SAL50603,1393,1022,528,157,7161
SAL50604,28,18,7,0,126
SAL50605,3,3,3,0,35
SAL50606,7,0,0,0,14
SAL50607,336,368,175,36,2782
SAL50608,26,9,0,0,172
SAL50609,827,580,252,109,6096
SAL50610,242,106,28,3,3617
SAL50611,149,74,22,3,1156
SAL50612,14,11,0,0,58
SAL50613,476,223,47,8,5860
SAL50614,4,4,0,0,26
SAL50615,204,160,109,56,1512
SAL50616,0,0,0,0,17
SAL50617,0,0,0,0,0
SAL50618,81,57,22,4,286
SAL50619,50,36,3,0,1183
SAL50620,75,75,37,11,486
SAL50621,9,14,3,0,42
SAL50622,427,329,104,29,3488
SAL50623,349,295,144,21,2066
SAL50624,4,0,0,0,23
SAL50625,217,122,56,9,1143
SAL50626,21,25,0,0,89
SAL50627,0,0,0,0,0
SAL50628,116,110,33,7,687
SAL50629,60,28,23,6,261
SAL50630,0,10,0,0,39
SAL50631,8,11,5,0,55
SAL50632,0,0,0,0,8
SAL50633,752,475,294,70,5478
SAL50634,19,15,8,0,102
SAL50635,165,103,35,4,1610
SAL50636,149,63,17,3,1953
SAL50637,8,6,6,0,46
SAL50638,1324,926,309,60,6207
SAL50639,113,105,48,7,753
SAL50640,10,3,5,0,39
SAL50641,331,215,115,102,2430
SAL50642,5,0,0,0,18
SAL50643,6,8,4,0,29
SAL50644,0,0,0,0,32
SAL50645,368,234,79,18,3372
SAL50646,27,11,4,0,75
SAL50647,5,0,0,3,18
SAL50648,0,0,0,0,0
SAL50649,0,0,0,0,4
SAL50650,0,0,0,0,24
SAL50651,9,0,0,0,11
SAL50652,3,0,0,0,20
SAL50653,30,16,11,0,138
SAL50654,91,78,48,3,533
SAL50655,18,14,10,0,65
SAL50656,0,0,0,0,0
SAL50657,110,67,37,3,423
SAL50658,12,12,5,0,62
SAL50659,4,0,0,0,21
SAL50660,3,0,0,0,11
SAL50661,473,335,110,30,3963
SAL50662,24,17,10,3,149
SAL50663,0,0,0,0,3
SAL50664,835,332,95,20,3153
SAL50665,3,0,0,0,10
SAL50666,0,0,0,0,7
SAL50667,0,0,0,0,3
SAL50668,567,339,146,61,3549
SAL50669,0,0,5,0,11
SAL50670,572,438,260,181,5906
SAL50671,0,0,0,0,4
SAL50672,8,10,0,0,47
SAL50673,0,0,0,0,16
SAL50674,7,8,3,0,30
SAL50675,0,0,0,0,0
SAL50676,8,4,0,0,25
SAL50677,10,0,0,0,25
SAL50678,3,0,0,0,30
SAL50679,24,25,11,0,90
SAL50680,0,0,0,0,18
SAL50681,24,22,10,0,132
SAL50682,271,213,65,18,1381
SAL50683,340,131,49,7,1755
SAL50684,10,9,0,0,61
SAL50685,0,0,0,0,17
SAL50686,122,50,41,6,602
SAL50687,0,0,0,0,5
SAL50688,11,20,8,0,64
SAL50689,0,3,0,0,27
SAL50690,0,9,0,0,21
SAL50691,8,0,0,0,104
SAL50692,31,12,5,0,147
SAL50693,0,3,0,0,13
SAL50694,7,0,0,0,39
SAL50695,7,4,0,0,18
SAL50696,336,129,37,4,2130
SAL50697,10,4,0,0,37
SAL50698,11,9,0,0,61
SAL50699,3,6,0,0,21
SAL50700,90,152,136,75,961
SAL50701,856,570,246,155,5347
SAL50702,342,215,99,73,3288
SAL50703,65,40,21,0,212
SAL50704,0,0,0,0,0
SAL50705,195,200,64,13,950
SAL50706,4,0,0,0,18
SAL50707,722,679,450,164,4049
SAL50708,13,4,3,0,73
SAL50709,169,167,53,11,743
SAL50710,0,0,0,0,0
SAL50711,80,72,28,0,418
SAL50712,245,102,62,37,1877
SAL50713,5,5,0,0,49
SAL50714,571,439,214,56,2981
SAL50715,5,9,3,0,49
SAL50716,23,7,3,0,61
SAL50717,57,37,11,4,396
SAL50718,113,47,22,6,704
SAL50719,59,64,27,0,272
SAL50720,0,0,0,0,12
SAL50721,0,0,0,0,0
SAL50722,34,44,13,4,134
SAL50723,5,0,0,0,27
SAL50724,145,83,35,4,1027
SAL50725,932,628,304,77,5191
SAL50726,3,0,0,0,30
SAL50727,5,4,4,0,44
SAL50728,15,0,0,0,136
SAL50729,3,0,0,0,11
SAL50730,39,26,4,0,203
SAL50731,114,83,15,12,958
SAL50732,29,32,15,0,192
SAL50733,0,0,0,0,19
SAL50734,16,17,4,0,76
SAL50735,4,0,0,0,21
SAL50736,0,3,0,0,33
SAL50737,11,0,0,0,70
SAL50738,15,0,0,0,113
SAL50739,36,24,6,0,166
SAL50740,793,610,422,127,5422
SAL50741,0,0,0,0,0
SAL50742,204,140,85,33,1365
SAL50743,4,8,3,0,30
SAL50744,7,4,6,0,29
SAL50745,37,35,15,4,506
SAL50746,0,3,0,0,24
SAL50747,72,43,35,15,331
SAL50748,812,607,297,126,5151
SAL50749,118,106,37,0,473
SAL50750,0,5,0,0,14
SAL50751,0,0,0,0,0
SAL50752,395,267,83,32,2665
SAL50753,23,8,6,5,68
SAL50754,323,182,92,21,2453
SAL50755,0,0,0,0,0
SAL50756,419,289,160,44,3763
SAL50757,33,28,9,0,150
SAL50758,161,73,31,7,815
SAL50759,3,3,0,0,36
SAL50760,14,10,0,0,150
SAL50761,23,34,6,0,135
SAL50762,11,4,7,0,35
SAL50763,27,23,12,0,113
SAL50764,1213,980,336,202,6846
SAL50765,0,0,0,0,7
SAL50766,614,268,98,32,3495
SAL50767,0,0,0,0,7
SAL50768,14,11,0,0,74
SAL50769,0,0,0,0,0
SAL50770,4,3,0,0,11
SAL50771,72,46,40,27,456
SAL50772,9,14,0,0,52
SAL50773,25,15,10,0,123
SAL50774,6,0,0,0,19
SAL50775,8,0,0,0,36
SAL50776,4,3,0,0,15
SAL50777,3,3,0,0,64
SAL50778,0,0,0,0,6
SAL50779,8,3,0,0,78
SAL50780,5,3,0,0,22
SAL50781,159,138,71,10,1387
SAL50782,55,50,19,6,451
SAL50783,14,14,8,0,84
SAL50784,6,7,0,0,32
SAL50785,24,20,11,0,87
SAL50786,7,4,0,0,28
SAL50787,46,29,7,0,156
SAL50788,14,8,4,0,55
SAL50789,0,4,0,0,20
SAL50790,3,0,0,0,25
SAL50791,16,10,6,0,73
SAL50792,25,16,6,3,147
SAL50793,10,0,0,0,40
SAL50794,0,0,0,0,6
SAL50795,4,4,0,0,69
SAL50796,3,0,0,0,28
SAL50797,3,3,0,0,18
SAL50798,5,9,0,0,21
SAL50799,435,177,49,14,2865
SAL50800,7,8,0,0,30
SAL50801,0,0,0,0,3
SAL50802,0,0,0,0,17
SAL50803,0,0,0,0,0
SAL50804,0,0,0,0,8
SAL50805,7,10,0,0,24
SAL50806,19,12,3,0,250
SAL50807,5,4,0,0,9
SAL50808,21,6,3,0,169
SAL50809,19,9,0,0,101
SAL50810,0,0,0,0,0
SAL50811,4,6,4,0,27
SAL50812,0,0,0,0,6
SAL50813,0,0,0,0,9
SAL50814,5,0,0,0,10
SAL50815,82,41,24,3,399
SAL50816,329,177,69,11,2350
SAL50817,15,5,0,0,157
SAL50818,0,0,0,0,0
SAL50819,36,20,8,6,210
SAL50820,4,0,0,0,8
SAL50821,0,0,0,0,13
SAL50822,9,5,0,0,38
SAL50823,0,0,0,0,6
SAL50824,0,3,0,0,4
SAL50825,0,0,0,0,4
SAL50826,10,0,0,0,32
SAL50827,0,0,0,0,0
SAL50828,272,220,138,23,2811
SAL50829,151,37,25,0,982
SAL50830,74,68,40,7,389
SAL50831,845,330,110,27,7145
SAL50832,21,31,31,8,196
SAL50833,286,207,92,22,2471
SAL50834,8,4,0,0,27
SAL50835,325,153,52,22,2156
SAL50836,98,20,4,0,507
SAL50837,9,0,0,0,21
SAL50838,187,79,19,0,1270
SAL50839,25,38,12,0,124
SAL50840,244,189,76,60,2588
SAL50841,46,38,10,5,159
SAL50842,1128,968,253,56,6018
SAL50843,0,0,0,0,0
SAL50844,39,9,0,0,393
SAL50845,25,8,11,0,89
SAL50846,56,25,12,0,337
SAL50847,371,247,60,10,1571
SAL50848,0,0,0,0,0
SAL50849,744,660,391,156,4488
SAL50850,0,4,0,0,8
SAL50851,0,0,0,0,7
SAL50852,3,5,0,0,24
SAL50853,167,127,63,22,808
SAL50854,4,0,0,0,16
SAL50855,0,0,0,0,5
SAL50856,0,0,0,0,0
SAL50857,177,125,63,3,1403
SAL50858,67,72,36,21,522
SAL50859,0,0,0,0,12
SAL50860,0,0,0,0,0
SAL50861,6,0,0,0,23
SAL50862,16,19,17,0,90
SAL50863,260,107,52,7,1226
SAL50864,3,0,0,0,8
SAL50865,197,144,60,24,961
SAL50866,31,29,3,0,95
SAL50867,7,13,0,0,58
SAL50868,7,4,3,0,48
SAL50869,0,0,0,0,9
SAL50870,4,0,0,0,12
SAL50871,205,137,83,27,1806
SAL50872,0,0,0,0,8
SAL50873,580,415,230,87,5306
SAL50874,342,275,163,100,3379
SAL50875,325,168,46,8,1922
SAL50876,0,0,0,0,0
SAL50877,0,0,0,0,7
SAL50878,0,0,0,0,10
SAL50879,98,66,17,10,466
SAL50880,60,35,18,3,393
SAL50881,372,289,116,36,2177
SAL50882,0,0,0,0,4
SAL50883,9,0,3,0,21
SAL50884,0,0,0,0,12
SAL50885,7,3,0,0,23
SAL50886,0,4,0,0,3
SAL50887,0,0,0,0,0
SAL50888,6,0,0,0,9
SAL50889,3,5,0,0,68
SAL50890,733,675,413,186,4330
SAL50891,258,218,112,35,1697
SAL50892,0,0,0,0,17
SAL50893,341,259,81,33,2333
SAL50894,0,3,0,0,14
SAL50895,15,8,7,0,74
SAL50896,637,427,231,136,4405
SAL50897,10,7,4,0,36
SAL50898,47,35,3,0,252
SAL50899,80,18,7,0,551
SAL50900,3,7,4,0,28
SAL50901,37,10,9,4,215
SAL50902,69,12,0,0,527
SAL50903,732,534,180,79,4841
SAL50904,96,65,22,0,413
SAL50905,259,236,84,18,1366
SAL50906,0,0,0,0,4
SAL50907,0,0,0,0,7
SAL50908,3,5,0,0,23
SAL50909,0,0,0,0,0
SAL50910,0,0,0,0,3
SAL50911,144,111,65,67,952
SAL50912,10,5,0,0,74
SAL50913,18,27,15,5,119
SAL50914,0,0,0,0,0
SAL50915,0,0,0,0,6
SAL50916,20,8,12,0,89
SAL50917,865,692,231,39,8644
SAL50918,9,0,0,0,26
SAL50919,0,6,0,0,18
SAL50920,224,146,79,17,1744
SAL50921,0,0,0,0,6
SAL50922,578,406,280,159,4257
SAL50923,10,18,8,0,87
SAL50924,0,6,0,0,9
SAL50925,184,104,40,12,1083
SAL50926,69,25,8,0,375
SAL50927,0,0,0,0,3
SAL50928,12,9,3,0,65
SAL50929,0,4,0,0,7
SAL50930,12,13,3,0,71
SAL50931,0,0,0,0,0
SAL50932,578,330,190,117,3462
SAL50933,250,223,258,155,1531
SAL50934,9,12,5,0,49
SAL50935,0,0,0,0,0
SAL50936,14,4,4,0,49
SAL50937,0,4,0,0,23
SAL50938,188,123,53,23,1122
SAL50939,250,233,232,179,2448
SAL50940,5,0,0,0,20
SAL50941,20,20,4,0,138
SAL50942,3,0,0,0,7
SAL50943,0,0,0,0,6
SAL50944,195,134,58,14,1264
SAL50945,27,28,0,0,113
SAL50946,88,78,31,30,417
SAL50947,385,276,184,169,3315
SAL50948,109,83,32,14,1028
SAL50949,6,8,10,0,44
SAL50950,110,40,5,0,1068
SAL50951,147,74,28,7,1303
SAL50952,31,19,3,0,126
SAL50953,50,40,16,0,251
SAL50954,0,0,0,0,10
SAL50955,0,0,0,0,5
SAL50956,0,0,0,0,7
SAL50957,95,62,31,8,425
SAL50958,0,0,0,0,0
SAL50959,0,4,0,0,22
SAL50960,947,371,217,89,4207
SAL50961,5,0,3,0,22
SAL50962,0,0,0,0,12
SAL50963,26,26,9,4,116
SAL50964,5,11,6,0,38
SAL50965,3,0,0,0,10
SAL50966,0,0,4,0,12
SAL50967,5,4,0,0,10
SAL50968,12,0,4,0,50
SAL50969,188,152,91,28,1055
SAL50970,415,267,100,38,2774
SAL50971,0,0,0,0,47
SAL50972,9,0,0,0,21
SAL50973,6,0,0,0,37
SAL50974,5,7,0,0,27
SAL50975,23,26,13,0,118
SAL50976,4,6,0,0,36
SAL50977,0,0,0,0,5
SAL50978,57,37,9,0,117
SAL50979,0,0,0,0,8
SAL50980,47,21,6,0,178
SAL50981,3,4,0,0,25
SAL50982,0,0,0,0,22
SAL50983,27,18,20,0,137
SAL50984,0,9,3,0,23
SAL50985,0,0,0,0,0
SAL50986,3,0,0,0,10
SAL50987,25,20,0,3,137
SAL50988,126,106,50,23,731
SAL50989,0,0,0,0,0
SAL50990,7,0,0,0,8
SAL50991,3,0,0,0,22
SAL50992,94,72,23,0,370
SAL50993,35,47,15,7,212
SAL50994,5,0,0,0,12
SAL50995,0,0,0,0,6
SAL50996,84,47,16,5,444
SAL50997,43,29,19,7,348
SAL50998,1430,1055,611,155,11184
SAL50999,4,3,0,0,28
SAL51000,916,746,415,128,5604
SAL51001,3,3,0,0,14
SAL51002,0,0,0,0,6
SAL51003,0,0,0,0,0
SAL51004,261,225,102,50,1354
SAL51005,0,0,0,0,4
SAL51006,5,0,0,0,51
SAL51007,0,0,0,0,0
SAL51008,550,437,251,134,3027
SAL51009,74,59,34,10,386
SAL51010,10,7,0,0,34
SAL51011,0,4,0,0,3
SAL51012,0,0,0,0,15
SAL51013,28,17,4,0,83
SAL51014,15,0,0,0,78
SAL51015,717,315,95,22,4636
SAL51016,320,213,86,14,1711
SAL51017,0,3,0,0,17
SAL51018,0,0,4,0,9
SAL51019,0,0,0,0,8
SAL51020,15,3,0,0,87
SAL51021,1060,772,289,153,7305
SAL51022,0,0,0,0,0
SAL51023,0,0,0,0,11
SAL51024,74,43,18,4,358
SAL51025,117,85,25,6,557
SAL51026,302,212,102,21,1563
SAL51027,0,0,0,0,0
SAL51028,0,0,0,0,0
SAL51029,0,0,0,0,0
SAL51030,778,675,302,87,4541
SAL51031,207,146,95,23,1046
SAL51032,0,0,0,0,0
SAL51033,59,15,0,0,579
SAL51034,0,0,0,0,9
SAL51035,0,0,0,0,7
SAL51036,221,171,69,15,1556
SAL51037,10,0,0,0,29
SAL51038,0,0,0,0,0
SAL51039,0,0,0,0,0
SAL51040,73,48,23,5,397
SAL51041,11,6,5,5,81
SAL51042,17,3,0,0,128
SAL51043,0,0,0,0,5
SAL51044,19,13,8,4,139
SAL51045,0,0,0,0,0
SAL51046,6,0,0,0,10
SAL51047,641,444,125,27,3398
SAL51048,14,7,4,0,68
SAL51049,21,30,8,0,157
SAL51050,17,15,7,0,141
SAL51051,19,14,9,0,85
SAL51052,7,7,5,0,54
SAL51053,0,8,0,0,19
SAL51054,0,0,0,0,5
SAL51055,320,303,156,68,1699
SAL51056,87,59,19,4,533
SAL51057,5,0,0,0,4
SAL51058,8,3,0,0,26
SAL51059,14,3,3,0,54
SAL51060,15,11,9,0,102
SAL51061,0,0,0,0,12
SAL51062,7,12,10,0,52
SAL51063,0,4,0,0,20
SAL51064,231,281,232,201,1994
SAL51065,4,0,0,0,7
SAL51066,0,0,0,0,6
SAL51067,38,40,8,0,183
SAL51068,0,0,0,0,0
SAL51069,131,94,101,117,1170
SAL51070,38,39,25,3,256
SAL51071,16,11,0,0,60
SAL51072,0,0,4,0,5
SAL51073,0,0,0,0,3
SAL51074,0,0,0,0,8
SAL51075,4,0,0,0,11
SAL51076,27,9,0,0,155
SAL51077,0,3,0,0,15
SAL51078,4,3,0,4,24
SAL51079,0,0,0,0,0
SAL51080,0,0,0,0,0
SAL51081,10,10,4,0,40
SAL51082,0,0,0,0,13
SAL51083,117,128,60,10,516
SAL51084,7,9,0,0,46
SAL51085,5,3,0,0,24
SAL51086,28,18,4,0,111
SAL51087,0,4,0,0,10
SAL51088,35,19,23,20,171
SAL51089,5,3,0,0,22
SAL51090,12,3,0,0,43
SAL51091,4,0,0,0,14
SAL51092,48,43,9,0,245
SAL51093,278,225,125,69,1830
SAL51094,11,11,4,0,54
SAL51095,7,13,5,0,62
SAL51096,3,0,0,0,9
SAL51097,0,0,0,0,0
SAL51098,1076,962,560,235,6746
SAL51099,5,5,0,0,31
SAL51100,0,0,0,0,12
SAL51101,11,9,0,0,67
SAL51102,15,18,16,0,123
SAL51103,3,0,0,0,7
SAL51104,8,0,0,0,42
SAL51105,0,0,0,0,0
SAL51106,0,0,0,0,0
SAL51107,16,9,8,0,39
SAL51108,0,0,0,0,3
SAL51109,11,7,0,0,59
SAL51110,14,7,3,0,47
SAL51111,439,81,9,0,3743
SAL51112,9,0,0,0,31
SAL51113,234,56,19,0,2514
SAL51114,19,23,13,0,126
SAL51115,0,5,4,0,27
SAL51116,0,0,0,0,3
SAL51117,0,0,0,0,10
SAL51118,3,3,0,0,33
SAL51119,11,12,0,0,50
SAL51120,5,0,0,0,19
SAL51121,0,0,0,0,8
SAL51122,646,394,169,59,7078
SAL51123,4,5,0,0,26
SAL51124,622,588,271,69,3856
SAL51125,11,9,6,0,53
SAL51126,3,0,0,0,11
SAL51127,53,35,16,0,218
SAL51128,13,7,0,0,31
SAL51129,0,0,0,0,0
SAL51130,378,308,160,32,2174
SAL51131,0,0,0,0,5
SAL51132,51,23,3,0,185
SAL51133,0,0,0,0,5
SAL51134,0,0,0,0,8
SAL51135,492,289,75,28,2311
SAL51136,76,42,9,6,412
SAL51137,0,0,0,0,0
SAL51138,505,426,244,91,2680
SAL51139,27,7,0,0,100
SAL51140,7,0,0,0,32
SAL51141,0,0,0,0,11
SAL51142,13,6,0,0,41
SAL51143,0,4,0,0,11
SAL51144,159,75,27,9,745
SAL51145,6,0,0,0,6
SAL51146,3,0,0,0,13
SAL51147,850,489,174,79,5902
SAL51148,13,21,4,0,164
SAL51149,0,4,0,0,11
SAL51150,13,8,0,4,67
SAL51151,0,0,0,0,10
SAL51152,8,11,6,0,43
SAL51153,22,5,3,0,99
SAL51154,0,0,0,0,0
SAL51155,0,0,0,0,3
SAL51156,82,77,45,17,412
SAL51157,501,375,184,70,2831
SAL51158,68,74,42,8,329
SAL51159,61,32,3,5,1076
SAL51160,41,26,6,0,153
SAL51161,0,4,0,0,4
SAL51162,27,11,7,0,108
SAL51163,4,0,0,0,9
SAL51164,8,0,0,0,21
SAL51165,111,10,3,3,858
SAL51166,3,5,0,0,24
SAL51167,53,30,19,5,392
SAL51168,13,13,8,0,73
SAL51169,0,0,4,0,10
SAL51170,22,19,5,0,93
SAL51171,10,6,3,0,93
SAL51172,41,21,11,3,260
SAL51173,0,0,0,0,0
SAL51174,271,133,45,9,1324
SAL51175,148,94,52,12,597
SAL51176,924,636,192,48,4478
SAL51177,4,4,0,0,21
SAL51178,3,0,0,0,18
SAL51179,19,17,3,3,135
SAL51180,11,13,0,0,40
SAL51181,66,21,5,0,442
SAL51182,4,0,0,0,22
SAL51183,0,0,0,0,5
SAL51184,126,76,49,13,834
SAL51185,97,56,14,4,358
SAL51186,0,4,0,0,16
SAL51187,3,4,0,0,20
SAL51188,7,4,0,0,63
SAL51189,248,165,75,21,1904
SAL51190,215,160,66,17,2829
SAL51191,21,23,5,0,99
SAL51192,663,510,180,39,4603
SAL51193,10,9,6,0,73
SAL51194,3,0,0,0,39
SAL51195,0,0,0,0,10
SAL51196,4,0,0,0,16
SAL51197,573,426,212,75,4393
SAL51198,24,6,0,0,315
SAL51199,0,0,0,0,9
SAL51200,8,0,0,0,36
SAL51201,86,13,4,0,673
SAL51202,4,13,3,0,70
SAL51203,0,3,0,0,26
SAL51204,0,0,0,0,0
SAL51205,279,139,47,9,1276
SAL51206,3,0,0,0,5
SAL51207,5,4,0,0,21
SAL51208,68,51,10,0,284
SAL51209,480,424,160,28,3074
SAL51210,363,231,92,28,2563
SAL51211,8,4,0,0,36
SAL51212,0,0,0,0,0
SAL51213,3,15,4,0,47
SAL51214,9,0,0,0,26
SAL51215,4,5,7,0,20
SAL51216,0,0,0,0,0
SAL51217,5,5,3,0,36
SAL51218,10,3,0,0,87
SAL51219,244,149,45,7,2165
SAL51220,0,0,0,0,5
SAL51221,7,3,0,0,10
SAL51222,138,44,10,0,1159
SAL51223,111,96,47,0,486
SAL51224,81,49,24,11,394
SAL51225,184,143,69,30,881
SAL51226,75,51,21,0,319
SAL51227,17,7,4,5,113
SAL51228,7,4,0,0,27
SAL51229,0,0,0,0,8
SAL51230,823,427,168,47,10146
SAL51231,0,0,0,0,24
SAL51232,24,7,5,3,81
SAL51233,0,0,0,0,5
SAL51234,470,188,44,10,7720
SAL51235,0,0,0,0,18
SAL51236,144,71,24,10,1165
SAL51237,51,42,14,3,256
SAL51238,7,3,0,0,17
SAL51239,22,19,8,4,83
SAL51240,23,10,15,0,112
SAL51241,0,4,0,0,20
SAL51242,5,0,0,0,5
SAL51243,5,7,0,0,33
SAL51244,65,55,29,8,294
SAL51245,13,13,6,0,110
SAL51246,6,4,0,0,31
SAL51247,323,283,166,79,2067
SAL51248,94,67,24,7,503
SAL51249,6,4,0,0,8
SAL51250,7,11,3,0,41
SAL51251,0,0,0,0,18
SAL51252,15,4,0,0,70
SAL51253,20,5,0,0,187
SAL51254,33,19,4,0,145
SAL51255,23,21,6,3,96
SAL51256,39,43,20,0,189
SAL51257,15,11,0,0,76
SAL51258,119,135,90,22,673
SAL51259,275,72,25,0,2341
SAL51260,990,443,219,99,5991
SAL51261,0,0,0,0,0
SAL51262,35,40,20,4,156
SAL51263,15,6,7,0,60
SAL51264,32,37,0,0,136
SAL51265,0,0,0,0,4
SAL51266,0,9,0,0,12
SAL51267,0,0,0,0,8
SAL51268,61,79,35,15,312
SAL51269,6,0,3,0,42
SAL51270,52,42,17,3,247
SAL51271,328,150,72,17,3848
SAL51272,13,15,0,0,50
SAL51273,0,0,0,0,6
SAL51274,4,0,3,0,14
SAL51275,179,160,69,0,846
SAL51276,0,3,3,0,17
SAL51277,27,21,12,4,104
SAL51278,783,337,133,44,4432
SAL51279,21,10,4,0,86
SAL51280,127,69,37,3,751
SAL51281,54,25,3,0,256
SAL51282,121,127,128,38,1062
SAL51283,0,0,0,0,15
SAL51284,0,0,0,0,10
SAL51285,3,0,0,0,34
SAL51286,11,0,0,0,28
SAL51287,335,193,107,72,2490
SAL51288,17,10,3,0,62
SAL51289,19,13,8,3,86
SAL51290,0,8,3,0,33
SAL51291,0,7,0,0,7
SAL51292,6,0,0,0,9
SAL51293,28,23,5,3,133
SAL51294,0,0,0,0,0
SAL51295,0,0,0,0,0
SAL51296,247,159,155,29,2090
SAL51297,13,4,0,0,44
SAL51298,435,323,177,55,3273
SAL51299,671,392,160,56,6565
SAL51300,70,68,10,4,347
SAL51301,1383,1071,643,258,7603
SAL51302,11,5,0,0,80
SAL51303,0,0,0,0,0
SAL51304,8,7,6,0,40
SAL51305,40,25,9,0,218
SAL51306,54,36,13,0,323
SAL51307,96,54,7,3,458
SAL51308,697,558,211,34,3762
SAL51309,25,14,5,0,114
SAL51310,20,21,0,0,106
SAL51311,0,0,0,0,11
SAL51312,371,286,247,121,2084
SAL51313,37,4,0,0,156
SAL51314,14,3,0,0,109
SAL51315,8,0,0,0,42
SAL51316,14,14,4,0,111
SAL51317,0,4,0,0,17
SAL51318,9,13,0,0,42
SAL51319,701,505,286,68,3821
SAL51320,11,3,0,0,47
SAL51321,330,233,176,130,1716
SAL51322,182,141,60,26,980
SAL51323,110,92,40,6,517
SAL51324,0,0,0,0,0
SAL51325,0,0,0,0,0
SAL51326,18,6,9,0,76
SAL51327,13,9,6,0,53
SAL51328,96,81,33,6,508
SAL51329,8,4,0,0,50
SAL51330,1322,816,408,112,11413
SAL51331,0,0,0,0,0
SAL51332,80,81,18,4,325
SAL51333,4,0,0,0,17
SAL51334,0,0,4,0,29
SAL51335,5,3,5,0,42
SAL51336,9,31,7,0,63
SAL51337,826,279,105,17,5968
SAL51338,14,11,3,4,94
SAL51339,234,155,66,17,1267
SAL51340,486,236,82,23,4644
SAL51341,19,9,0,0,68
SAL51342,91,101,41,4,434
SAL51343,0,0,0,0,11
SAL51344,0,0,0,0,0
SAL51345,465,359,188,28,2757
SAL51346,448,436,219,86,2949
SAL51347,0,0,0,0,0
SAL51348,467,313,240,139,2466
SAL51349,0,0,0,0,6
SAL51350,14,3,0,0,31
SAL51351,144,140,52,21,762
SAL51352,136,89,28,0,1470
SAL51353,57,25,16,3,317
SAL51354,287,127,56,18,1964
SAL51355,0,0,0,0,25
SAL51356,0,0,0,0,0
SAL51357,15,6,0,0,41
SAL51358,0,0,0,0,0
SAL51359,274,112,12,4,2048
SAL51360,877,787,321,89,4428
SAL51361,0,0,0,0,7
SAL51362,108,44,9,3,541
SAL51363,753,604,296,147,4624
SAL51364,0,4,0,0,13
SAL51365,88,54,17,5,468
SAL51366,0,0,0,0,6
SAL51367,7,0,5,0,28
SAL51368,470,380,144,23,2240
SAL51369,0,0,0,0,10
SAL51370,11,9,4,0,54
SAL51371,288,176,74,12,1953
SAL51372,674,175,27,13,5243
SAL51373,234,145,67,29,1891
SAL51374,0,0,0,0,8
SAL51375,0,3,9,0,40
SAL51376,0,0,4,0,9
SAL51377,384,201,70,22,2738
SAL51378,0,0,3,0,17
SAL51379,3,0,0,0,24
SAL51380,0,3,0,0,13
SAL51381,1345,1125,515,146,8284
SAL51382,5,4,0,0,55
SAL51383,6,0,0,0,21
SAL51384,0,0,0,0,6
SAL51385,15,0,0,0,58
SAL51386,0,0,3,0,12
SAL51387,5,0,0,0,10
SAL51388,0,0,0,0,6
SAL51389,0,0,0,0,8
SAL51390,327,320,154,28,1841
SAL51391,10,12,3,0,58
SAL51392,11,0,0,0,37
SAL51393,40,19,8,4,213
SAL51394,695,311,100,14,6143
SAL51395,122,113,30,9,789
SAL51396,762,543,274,139,5462
SAL51397,297,222,149,84,1657
SAL51398,16,8,0,0,40
SAL51399,40,12,9,4,137
SAL51400,0,6,0,0,4
SAL51401,21,6,0,0,188
SAL51402,308,158,46,20,2905
SAL51403,8,10,3,0,35
SAL51404,58,27,3,0,248
SAL51405,813,536,249,45,5259
SAL51406,16,11,5,0,85
SAL51407,0,0,0,0,0
SAL51408,245,186,73,21,1315
SAL51409,0,0,0,0,6
SAL51410,119,38,6,0,540
SAL51411,87,68,14,4,414
SAL51412,3,0,0,0,4
SAL51413,134,98,45,10,1222
SAL51414,0,6,0,0,12
SAL51415,14,5,0,0,78
SAL51416,1018,853,429,122,6906
SAL51417,563,289,150,61,5886
SAL51418,11,7,0,0,49
SAL51419,114,70,41,9,756
SAL51420,618,481,250,75,3715
SAL51421,473,367,165,66,2685
SAL51422,11,4,0,0,64
SAL51423,7,0,4,0,52
SAL51424,21,15,8,0,66
SAL51425,0,4,0,0,16
SAL51426,4,4,0,0,12
SAL51427,0,0,0,0,0
SAL51428,0,0,0,0,0
SAL51429,0,0,0,0,0
SAL51430,19,10,7,0,103
SAL51431,3,9,9,0,43
SAL51432,0,0,0,0,4
SAL51433,16,11,0,0,105
SAL51434,0,0,0,0,7
SAL51435,561,247,131,34,4549
SAL51436,153,91,27,11,717
SAL51437,0,0,0,0,4
SAL51438,0,0,0,0,16
SAL51439,8,9,3,0,45
SAL51440,34,3,0,0,376
SAL51441,0,0,4,0,24
SAL51442,19,21,10,3,112
SAL51443,7,0,0,0,11
SAL51444,3,0,0,0,19
SAL51445,0,0,0,0,0
SAL51446,523,272,109,13,2821
SAL51447,16,5,3,0,44
SAL51448,1564,1175,549,112,10968
SAL51449,23,26,17,0,155
SAL51450,6,3,3,0,30
SAL51451,0,0,0,0,0
SAL51452,6,3,0,0,29
SAL51453,9,0,0,0,28
SAL51454,0,0,0,0,0
SAL51455,0,0,0,0,0
SAL51456,157,32,7,0,1432
SAL51457,0,0,0,0,5
SAL51458,160,165,70,15,684
SAL51459,4,0,0,0,8
SAL51460,0,0,0,0,0
SAL51461,0,4,0,0,8
SAL51462,47,31,11,3,218
SAL51463,9,4,3,0,72
SAL51464,0,0,0,0,8
SAL51465,0,0,0,0,0
SAL51466,14,5,4,0,40
SAL51467,171,157,79,30,2519
SAL51468,16,15,0,0,80
SAL51469,0,0,0,0,0
SAL51470,297,245,132,39,1669
SAL51471,6,0,0,0,18
SAL51472,463,311,112,52,4684
SAL51473,0,0,0,0,0
SAL51474,7,4,0,0,41
SAL51475,349,201,83,12,1799
SAL51476,6,0,0,0,31
SAL51477,0,0,0,0,10
SAL51478,25,24,8,0,158
SAL51479,6,3,0,0,38
SAL51480,19,21,0,0,97
SAL51481,0,0,0,0,0
SAL51482,56,50,18,3,239
SAL51483,6,11,0,0,33
SAL51484,6,0,0,0,62
SAL51485,135,106,30,9,878
SAL51486,90,47,18,0,590
SAL51487,0,0,0,0,0
SAL51488,5,0,0,0,30
SAL51489,206,127,56,3,1282
SAL51490,652,437,126,33,6018
SAL51491,0,0,0,0,0
SAL51492,36,14,3,0,324
SAL51493,0,0,0,0,0
SAL51494,130,63,43,8,659
SAL51495,7,6,0,0,41
SAL51496,3,0,0,0,16
SAL51497,0,0,0,0,14
SAL51498,0,0,0,0,25
SAL51499,0,6,8,0,24
SAL51500,164,106,57,5,1179
SAL51501,118,102,48,7,570
SAL51502,1020,565,238,84,5779
SAL51503,0,4,0,0,23
SAL51504,3,0,0,0,31
SAL51505,14,10,3,4,84
SAL51506,0,0,0,0,0
SAL51507,0,0,0,0,0
SAL51508,74,74,34,11,499
SAL51509,3,7,0,0,15
SAL51510,56,61,30,3,237
SAL51511,0,11,0,0,33
SAL51512,0,0,0,0,13
SAL51513,0,0,0,0,0
SAL51514,0,0,0,0,12
SAL51515,0,0,0,0,6
SAL51516,8,5,0,0,27
SAL51517,0,0,0,0,8
SAL51518,35,31,14,0,204
SAL51519,202,142,31,7,2297
SAL51520,5,7,0,0,33
SAL51521,243,147,76,16,2030
SAL51522,24,23,4,0,67
SAL51523,5,0,0,0,17
SAL51524,13,11,3,0,52
SAL51525,370,398,137,22,2004
SAL51526,891,730,354,170,5774
SAL51527,4,3,0,0,27
SAL51528,9,0,0,0,37
SAL51529,11,17,5,0,61
SAL51530,16,4,0,0,103
SAL51531,0,0,0,0,12
SAL51532,0,0,4,0,20
SAL51533,7,3,9,0,128
SAL51534,895,458,210,60,4819
SAL51535,3,3,0,0,24
SAL51536,223,166,90,47,1239
SAL51537,0,0,0,0,5
SAL51538,11,6,7,5,39
SAL51539,0,0,0,0,5
SAL51540,55,53,23,3,362
SAL51541,287,279,159,30,2035
SAL51542,12,7,6,0,62
SAL51543,4,0,0,0,18
SAL51544,282,241,114,14,1562
SAL51545,5,5,5,6,52
SAL51546,143,153,77,11,793
SAL51547,10,0,3,0,50
SAL51548,3,3,0,0,30
SAL51549,341,155,43,10,3113
SAL51550,53,24,5,0,188
SAL51551,9,0,0,0,11
SAL51552,11,10,3,0,62
SAL51553,7,0,0,0,15
SAL51554,9,5,0,0,34
SAL51555,22,0,0,0,72
SAL51556,6,0,0,0,18
SAL51557,5,0,0,0,40
SAL51558,561,264,100,15,7112
SAL51559,5,0,0,0,12
SAL51560,4,0,0,0,5
SAL51561,31,10,3,0,87
SAL51562,8,5,4,0,40
SAL51563,0,4,0,0,7
SAL51564,906,666,321,214,7455
SAL51565,645,430,290,111,3900
SAL51566,0,0,0,0,15
SAL51567,134,93,55,9,774
SAL51568,0,3,3,0,11
SAL51569,760,617,322,105,4256
SAL51570,0,0,0,0,0
SAL51571,0,0,0,0,13
SAL51572,19,12,0,0,94
SAL51573,47,50,33,16,258
SAL51574,0,0,0,0,11
SAL51575,0,0,5,0,14
SAL51576,0,0,0,0,15
SAL51577,78,59,10,0,618
SAL51578,409,310,122,68,2979
SAL51579,0,0,0,0,0
SAL51580,407,268,147,49,4449
SAL51581,4,8,9,0,42
SAL51582,29,18,3,6,181
SAL51583,0,14,0,0,27
SAL51584,6,6,0,0,35
SAL51585,66,53,17,4,287
SAL51586,79,52,16,4,263
SAL51587,0,9,5,3,37
SAL51588,348,202,121,26,3617
SAL51589,15,13,4,0,60
SAL51590,6,3,0,0,18
SAL51591,0,0,0,0,3
SAL51592,48,14,0,3,464
SAL51593,350,193,53,34,1972
SAL51594,45,23,12,0,294
SAL51595,0,0,0,0,3
SAL51596,0,0,0,0,5
SAL51597,0,0,0,0,14
SAL51598,0,0,0,0,4
SAL51599,0,0,0,0,0
SAL51600,39,21,12,7,145
SAL51601,96,20,3,0,1008
SAL51602,3,3,0,0,24
SAL51603,0,0,0,0,9
SAL51604,5,3,0,0,13
SAL51605,4,0,0,0,7
SAL51606,0,3,0,0,24
SAL51607,4,0,0,0,9
SAL51608,0,0,0,0,11
SAL51609,3,0,0,0,10
SAL51610,324,203,144,68,2867
SAL51611,5,0,0,0,49
SAL51612,1478,1120,461,86,10159
SAL51613,30,18,3,0,99
SAL51614,72,49,26,7,461
SAL51615,7,8,0,0,52
SAL51616,45,31,6,6,274
SAL51617,478,307,195,91,3815
SAL51618,23,20,5,0,292
SAL51619,28,19,15,0,124
SAL51620,14,4,8,0,61
SAL51621,14,6,0,0,22
SAL51622,25,20,7,0,102
SAL51623,654,574,204,48,3485
SAL51624,50,27,7,0,264
SAL51625,194,148,67,15,1293
SAL51626,0,0,0,0,0
SAL51627,0,0,0,0,6
SAL51628,0,0,0,0,11
SAL51629,29,12,5,0,125
SAL51630,0,0,0,0,12
SAL51631,4,0,0,0,21
SAL51632,64,64,19,8,385
SAL51633,0,0,0,0,14
SAL51634,17,30,6,4,113
SAL51635,137,77,38,29,762
SAL51636,17,33,4,0,104
SAL51637,118,89,45,13,691
SAL51638,381,279,264,120,2596
SAL51639,0,0,0,0,0
SAL51640,48,44,24,3,300
SAL51641,1100,603,201,79,5072
SAL51642,14,11,0,0,60
SAL51643,0,0,0,0,0
SAL51644,0,0,3,0,13
SAL51645,4,3,0,0,16
SAL51646,119,61,20,3,627
SAL51647,121,74,26,9,628
SAL51648,7,11,0,0,39
SAL51649,11,5,4,0,30
SAL51650,13,0,0,0,28
SAL51651,109,92,50,9,571
SAL51652,32,22,8,4,171
SAL51653,0,0,0,0,0
SAL51654,21,27,16,5,150
SAL51655,4,0,0,0,11
SAL51656,64,34,16,4,383
SAL51657,5,0,0,0,9
SAL51658,0,0,0,0,3
SAL51659,16,14,5,0,87
SAL51660,203,164,139,98,1413
SAL51661,0,0,0,0,0
SAL51662,16,17,0,0,211
SAL51663,10,9,3,0,35
SAL51664,161,131,28,10,735
SAL51665,39,37,12,0,209
SAL51666,164,127,58,4,1344
SAL51667,714,471,282,89,5079
SAL51668,3,0,0,0,9
SAL51669,0,0,0,0,0
SAL51670,531,276,97,22,3667
SAL51671,12,8,0,3,60
SAL51672,0,0,0,0,9
SAL51673,0,0,0,0,6
SAL51674,6,5,3,0,29
SAL51675,46,31,10,9,219
SAL51676,0,0,4,0,13
SAL51677,5,7,0,0,35
SAL51678,7,0,5,3,58
SAL51679,0,0,0,0,0
SAL51680,11,11,0,0,34
SAL51681,0,0,0,0,0
SAL51682,0,0,0,0,0
SAL51683,8,5,0,0,40
SAL51684,4,4,0,0,32
SAL51685,6,3,0,0,19
SAL51686,13,0,0,0,29
SAL51687,0,0,0,0,5
SAL51688,913,590,290,159,7380
SAL51689,18,3,3,0,48
SAL51690,216,280,150,38,1143
SAL51691,10,4,3,0,16
SAL51692,9,7,4,0,45
SAL51693,0,0,0,0,4
SAL51694,0,6,0,0,13
SAL51695,39,21,12,0,165
SAL51696,3,0,0,0,10
SAL51697,8,0,0,0,22
SAL51698,0,0,0,0,0
SAL51699,0,0,0,0,0
SAL59494,876,505,105,20,5668
SAL59797,48,15,0,0,428
