SA2_CODE_2021,OPDs_Separate_house_Dwellings,OPDs_Separate_house_Persons,OPDs_SD_r_t_h_th_1_sty_Dwgs,OPDs_SD_r_t_h_th_1_sty_Psns,OPDs_SD_r_t_h_th_2_m_sty_Dwgs,OPDs_SD_r_t_h_th_2_m_sty_Psns,OPDs_SD_r_t_h_th_Tot_Dwgs,OPDs_SD_r_t_h_th_Tot_Psns,OPDs_F_ap_I_1or2_sty_blk_Ds,OPDs_F_ap_I_1or2_sty_blk_Ps,OPDs_F_ap_I_3_sty_blk_Dwgs,OPDs_F_ap_I_3_sty_blk_Psns,OPDs_F_ap_I_4to8_sty_blk_Ds,OPDs_F_ap_I_4to8_sty_blk_Ps,OPDs_F_ap_I_9_m_sty_blk_Ds,OPDs_F_ap_I_9_m_sty_blk_Ps,OPDs_Flt_apt_Att_house_Ds,OPDs_Flt_apt_Att_house_Ps,OPDs_Flt_apart_Tot_Dwgs,OPDs_Flt_apart_Tot_Psns,OPDs_Oth_dwg_Cvn_Ds,OPDs_Oth_dw_Cvn_Ps,OPDs_Oth_dwg_cab_hboat_Ds,OPDs_Oth_dwg_cab_hboat_Ps,OPDs_Ot_dwg_Im_hm_tnt_SO_Ds,OPDs_Ot_dwg_Im_hm_tnt_SO_Ps,OPDs_Ot_dwg_Hs_f_att_sh_of_Ds,OPDs_Ot_dwg_Hs_f_att_sh_of_Ps,OPDs_Other_dwelling_Tot_Dwgs,OPDs_Other_dwelling_Tot_Psns,OPDs_Dwlling_structur_NS_Dwgs,OPDs_Dwlling_structur_NS_Psns,OPDs_Tot_OPDs_Dwellings,OPDs_Tot_OPDs_Persons,Unoccupied_PDs_Dwgs,Unoccupied_PDs_Psns,Total_PDs_Dwellings,Total_PDs_Persons
501011001,2237,5297,53,81,16,19,70,98,15,28,0,0,0,0,0,0,0,0,13,30,34,53,22,31,8,3,3,7,58,95,18,29,2399,5555,1124,..,3526,5555
501011003,3674,9378,182,410,78,176,257,588,23,38,0,0,0,3,0,0,5,13,26,58,15,35,60,86,9,8,0,0,81,130,12,25,4055,10178,2894,..,6949,10178
501011004,3201,8198,129,204,86,149,207,355,18,37,0,0,0,0,0,0,4,7,27,44,12,18,17,57,0,0,0,0,30,75,22,55,3487,8723,1111,..,4599,8723
501011293,3236,7828,221,339,36,69,256,404,11,14,0,0,0,0,0,0,8,23,23,41,14,20,70,99,0,5,6,24,94,141,3,15,3616,8423,778,..,4394,8423
501011294,6297,15713,767,1153,93,170,859,1320,0,0,0,0,17,26,0,0,14,27,31,50,52,90,28,36,5,13,8,19,95,163,17,30,7292,17277,1422,..,8716,17277
501021005,6275,17183,245,384,6,9,246,391,43,74,0,0,0,0,0,0,0,0,43,74,61,84,24,43,12,7,0,0,97,133,10,12,6668,17788,576,..,7251,17788
501021007,1902,4724,79,132,3,8,82,138,0,0,0,0,0,0,0,0,0,0,0,0,6,13,0,0,0,0,0,6,11,20,0,3,1990,4891,320,..,2310,4891
501021008,2217,5026,447,721,6,8,456,724,0,0,0,0,0,0,0,0,0,6,0,6,0,0,0,0,0,0,0,0,0,0,4,0,2677,5757,255,..,2927,5757
501021009,3165,7451,108,164,0,0,108,164,104,149,0,0,0,0,0,0,0,8,104,155,15,24,0,3,3,0,0,11,17,42,16,20,3404,7830,462,..,3864,7830
501021010,1125,2862,4,18,0,6,6,28,0,0,0,0,0,0,0,0,0,0,0,0,35,45,23,29,5,4,0,0,58,74,0,4,1192,2973,139,..,1332,2973
501021011,0,10,0,0,0,0,0,0,0,0,0,0,0,0,0,0,0,0,0,0,0,0,0,0,0,0,0,0,0,0,0,0,3,11,3,..,5,11
501021012,4057,10561,329,549,5,18,334,570,11,16,0,0,0,0,0,0,0,3,15,20,3,10,27,34,0,0,0,0,33,50,3,6,4448,11214,417,..,4865,11214
501021014,3226,8082,109,183,9,29,113,212,0,8,0,0,0,0,0,0,0,4,4,10,40,64,4,13,3,9,9,17,59,101,5,12,3409,8421,655,..,4064,8421
501021015,2435,5953,389,616,10,24,409,639,43,80,0,0,0,0,0,0,0,0,43,80,0,0,0,0,0,0,0,0,0,0,6,15,2887,6687,333,..,3225,6687
501021016,1459,3521,92,146,0,0,96,146,0,0,0,0,0,0,0,0,0,3,0,3,22,30,0,0,0,4,3,6,25,33,5,16,1584,3717,525,..,2108,3717
501021251,3105,8958,98,147,10,8,107,151,66,76,0,0,0,0,0,0,0,3,65,79,0,0,0,0,0,0,0,0,0,0,3,3,3277,9195,227,..,3503,9195
501021252,976,2754,0,0,0,0,0,0,0,0,0,0,0,0,0,0,0,0,0,0,0,3,0,0,0,0,0,0,0,3,4,12,984,2769,65,..,1052,2769
501021253,3530,8343,953,1456,395,735,1341,2190,272,407,61,87,15,27,32,53,0,3,377,573,56,77,36,54,0,0,10,17,102,151,15,21,5365,11274,784,..,6152,11274
501021254,1689,4099,312,459,0,0,312,459,18,28,45,77,0,0,0,0,0,0,64,110,10,18,0,0,0,0,0,5,11,14,4,10,2082,4682,236,..,2320,4682
501031017,2620,6001,59,83,0,7,66,85,7,7,0,0,0,0,0,0,0,0,7,7,12,24,0,4,0,0,0,3,19,31,10,21,2718,6152,618,..,3338,6152
501031018,2221,5317,38,69,3,4,44,72,9,7,0,0,0,0,0,0,0,4,3,13,7,16,6,6,10,16,4,4,23,47,12,25,2305,5467,340,..,2646,5467
501031019,1920,4603,187,233,4,0,193,235,18,24,0,0,0,0,0,0,0,0,18,24,0,3,0,0,0,5,0,0,4,10,14,20,2146,4893,331,..,2474,4893
501031020,1895,4176,20,30,4,5,22,34,18,15,0,0,0,0,0,0,9,7,23,25,7,26,7,8,4,9,0,10,24,48,10,17,1972,4296,1082,..,3054,4296
502011021,2885,7362,74,97,32,50,106,146,4,4,0,0,0,0,35,73,6,7,42,81,33,43,41,57,0,0,0,0,71,103,0,4,3104,7695,900,..,4003,7695
502011022,3600,8314,107,190,80,156,192,349,0,4,8,14,0,0,0,0,3,6,13,27,26,35,36,44,0,0,0,0,63,82,0,0,3867,8772,1467,..,5330,8772
502011023,3144,7667,821,1221,68,110,887,1334,11,19,0,0,0,0,0,0,15,20,26,36,0,0,0,0,0,0,0,0,0,0,4,6,4053,9038,418,..,4472,9038
502011024,6762,16379,703,1023,220,392,925,1407,12,22,46,93,57,101,27,34,0,3,142,253,0,0,0,0,6,12,0,0,6,12,0,0,7834,18060,1495,..,9331,18060
502011025,2430,5195,1064,1655,487,795,1549,2446,200,302,134,250,145,262,94,180,10,13,586,1011,18,31,61,78,0,0,7,7,86,112,20,31,4664,8802,1425,..,6089,8802
502011026,2379,5583,41,63,15,30,57,98,5,6,0,0,0,0,0,0,3,10,10,20,76,105,11,17,0,0,3,7,94,127,6,3,2539,5823,586,..,3122,5823
502011027,6890,18972,392,577,29,57,420,634,0,0,0,0,0,0,0,0,9,10,9,10,0,0,0,0,0,0,0,0,0,0,4,7,7318,19622,764,..,8075,19622
502011028,3984,9039,337,545,151,249,487,798,192,260,0,0,0,0,0,0,0,3,197,269,0,0,0,0,0,4,0,0,0,4,0,4,4673,10111,808,..,5479,10111
502011029,3374,8721,208,310,0,0,212,312,4,0,0,0,0,0,0,0,0,4,4,5,81,111,9,14,7,30,0,0,94,155,13,19,3691,9219,448,..,4142,9219
503011030,2022,6010,32,60,92,149,123,203,164,245,0,0,0,0,0,0,0,0,164,245,0,0,0,0,0,0,0,0,0,0,0,0,2309,6463,193,..,2500,6463
503011031,1483,3950,600,1334,386,814,991,2148,226,369,247,320,600,1000,248,392,0,0,1316,2078,0,0,0,0,0,0,0,0,0,0,3,9,3798,8184,608,..,4404,8184
503011032,1998,5491,132,278,224,483,361,760,157,255,292,444,86,143,0,0,3,9,537,857,0,0,0,0,0,0,0,0,0,0,0,0,2892,7107,468,..,3360,7107
503011033,2558,7757,35,82,39,93,77,176,5,7,126,229,85,146,0,0,6,7,214,382,0,0,0,0,0,0,0,0,0,0,0,4,2846,8322,185,..,3030,8322
503011034,2567,7362,300,520,271,516,565,1031,109,157,388,505,375,560,43,73,0,0,907,1297,0,0,0,0,0,0,0,5,0,5,4,6,4045,9700,481,..,4531,9700
503011035,4230,12331,374,767,530,1176,901,1942,487,963,332,568,193,372,109,193,10,19,1135,2107,0,0,0,0,0,0,0,0,0,0,0,16,6274,16404,708,..,6982,16404
503011036,2613,7685,194,339,250,520,437,858,84,101,37,46,118,214,0,0,0,0,236,360,0,0,0,0,0,0,6,5,6,5,4,5,3294,8916,248,..,3546,8916
503021037,0,0,0,0,0,0,0,0,0,0,0,0,16,31,0,0,0,0,16,31,0,0,0,0,0,0,0,0,0,0,0,0,16,31,12,..,24,31
503021038,2938,8000,477,939,602,1227,1083,2163,120,195,219,334,167,258,0,0,0,0,507,792,0,0,0,0,0,0,32,61,32,61,3,3,4568,11019,433,..,5001,11019
503021039,3875,10286,551,996,764,1492,1316,2488,712,1052,670,947,392,519,94,141,5,13,1873,2671,0,4,0,0,0,0,8,23,9,26,0,6,7079,15482,747,..,7822,15482
503021040,2566,6560,283,493,437,927,720,1420,242,375,192,297,180,243,0,0,4,5,618,925,0,0,0,0,0,0,7,22,7,22,3,12,3914,8934,422,..,4330,8934
503021042,3500,9238,296,585,1057,2056,1355,2646,714,1140,911,1344,1079,1688,34,57,5,3,2742,4240,0,0,0,0,0,0,12,12,12,12,17,25,7614,16160,958,..,8578,16160
503021043,3344,9345,605,1139,963,2075,1565,3217,820,1565,1246,2275,478,676,314,545,4,4,2860,5058,0,0,0,0,0,0,0,3,3,3,6,14,7780,17637,813,..,8593,17637
503021295,256,633,11,22,326,735,336,755,99,147,559,939,1602,2809,2743,4960,0,0,4999,8853,0,0,0,0,0,0,0,0,0,0,14,14,5607,10255,1478,..,7081,10255
503021296,1021,2330,564,1190,751,1481,1320,2667,524,815,1088,1792,1358,2225,31,50,4,10,3003,4892,0,0,0,0,0,0,9,18,9,18,13,23,5362,9935,858,..,6218,9935
503021297,27,70,16,21,68,138,82,164,112,203,776,1286,1900,3197,2458,4151,0,0,5244,8832,0,0,0,0,0,0,0,0,0,0,13,13,5363,9082,1842,..,7204,9082
504011044,4987,12435,906,1605,153,311,1061,1916,191,280,32,48,53,77,0,0,12,14,283,423,0,0,0,0,0,0,5,9,5,9,7,18,6350,14805,545,..,6895,14805
504011045,8028,19964,1187,2131,179,399,1366,2527,133,202,86,156,15,17,0,0,6,17,240,389,0,0,0,0,0,0,4,7,4,7,8,13,9642,22891,899,..,10540,22891
504011046,1967,4800,515,942,1597,2918,2110,3864,1144,1790,470,709,377,538,269,437,0,0,2268,3470,0,0,0,0,0,0,3,8,3,8,6,15,6351,12147,1268,..,7616,12147
504011047,7315,18601,1189,2514,189,396,1384,2912,42,72,0,0,0,0,0,0,3,10,46,78,0,0,0,0,0,0,0,0,0,0,12,26,8761,21624,693,..,9457,21624
504011048,2460,6791,447,793,57,103,502,892,18,23,0,0,0,0,0,0,0,0,22,25,0,0,0,0,0,0,0,0,0,0,0,0,2981,7712,168,..,3153,7712
504021049,993,2516,3,5,0,0,3,5,0,0,0,0,0,0,0,0,0,0,0,0,0,0,0,0,0,0,0,0,0,0,0,3,998,2527,106,..,1104,2527
504021050,2503,6651,24,45,0,0,24,45,0,0,0,0,0,0,0,0,4,11,4,11,0,0,0,0,0,0,6,12,4,12,4,10,2540,6721,176,..,2717,6721
504021051,2028,5234,107,162,4,4,106,161,0,7,0,0,0,0,0,0,0,8,6,13,0,0,0,0,0,0,0,0,0,0,0,4,2147,5411,180,..,2325,5411
504021052,6,10,0,0,0,0,0,0,0,0,0,0,0,0,0,0,0,0,0,0,0,0,0,0,0,0,0,0,0,0,0,0,6,10,0,..,6,10
504021053,4563,12195,84,109,0,0,84,109,4,3,0,0,0,0,0,0,9,11,12,16,15,23,0,0,0,3,0,0,13,27,5,15,4675,12360,268,..,4943,12360
504021054,4423,11054,485,731,35,66,516,794,3,0,0,0,0,0,0,0,8,13,9,22,0,0,0,0,0,0,0,0,0,0,4,4,4957,11872,418,..,5374,11872
504031055,0,5,0,0,0,0,0,0,0,0,0,0,0,0,0,0,0,0,0,0,0,0,0,0,0,0,0,0,0,0,0,0,0,5,0,..,5,5
504031056,5838,17092,272,435,68,124,336,558,0,0,0,0,0,0,0,0,10,25,10,25,0,0,0,0,0,0,0,0,0,0,3,4,6183,17676,290,..,6481,17676
504031057,6483,19297,325,627,29,55,360,677,37,50,25,35,0,0,0,0,12,26,79,114,7,12,24,26,0,0,0,0,28,39,9,24,6948,20146,366,..,7319,20146
504031058,1838,4943,3,17,0,0,3,20,0,0,0,0,0,0,0,0,0,3,0,3,0,0,0,0,0,0,3,4,3,9,6,5,1852,4975,198,..,2050,4975
504031060,900,2507,0,0,0,0,0,0,0,0,0,0,0,0,0,0,7,10,7,10,0,0,0,0,3,8,0,0,5,10,3,14,916,2544,134,..,1048,2544
504031061,1893,4816,64,135,35,64,99,197,9,21,0,0,0,0,0,0,0,0,8,24,14,19,14,14,0,5,0,0,26,34,17,29,2036,5101,178,..,2215,5101
504031062,3868,11011,310,538,75,157,385,693,36,61,0,0,0,0,0,0,7,4,44,70,18,30,73,105,0,4,0,3,90,144,5,9,4388,11930,260,..,4648,11930
504031063,5,3,0,0,0,0,0,0,0,0,0,0,0,0,0,0,0,0,0,0,0,0,0,0,0,0,0,0,0,0,0,0,4,6,0,..,4,6
504031064,0,0,0,0,0,0,0,0,0,0,0,0,0,0,0,0,0,0,0,0,0,0,0,0,0,0,0,0,0,0,0,0,0,0,0,..,0,0
504031065,1836,4760,196,370,17,29,215,397,19,26,0,0,0,0,0,0,10,23,33,49,19,24,36,47,0,0,0,3,63,76,0,13,2141,5299,215,..,2355,5299
504031066,2407,5496,1369,2444,393,656,1756,3099,175,278,223,328,100,165,53,73,0,0,547,849,0,0,0,0,0,0,20,38,26,41,13,32,4750,9521,702,..,5452,9521
504031067,2444,6597,7,6,0,0,7,6,47,55,0,0,0,0,0,0,4,4,47,56,0,0,0,0,0,0,0,0,0,0,0,9,2496,6670,135,..,2639,6670
504031068,3805,11191,165,403,65,138,230,542,4,5,0,0,0,0,0,0,10,16,12,22,0,0,0,0,0,0,0,0,0,0,8,14,4057,11772,303,..,4363,11772
504031069,0,0,0,0,0,0,0,0,0,0,0,0,0,0,0,0,0,0,0,0,0,0,0,0,0,0,0,0,0,0,0,0,0,0,0,..,0,0
504031298,4884,14108,310,728,37,95,348,822,25,39,0,0,0,0,0,0,0,0,25,39,0,0,0,0,0,0,0,0,0,0,0,0,5260,14971,273,..,5534,14971
504031299,3535,10463,61,146,12,21,78,169,0,0,11,12,0,0,0,0,0,7,17,19,0,0,0,0,0,0,0,0,0,0,3,3,3623,10652,170,..,3797,10652
504031300,5517,16397,445,744,120,223,564,968,12,32,94,174,0,0,0,0,4,3,112,207,0,0,0,0,0,0,0,0,0,0,0,3,6199,17578,382,..,6585,17578
505011070,3786,9337,348,624,4,10,353,635,20,36,0,0,0,0,0,0,8,24,33,60,0,0,0,0,0,0,0,0,0,0,0,3,4169,10030,238,..,4408,10030
505011071,4378,12478,218,370,5,9,222,378,61,95,99,164,0,0,0,0,4,8,163,266,0,0,0,0,0,0,0,0,5,5,0,4,4778,13131,219,..,4988,13131
505011072,5087,14547,309,512,45,90,349,600,71,110,14,25,0,0,0,0,10,11,99,153,0,0,0,0,0,0,0,0,0,0,6,16,5543,15314,283,..,5827,15314
505011073,4734,12258,360,686,41,70,404,752,21,29,0,0,0,0,0,0,5,6,26,36,0,0,0,0,0,0,0,0,0,0,0,5,5168,13053,269,..,5437,13053
505011074,3571,9269,247,460,141,248,386,701,0,6,0,0,0,0,0,0,3,10,9,12,0,0,0,0,0,0,0,0,0,0,0,0,3966,9987,253,..,4214,9987
505011075,3523,9986,217,354,115,223,323,580,61,86,11,20,3,0,0,0,3,3,82,122,0,0,6,7,0,0,0,0,6,7,4,3,3941,10698,241,..,4182,10698
505011076,3041,9211,19,43,18,47,31,91,21,41,0,0,0,0,0,0,0,0,24,40,4,5,0,0,0,0,0,0,4,5,0,0,3102,9349,117,..,3222,9349
505011077,3687,9577,278,452,472,1047,750,1502,44,77,335,539,469,780,0,0,9,20,855,1416,0,0,0,0,0,0,16,42,16,42,11,12,5312,12555,470,..,5781,12555
505011078,4051,11181,580,967,85,121,660,1089,0,0,0,0,0,0,0,0,3,8,3,8,83,112,4,9,0,0,0,0,85,127,4,4,4808,12409,208,..,5016,12409
505011079,3736,10294,249,466,90,146,334,615,0,0,0,0,0,0,0,0,12,20,12,20,0,0,0,0,0,0,0,0,0,0,0,3,4088,10929,245,..,4333,10929
505011080,2589,7464,91,150,18,49,107,201,0,7,0,0,0,0,0,0,3,5,5,9,0,0,0,0,0,0,0,0,0,0,0,0,2703,7674,138,..,2839,7674
505011081,2967,7765,239,425,0,0,239,425,0,0,0,0,0,0,0,0,8,19,8,19,0,0,0,0,0,0,0,0,0,0,0,5,3215,8219,207,..,3418,8219
505011082,2913,8384,249,472,257,561,500,1034,165,191,0,0,0,0,0,0,3,9,170,198,0,0,0,0,0,0,0,0,0,0,0,0,3584,9627,282,..,3863,9627
505011083,3134,8848,240,387,0,5,245,392,0,0,0,0,0,0,0,0,4,3,4,3,0,0,0,0,0,0,4,0,4,0,0,0,3386,9259,154,..,3537,9259
505021084,4235,10763,2095,3903,218,469,2318,4370,19,28,0,0,0,0,0,0,11,17,26,42,0,0,0,0,0,0,0,0,0,0,3,3,6580,15182,476,..,7060,15182
505021085,5520,15390,1651,3455,140,318,1788,3771,170,278,0,0,0,0,0,0,7,19,180,302,0,0,0,0,0,0,0,0,0,0,9,13,7496,19467,709,..,8208,19467
505021087,0,0,0,0,0,0,0,0,0,0,0,0,0,0,0,0,0,0,0,0,0,0,0,0,0,0,0,0,0,0,0,0,0,0,0,..,0,0
505021088,4016,9940,2334,4382,1110,2400,3442,6779,256,352,11,10,8,8,0,0,0,0,272,369,0,0,0,0,0,0,0,0,0,0,0,4,7740,17095,770,..,8511,17095
505021089,6617,18906,614,1155,183,427,801,1578,56,74,0,0,152,209,0,0,4,10,213,292,40,69,7,10,6,3,0,0,52,90,3,3,7684,20873,407,..,8090,20873
505021090,4284,10023,3338,7226,476,1014,3813,8236,57,100,0,0,0,0,0,0,0,0,57,100,0,0,0,0,0,0,0,0,0,0,13,24,8165,18383,704,..,8874,18383
505021091,3,6,0,0,0,0,0,0,0,0,0,0,111,174,0,0,0,0,111,174,0,0,0,0,0,0,0,0,0,0,0,0,112,171,30,..,146,171
505021092,2752,6840,2193,3932,1434,2973,3627,6905,529,776,224,329,314,566,159,291,0,4,1227,1960,0,0,0,0,0,0,0,0,0,0,8,19,7622,15728,1122,..,8747,15728
505021093,3512,9685,1508,2836,166,377,1668,3215,393,667,157,267,0,0,0,0,3,5,552,936,0,0,0,0,0,0,0,0,0,0,4,12,5741,13846,406,..,6148,13846
505021094,2177,5917,473,886,262,498,737,1380,22,36,108,143,16,28,0,0,0,6,149,212,0,0,0,0,0,0,0,0,0,0,7,5,3061,7516,302,..,3369,7516
505021095,2055,4836,2724,4870,546,1021,3267,5890,595,977,121,184,8,6,0,0,0,0,722,1163,0,0,0,0,0,0,0,0,0,0,7,5,6041,11900,591,..,6634,11900
505021096,3735,10791,706,1578,289,714,995,2294,456,717,95,164,77,141,0,0,4,13,635,1038,0,3,0,0,0,0,0,0,0,7,0,0,5370,14132,392,..,5761,14132
505021097,3331,8789,1729,3131,692,1634,2422,4760,1239,1991,54,96,110,163,0,0,3,3,1406,2246,0,0,0,0,0,0,0,0,3,5,5,10,7163,15806,651,..,7814,15806
505021301,3585,10363,450,808,121,150,569,957,115,144,0,0,17,20,0,0,0,0,124,161,0,0,0,0,0,0,0,4,0,4,4,6,4278,11494,240,..,4520,11494
505021302,3408,8345,1718,3226,145,324,1858,3550,279,396,0,0,0,0,0,0,0,0,281,399,0,0,0,0,0,0,0,3,0,3,0,5,5551,12297,466,..,6017,12297
505031098,3533,10414,381,730,28,64,413,798,0,0,0,0,0,0,0,0,6,13,6,13,0,0,0,0,0,0,0,0,0,0,3,8,3949,11231,213,..,4170,11231
505031099,7558,20760,622,950,74,107,694,1061,38,70,3,9,0,0,0,0,8,25,55,102,0,0,0,0,0,0,0,0,0,0,4,0,8312,21922,598,..,8906,21922
505031100,5861,17419,171,354,23,43,197,399,0,0,0,0,0,0,0,0,9,20,9,20,0,0,0,0,0,0,0,10,0,10,3,7,6070,17853,280,..,6348,17853
505031101,4500,12049,376,691,118,202,494,890,8,10,36,74,0,0,0,0,0,0,44,78,0,0,0,0,0,0,0,7,0,7,0,4,5039,13035,360,..,5397,13035
505031102,2510,6938,555,1063,178,369,733,1433,10,12,0,0,0,0,0,0,3,9,16,24,0,0,0,0,0,0,0,0,0,0,3,9,3269,8406,235,..,3499,8406
505031104,3205,9215,305,571,11,24,319,594,8,15,0,0,0,0,0,0,4,18,14,26,0,0,0,0,0,0,0,0,0,0,0,0,3543,9840,192,..,3733,9840
505031105,6552,18602,304,557,67,120,370,681,6,10,64,100,3,7,0,0,8,25,85,141,0,0,0,0,0,0,0,0,0,0,3,10,7016,19429,509,..,7530,19429
505031106,0,6,0,0,0,0,0,0,0,0,0,0,0,0,0,0,0,0,0,0,0,0,0,0,0,0,0,0,0,0,0,0,0,6,0,..,0,6
505031107,4369,12613,154,283,3,3,159,281,0,0,37,51,0,0,0,0,9,17,44,64,0,0,0,0,0,4,0,0,0,4,0,0,4571,12968,217,..,4794,12968
505031255,4666,12799,54,106,37,71,90,179,4,9,0,0,0,0,0,0,0,0,4,9,0,0,0,0,0,0,0,0,0,0,3,13,4764,12991,344,..,5107,12991
505031256,214,647,0,0,0,0,0,0,0,0,0,0,0,0,0,0,0,4,0,4,0,0,0,4,0,0,0,4,7,4,0,3,222,655,33,..,253,655
505031257,1340,3406,4,3,0,0,4,3,0,0,0,0,0,0,0,0,0,0,0,0,0,0,5,3,0,0,0,0,3,7,0,3,1350,3419,204,..,1550,3419
505031258,3629,9856,77,130,17,27,97,154,0,0,0,0,0,0,0,0,0,11,7,8,0,0,0,0,0,0,0,0,0,0,4,3,3737,10024,428,..,4164,10024
505031303,4041,11500,492,916,29,62,521,975,0,0,0,0,0,0,0,0,6,24,6,24,0,0,0,0,0,0,0,0,4,4,0,0,4572,12501,209,..,4779,12501
505031304,4532,14639,106,264,10,7,110,271,0,0,0,0,0,0,0,0,4,5,4,5,0,0,0,0,0,0,0,0,0,0,3,3,4647,14926,144,..,4788,14926
505031305,4121,12774,268,572,92,212,360,786,0,0,0,0,0,0,0,0,0,0,0,0,9,21,0,0,33,51,0,0,40,66,8,3,4527,13626,191,..,4714,13626
505031306,4807,12770,492,777,3,11,495,790,0,4,0,0,0,0,0,0,10,12,10,15,100,120,17,17,0,0,11,23,124,164,0,3,5435,13744,390,..,5826,13744
506011110,6840,18058,1677,3006,21,34,1704,3037,58,81,29,40,0,0,0,0,8,18,96,144,0,0,0,0,0,0,7,16,7,16,7,20,8651,21278,810,..,9464,21278
506011111,0,0,0,0,0,0,0,0,0,0,0,0,0,0,0,0,0,0,0,0,0,0,0,0,0,0,0,0,0,0,0,0,0,0,0,..,0,0
506011112,2004,5205,66,124,5,3,71,128,0,0,0,0,0,0,0,0,7,13,7,13,24,28,0,3,0,0,0,0,24,30,6,9,2110,5383,193,..,2305,5383
506011114,3346,8275,623,1186,11,22,639,1209,54,84,24,44,0,0,0,0,7,6,84,129,27,33,0,3,0,0,0,0,30,39,9,8,4102,9651,370,..,4472,9651
506011115,2733,7403,46,89,0,0,46,89,22,42,0,0,0,0,0,0,7,13,25,53,28,40,132,173,0,0,0,0,162,213,4,10,2972,7772,219,..,3190,7772
506011116,2539,6823,39,48,0,0,39,48,0,0,0,0,0,0,0,0,4,7,4,7,0,0,0,0,0,0,0,4,0,6,0,7,2585,6888,142,..,2733,6888
506011117,3391,10272,197,363,0,0,197,363,0,0,0,0,0,0,0,0,0,3,0,3,0,0,0,0,0,0,0,0,0,0,0,0,3591,10641,221,..,3810,10641
506011307,3535,11140,52,135,0,6,51,137,0,0,0,0,0,0,0,0,0,0,0,0,0,0,0,0,0,0,0,0,0,0,0,12,3588,11296,140,..,3730,11296
506011308,4876,15382,56,124,7,17,64,144,0,0,0,0,0,0,0,0,0,6,0,6,0,3,0,0,0,0,0,13,4,12,3,10,4946,15561,228,..,5175,15561
506021118,4434,10858,605,1061,461,897,1064,1962,180,299,19,35,83,134,67,122,7,14,362,597,4,5,3,3,0,0,4,5,8,14,8,17,5881,13453,713,..,6591,13453
506021119,4641,11312,1366,2668,156,340,1525,3003,479,971,299,500,46,67,0,0,0,0,825,1532,0,0,0,0,0,0,0,6,0,6,11,20,7003,15875,598,..,7603,15875
506021120,0,0,0,0,0,0,0,0,0,0,0,0,0,0,0,0,0,0,0,0,0,0,0,0,0,0,0,0,0,0,0,0,0,0,0,..,0,0
506021121,0,0,0,0,0,0,0,0,0,0,0,0,0,0,0,0,0,0,0,0,0,0,0,0,0,0,0,0,0,0,0,0,0,0,0,..,0,0
506021123,2976,7224,771,1594,1130,2337,1903,3929,178,288,324,522,922,1474,612,1114,0,0,2030,3400,0,0,0,0,0,0,7,8,7,8,4,9,6920,14568,970,..,7893,14568
506021309,2513,6439,323,713,347,653,669,1368,112,171,58,84,31,55,0,0,3,7,197,322,6,7,0,0,0,0,3,10,11,17,12,18,3402,8156,431,..,3830,8156
506021310,2052,5199,500,1099,181,423,681,1521,63,98,22,39,40,76,0,0,6,10,127,231,0,0,0,0,0,0,0,0,0,0,3,5,2861,6949,297,..,3158,6949
506021311,2075,5076,589,1056,444,983,1034,2046,249,413,489,784,324,490,696,1186,4,4,1760,2880,0,0,0,0,0,0,0,0,0,0,10,18,4873,10020,886,..,5761,10020
506031124,4959,12653,1766,3922,399,977,2167,4900,342,466,92,145,107,133,0,0,4,16,552,757,0,0,0,0,0,0,0,11,0,11,14,28,7694,18347,866,..,8561,18347
506031125,3166,9661,27,83,10,32,43,113,0,0,0,0,0,0,0,0,6,0,6,0,0,0,0,0,0,0,0,0,0,0,0,0,3216,9783,131,..,3342,9783
506031126,0,0,0,0,0,0,0,0,0,0,0,0,0,0,0,0,0,0,0,0,0,0,0,0,0,0,0,0,0,0,0,3,6,4,0,..,5,4
506031127,4742,13646,1595,3862,263,565,1857,4425,292,589,35,65,122,247,102,158,8,13,560,1069,16,27,0,0,0,0,12,41,31,65,28,54,7219,19264,777,..,7994,19264
506031128,4617,11804,633,1134,30,65,667,1203,124,234,0,0,0,0,0,0,7,29,133,263,0,0,0,0,0,0,0,0,0,0,0,10,5415,13275,419,..,5837,13275
506031129,4145,12087,702,1476,39,130,739,1601,48,104,0,0,62,91,0,6,4,11,121,210,0,0,0,0,0,0,0,0,0,0,4,6,5007,13905,346,..,5358,13905
506031130,5,8,0,0,0,0,0,0,0,0,0,0,0,0,0,0,0,0,0,0,0,0,0,0,0,0,0,0,0,0,0,6,6,15,0,..,10,15
506031131,5540,17123,225,584,43,123,265,706,331,850,0,0,0,0,0,0,13,30,350,878,0,0,0,0,0,0,0,8,0,8,4,5,6159,18716,287,..,6440,18716
506041132,6129,17052,549,1181,230,479,778,1665,22,42,160,270,0,0,0,0,12,26,191,342,0,0,0,0,0,0,6,14,7,15,12,26,7118,19100,595,..,7719,19100
506041133,6683,21097,427,971,25,56,457,1025,66,135,10,12,0,0,0,0,3,10,82,162,0,0,0,0,0,0,3,6,3,6,4,5,7231,22298,282,..,7512,22298
506041134,6378,16830,1144,2070,98,181,1240,2261,229,408,0,0,0,0,0,0,9,22,239,429,0,0,0,0,0,0,11,11,16,17,12,9,7877,19540,618,..,8494,19540
506041135,6724,20726,97,220,18,38,110,253,0,0,6,7,0,0,0,0,4,5,11,19,0,0,0,0,0,0,5,8,5,8,0,8,6856,21011,291,..,7145,21011
506041136,4347,12419,432,751,81,140,516,886,137,291,31,33,0,0,0,0,16,23,180,342,105,138,0,0,3,5,31,77,144,224,7,15,5193,13885,427,..,5622,13885
506041137,7654,21220,596,1119,42,72,642,1186,20,46,71,131,0,0,0,0,10,23,104,204,0,0,0,0,0,0,0,0,0,0,6,7,8401,22620,508,..,8913,22620
506051138,6419,17595,431,697,22,45,462,737,0,0,0,0,0,0,0,0,9,13,9,13,14,37,97,134,3,13,0,3,114,193,6,11,7003,18556,400,..,7403,18556
506051139,4399,10974,152,306,16,31,165,338,0,0,0,0,0,0,0,0,5,7,5,7,0,0,0,0,0,0,0,6,0,6,0,4,4571,11333,314,..,4885,11333
506051140,5362,13746,281,439,38,64,326,503,34,57,0,0,0,0,0,0,14,31,53,89,12,10,0,0,0,0,0,0,9,14,3,5,5750,14357,386,..,6137,14357
506051141,3746,10478,104,138,0,5,101,139,12,17,0,0,0,0,0,0,13,24,23,42,0,0,0,0,4,21,34,86,42,111,13,21,3927,10781,272,..,4200,10781
506061142,6406,19077,68,135,0,0,68,135,15,18,0,0,0,0,0,0,8,18,20,34,0,0,0,0,0,0,0,0,0,0,4,3,6498,19249,423,..,6924,19249
506061143,2248,6715,5,9,0,0,5,9,0,0,0,0,0,0,0,0,10,24,11,20,0,0,0,0,3,5,0,0,3,5,9,12,2274,6761,151,..,2420,6761
506061144,1327,3637,9,8,0,0,9,8,0,0,0,0,0,0,0,0,0,0,0,0,9,11,91,146,0,5,15,24,111,188,16,28,1463,3866,103,..,1560,3866
506071145,2147,5475,1865,3268,1504,3053,3370,6324,580,1054,280,416,84,138,0,0,0,4,944,1607,0,0,0,0,0,0,0,0,0,0,9,10,6474,13425,813,..,7278,13425
506071146,3330,9094,418,821,115,280,534,1097,21,26,70,96,0,0,0,0,4,9,94,133,0,0,0,0,0,0,0,0,0,0,11,16,3968,10338,328,..,4297,10338
506071147,3238,8797,432,785,1827,3332,2261,4114,292,446,432,672,498,852,529,865,0,0,1746,2836,0,0,0,0,0,0,4,4,4,4,3,3,7254,15758,1261,..,8510,15758
507011148,6313,19122,539,1189,88,182,627,1368,55,79,69,102,0,0,0,0,15,22,130,202,0,0,0,0,0,3,0,0,3,3,6,12,7077,20702,407,..,7481,20702
507011150,6,7,0,3,0,0,0,3,0,0,0,0,0,0,0,0,0,0,0,0,0,0,0,0,0,0,0,0,0,0,0,0,9,15,0,..,9,15
507011151,0,0,0,0,0,0,0,0,0,0,0,0,0,0,0,0,0,0,0,0,0,0,0,0,0,0,0,0,0,0,0,0,0,0,0,..,0,0
507011152,3159,8557,127,256,20,55,145,315,28,41,0,0,0,0,0,0,0,0,28,41,4,4,200,294,0,0,0,0,201,296,0,3,3540,9208,186,..,3724,9208
507011153,2748,6763,279,481,98,176,371,655,102,141,235,366,0,0,0,0,12,33,353,538,0,0,0,0,0,0,0,0,0,0,7,0,3481,7959,307,..,3794,7959
507011154,3290,7721,958,1653,248,490,1212,2149,132,180,117,167,35,53,0,0,20,43,307,444,0,0,0,0,0,9,0,0,0,9,4,4,4808,10316,448,..,5255,10316
507011155,0,4,0,0,0,0,0,0,0,0,0,0,0,0,0,0,0,0,0,0,0,5,0,0,0,0,0,0,0,5,0,0,0,6,0,..,0,6
507011158,701,2050,23,51,130,272,160,323,6,14,16,34,464,744,131,215,0,0,620,1008,0,0,0,0,0,0,0,0,0,0,5,9,1481,3388,184,..,1666,3388
507011159,3592,9359,423,709,4,14,424,716,0,0,91,137,403,661,52,77,9,18,553,892,0,0,0,0,0,0,0,0,0,0,15,11,4583,10981,389,..,4979,10981
507011160,3407,8442,871,1582,65,100,936,1683,106,174,133,204,0,0,0,0,5,3,243,382,0,0,0,0,0,0,0,0,0,0,5,11,4591,10512,426,..,5012,10512
507011161,4867,14619,512,1013,192,408,707,1423,93,132,175,279,60,85,111,157,0,0,436,656,0,0,0,0,0,0,0,0,0,0,0,3,6014,16699,368,..,6382,16699
507011163,2504,6778,225,339,54,94,272,430,0,0,0,0,0,0,0,0,3,8,3,8,0,0,0,0,0,0,0,0,0,0,0,0,2787,7223,147,..,2936,7223
507011259,3230,9127,106,203,37,58,143,258,121,174,17,27,0,0,0,0,5,9,141,209,0,0,0,0,0,0,0,0,0,0,5,9,3519,9612,206,..,3726,9612
507011260,838,2323,0,0,9,20,9,20,0,0,0,0,0,0,0,0,3,6,3,6,0,0,0,0,0,0,0,0,0,0,0,0,849,2351,59,..,915,2351
507021164,1926,5362,225,479,327,664,548,1141,59,77,156,216,174,267,33,59,4,3,424,632,0,0,0,0,0,0,9,20,9,20,3,4,2913,7163,296,..,3214,7163
507021165,3222,7948,811,1498,1154,2154,1974,3654,283,396,403,635,1116,1794,53,83,6,17,1855,2925,7,4,8,8,0,0,10,19,20,40,20,37,7087,14596,1135,..,8227,14596
507021166,4682,11711,669,1143,304,592,973,1733,87,117,144,224,25,45,0,0,36,74,291,458,3,6,123,186,0,0,16,32,141,218,20,23,6112,14158,604,..,6710,14158
507021167,5,5,0,0,0,0,0,0,0,0,0,0,0,0,0,0,0,0,0,0,0,0,0,0,0,0,0,0,0,0,0,0,9,4,0,..,9,4
507031169,5554,16547,116,214,10,19,125,232,34,50,73,108,7,12,0,0,0,0,116,167,0,0,0,0,0,0,0,0,0,0,0,3,5798,16951,388,..,6180,16951
507031170,2517,6241,238,365,17,36,252,398,97,130,0,0,0,0,0,0,4,5,97,135,0,0,0,0,0,0,3,4,6,9,3,5,2874,6782,325,..,3197,6782
507031172,11,37,0,0,0,0,0,0,0,0,0,0,0,0,0,0,0,0,0,0,0,0,0,0,0,0,0,0,0,0,0,4,12,45,3,..,19,45
507031173,13,23,0,0,0,0,0,0,0,0,0,0,0,0,0,0,0,0,0,0,0,0,0,0,0,0,0,0,0,0,0,0,14,23,0,..,14,23
507031174,3851,9725,88,140,55,93,140,231,177,248,130,224,0,0,0,0,7,7,317,487,0,6,0,0,0,0,0,0,0,6,0,0,4305,10439,401,..,4712,10439
507031261,2616,7385,27,74,6,11,36,81,0,0,0,0,0,0,0,0,4,15,4,15,0,0,0,0,0,0,0,0,0,0,3,11,2660,7498,125,..,2788,7498
507041175,3062,8419,395,824,448,1049,845,1876,175,303,71,108,209,409,61,89,0,0,517,911,0,0,0,0,0,0,0,0,0,0,3,12,4423,11216,550,..,4973,11216
507041176,1108,3246,131,267,36,78,170,348,0,0,0,0,0,0,0,0,4,0,4,0,0,0,0,0,0,0,0,0,0,0,0,0,1276,3597,76,..,1353,3597
507041177,3750,9540,1850,3222,164,356,2015,3576,162,209,134,201,35,70,0,0,4,11,342,487,0,0,0,0,0,0,0,0,0,0,20,45,6123,13657,529,..,6657,13657
507041178,4049,11198,1220,2372,221,539,1439,2914,70,96,50,80,187,316,115,191,0,3,423,680,0,0,0,0,0,0,0,6,0,6,5,14,5922,14813,665,..,6589,14813
507041179,2259,6509,269,588,16,33,284,621,180,225,0,0,148,216,0,0,5,3,330,445,0,0,0,0,0,0,0,0,0,0,0,0,2874,7574,227,..,3100,7574
507041180,3570,10073,235,448,3,0,237,448,0,0,0,0,0,0,0,0,12,22,12,22,0,0,0,0,0,0,0,0,0,0,0,4,3817,10548,183,..,4004,10548
507041181,4901,13576,933,1675,363,813,1300,2489,102,162,88,131,0,0,0,0,5,17,201,310,0,0,0,0,0,0,3,11,3,11,3,13,6404,16399,482,..,6892,16399
507041182,3802,10022,445,823,58,127,501,950,151,276,46,67,0,0,0,0,8,12,206,357,0,0,0,3,0,0,0,0,0,3,6,8,4511,11340,311,..,4824,11340
507041183,1688,4245,383,587,13,26,396,612,35,46,3,9,0,0,0,0,3,0,41,62,0,0,0,0,0,0,0,0,0,0,4,6,2125,4921,182,..,2313,4921
507041184,1942,5785,19,41,4,6,18,43,0,0,0,0,0,0,0,0,0,12,0,12,0,0,0,0,0,0,0,0,0,0,0,0,1966,5841,123,..,2092,5841
507051186,3057,7412,200,321,0,0,200,321,11,13,0,0,0,0,0,0,4,12,17,23,0,0,0,0,0,0,0,8,0,8,0,8,3278,7773,227,..,3502,7773
507051187,4207,11983,267,426,7,27,273,452,0,0,0,0,0,0,0,0,0,6,0,6,0,0,0,0,0,0,0,0,0,0,0,0,4488,12440,292,..,4787,12440
507051188,4526,10348,982,1359,414,665,1392,2021,557,800,112,172,275,426,27,49,4,8,977,1449,111,149,70,93,0,0,0,5,179,251,7,12,7091,14078,1112,..,8201,14078
507051189,0,3,0,0,0,0,0,0,0,0,0,0,0,0,0,0,0,0,0,0,0,0,0,0,0,0,0,0,0,0,0,0,0,3,0,..,3,3
507051190,4270,10093,105,150,14,19,121,178,458,650,34,57,0,0,0,0,3,7,497,710,0,0,0,0,0,0,0,0,0,0,0,5,4891,10978,722,..,5614,10978
507051191,7039,20435,63,132,22,27,80,159,8,14,0,0,0,0,0,0,0,0,8,16,0,3,0,0,0,0,0,0,0,3,24,71,7160,20683,604,..,7767,20683
507051192,4444,11379,78,119,4,6,79,123,18,22,0,0,0,0,0,0,3,4,19,32,0,0,0,0,0,0,0,0,0,0,4,6,4543,11538,335,..,4882,11538
507051193,3721,9655,158,239,22,36,181,274,0,0,0,0,0,0,0,0,9,37,9,37,5,3,0,0,0,0,0,0,5,3,0,4,3916,9969,326,..,4241,9969
507051312,3683,10285,59,127,78,136,140,262,0,0,44,53,0,0,0,0,3,5,44,57,28,50,11,17,0,0,45,66,82,132,9,11,3962,10746,280,..,4240,10746
507051313,8160,23938,251,419,21,19,274,444,0,0,0,0,0,0,0,0,4,8,4,8,0,0,0,0,0,6,0,0,0,6,3,7,8441,24404,537,..,8975,24404
507051314,662,1941,0,0,0,0,0,0,0,0,0,0,0,0,0,0,0,8,0,8,0,0,0,0,0,0,0,0,0,0,0,3,665,1952,48,..,717,1952
509011225,5238,11732,727,1006,77,117,804,1122,37,53,0,0,0,0,0,0,6,17,46,71,21,35,26,40,0,0,0,0,55,77,12,21,6152,13020,1158,..,7310,13020
509011226,1214,3076,25,71,0,10,29,79,4,7,0,0,0,0,0,0,0,0,4,8,21,30,3,5,0,4,0,0,33,44,10,13,1275,3218,371,..,1645,3218
509011227,1918,4748,7,15,11,17,18,34,0,0,0,0,0,0,0,0,3,0,6,8,0,0,0,0,0,0,0,0,0,0,0,6,1940,4792,211,..,2149,4792
509011228,2162,4831,163,365,3,11,169,375,0,4,0,0,0,0,0,0,0,0,3,3,7,5,3,8,0,6,0,0,15,25,16,35,2362,5266,905,..,3263,5266
509011229,984,2362,17,26,0,0,17,26,0,0,0,6,0,0,0,0,0,0,5,6,12,26,0,12,0,0,6,7,21,40,4,12,1033,2443,644,..,1676,2443
509011230,1477,3738,121,207,4,3,126,215,5,7,0,0,0,0,0,0,0,0,5,7,0,3,0,0,0,0,0,0,5,9,6,12,1614,3973,275,..,1886,3973
509011231,1456,3416,32,50,0,0,32,50,3,5,0,0,0,0,0,0,0,0,3,5,3,0,3,4,0,0,0,3,8,12,16,24,1520,3506,523,..,2042,3506
509011232,1169,2862,56,83,5,0,59,88,0,0,0,0,0,0,0,0,5,5,5,5,14,18,39,56,0,4,0,0,54,75,4,13,1289,3049,188,..,1471,3049
509011233,3790,10057,177,292,4,14,187,305,0,0,0,0,0,0,0,0,3,12,6,19,37,46,48,64,0,0,0,3,81,113,6,13,4071,10499,370,..,4437,10499
509011234,1939,4533,26,46,0,0,26,46,4,9,0,0,0,0,0,0,0,0,3,7,14,15,9,22,0,0,3,6,24,40,0,14,2001,4635,477,..,2475,4635
509011235,0,0,0,0,0,0,0,0,0,0,0,0,0,0,0,0,0,0,0,0,0,0,0,0,0,0,0,0,0,0,0,0,0,0,0,..,0,0
509021236,1902,5190,4,4,0,3,3,9,16,28,0,0,0,0,0,0,0,0,15,28,0,0,0,0,3,0,0,0,0,4,3,6,1926,5241,310,..,2239,5241
509021237,1265,2902,26,37,0,0,26,37,19,19,0,0,0,0,0,0,0,0,19,19,5,6,5,11,0,0,3,3,13,16,12,21,1335,3000,434,..,1770,3000
509021238,1477,3194,54,90,0,0,52,93,0,4,0,0,0,0,0,0,0,0,0,4,13,20,4,5,0,0,0,0,22,29,5,7,1557,3320,492,..,2049,3320
509021239,3066,7050,69,137,14,24,83,155,31,41,0,0,0,0,0,0,0,0,27,42,31,45,21,39,33,59,6,6,82,144,22,36,3282,7432,3119,..,6398,7432
509021240,1622,3781,77,112,0,0,80,109,3,5,0,0,0,0,0,0,0,0,3,5,13,12,0,0,0,0,8,13,22,25,25,59,1747,3982,376,..,2123,3982
509021241,1431,3441,63,98,0,0,62,98,0,0,0,0,0,0,0,0,0,0,0,0,5,15,10,10,0,0,12,25,32,54,17,40,1546,3632,331,..,1878,3632
509021242,1039,2189,30,47,0,5,34,46,0,0,0,0,0,0,0,0,0,0,3,0,3,11,0,0,0,0,0,0,7,11,8,16,1092,2265,549,..,1640,2265
509021243,3858,9264,146,234,11,14,154,249,16,21,0,0,0,0,0,0,7,10,16,28,18,28,12,17,0,0,0,0,32,45,17,35,4070,9627,757,..,4825,9627
509021244,1707,3833,10,16,0,0,10,16,0,0,0,0,0,0,0,3,0,4,0,6,9,7,7,9,6,8,0,0,26,32,9,11,1749,3901,403,..,2159,3901
509021245,1989,4254,44,81,3,12,50,94,6,12,0,0,0,0,0,0,0,0,6,12,5,11,5,9,4,8,4,14,25,37,20,40,2094,4432,487,..,2580,4432
509031246,1298,2918,34,46,3,4,35,48,0,0,0,0,0,0,0,0,0,0,0,0,3,7,0,0,0,0,4,4,5,12,3,3,1345,2981,298,..,1638,2981
509031247,1431,3332,31,44,0,3,36,50,3,4,0,0,0,0,0,0,0,0,3,4,12,15,5,13,0,0,7,9,20,35,8,17,1503,3443,486,..,1986,3443
509031248,811,1974,18,29,0,0,18,29,0,0,0,0,0,0,0,0,0,0,0,0,5,6,0,0,0,6,0,0,8,12,4,5,837,2029,232,..,1068,2029
509031249,1527,3457,133,181,0,0,133,181,6,10,0,0,0,0,0,0,0,0,6,10,4,3,0,0,0,0,3,8,7,14,0,3,1678,3666,317,..,1990,3666
509031250,1767,3998,51,65,4,4,57,67,0,0,0,5,0,0,0,0,0,0,4,8,5,9,0,4,0,4,6,10,11,28,9,22,1849,4112,386,..,2232,4112
510011262,3469,10445,472,984,222,429,695,1407,118,261,0,0,0,0,0,0,3,10,124,268,142,286,4,9,14,30,18,40,182,360,63,111,4532,12592,722,..,5250,12592
510011263,1588,4969,127,209,8,18,134,229,0,0,0,0,0,0,0,0,0,0,4,6,54,98,0,0,4,25,16,42,77,163,43,81,1836,5450,491,..,2326,5450
510011264,739,2841,66,144,10,12,80,154,15,29,0,0,0,0,0,0,0,0,15,29,41,74,0,0,8,16,0,7,48,103,30,44,909,3165,211,..,1119,3165
510011265,1459,4504,211,476,28,73,239,548,116,258,0,0,0,0,0,0,0,0,116,258,173,297,8,19,5,25,46,134,240,478,71,159,2122,5948,505,..,2631,5948
510011266,521,1735,9,10,0,0,9,10,0,0,0,0,0,0,0,0,0,0,0,0,68,161,0,5,9,28,0,4,78,194,35,71,640,2017,126,..,763,2017
510021267,349,1396,6,14,0,0,6,14,5,12,0,0,0,0,0,0,0,0,5,12,25,56,0,0,6,14,0,11,40,76,38,81,437,1579,163,..,601,1579
510021268,1213,3370,35,46,18,28,52,78,28,45,0,0,0,0,0,0,0,0,28,45,0,3,0,0,0,0,0,0,0,3,3,8,1305,3495,969,..,2276,3495
510021269,931,2716,126,227,42,91,163,317,144,210,84,143,12,24,0,0,0,0,245,374,6,29,9,13,0,0,14,45,35,89,10,15,1389,3513,506,..,1895,3513
510021270,2417,6996,517,1208,206,511,719,1719,118,180,29,41,64,105,0,0,0,0,204,326,18,30,6,10,0,0,0,3,26,42,10,17,3377,9099,952,..,4330,9099
510031271,1370,3914,78,126,0,3,81,130,26,44,7,3,0,0,0,0,3,6,35,51,57,111,0,12,0,3,0,0,64,119,33,69,1581,4286,824,..,2401,4286
510031272,4015,12152,534,1093,142,246,676,1342,91,141,30,46,40,73,137,198,0,0,298,465,41,74,15,22,0,4,7,12,60,113,13,34,5062,14104,1240,..,6307,14104
510031273,942,2990,200,437,14,35,218,473,8,12,24,38,0,0,0,0,0,0,30,52,23,51,0,7,7,8,0,3,34,69,22,42,1244,3638,480,..,1726,3638
511011274,3778,9210,373,589,40,67,413,658,89,111,0,0,0,0,0,0,4,3,95,112,42,61,14,18,0,3,4,8,60,92,40,89,4379,10161,911,..,5287,10161
511011275,1306,3019,9,15,0,0,9,15,7,12,3,4,0,0,0,0,0,0,13,8,23,34,3,7,9,19,7,14,37,61,36,100,1398,3208,669,..,2067,3208
511021276,1303,3301,179,299,28,42,212,338,46,56,0,0,0,0,0,0,0,0,46,56,74,125,0,8,7,10,4,0,87,151,15,26,1662,3883,418,..,2075,3883
511021277,1178,3082,46,90,12,29,57,114,65,86,0,0,0,0,0,0,0,0,65,86,231,511,25,52,16,37,19,61,286,651,39,105,1629,4048,431,..,2063,4048
511031278,1964,5022,268,503,23,33,288,542,0,0,0,0,0,0,0,0,0,0,0,0,5,3,49,88,0,0,9,16,61,109,9,14,2329,5681,414,..,2742,5681
511031279,3489,9646,729,1371,98,225,830,1593,127,188,0,0,0,0,0,0,3,6,128,198,29,45,51,65,0,0,6,9,87,114,3,10,4538,11561,803,..,5337,11561
511031280,2645,7149,370,658,77,190,449,853,3,6,0,0,0,0,0,0,0,0,3,6,0,0,0,0,0,0,0,0,0,0,4,12,3104,8016,472,..,3578,8016
511031281,0,0,0,0,0,0,0,0,0,0,0,0,0,0,0,0,0,0,0,0,0,0,0,0,0,0,0,0,0,0,0,0,0,0,0,..,0,0
511031282,1254,2874,55,88,27,29,83,114,19,37,0,0,0,0,0,0,0,0,19,37,11,21,3,0,0,0,0,0,19,23,25,52,1401,3104,571,..,1971,3104
511031283,747,2388,53,85,0,0,53,85,19,45,0,0,0,0,0,0,3,3,21,50,28,45,0,5,0,5,10,20,38,73,44,78,905,2670,614,..,1523,2670
511031284,0,0,0,0,0,0,0,0,0,0,0,0,0,0,0,0,0,0,0,0,0,0,0,0,0,0,0,0,0,0,0,0,0,0,0,..,0,0
511041285,3690,8246,788,1223,159,273,948,1499,181,268,15,14,0,3,0,0,0,0,200,291,22,34,0,0,0,3,5,14,32,49,21,42,4890,10136,886,..,5771,10136
511041286,2390,6370,105,197,0,0,105,197,0,0,0,0,0,0,0,0,3,7,3,7,0,0,0,0,10,15,4,4,13,21,3,10,2523,6614,357,..,2876,6614
511041287,2788,7436,28,43,0,0,28,43,0,10,0,0,0,0,0,0,5,8,5,12,41,61,29,46,4,10,0,6,80,122,0,0,2904,7621,296,..,3196,7621
511041288,3198,8487,307,488,133,316,439,800,13,32,0,0,0,0,0,0,0,0,13,32,28,42,0,0,0,0,0,0,28,42,31,39,3710,9399,444,..,4157,9399
511041289,1238,2825,76,115,55,102,130,224,23,39,0,0,0,0,0,0,0,0,23,39,5,11,18,24,0,0,3,10,31,47,11,11,1437,3139,410,..,1849,3139
511041290,551,1316,30,72,0,0,28,69,11,29,0,0,0,0,0,0,0,0,11,29,46,77,0,0,0,0,3,10,45,92,42,83,685,1588,410,..,1093,1588
511041291,1253,2757,34,65,0,3,37,68,0,0,0,0,0,0,0,0,0,0,0,0,16,19,0,0,3,8,0,3,22,36,32,55,1339,2919,672,..,2009,2919
511041292,1809,4249,52,100,30,56,82,156,20,28,0,0,0,0,0,0,0,3,23,31,57,114,5,12,4,3,8,16,77,146,29,68,2020,4644,655,..,2676,4644
597979799,0,0,0,0,0,0,0,0,0,0,0,0,0,0,0,0,0,0,0,0,0,0,0,3,0,0,0,0,0,3,0,13,3,15,0,..,3,15
599999499,0,0,0,0,0,0,0,0,0,0,0,0,0,0,0,0,0,0,0,0,0,0,0,0,0,0,0,0,0,0,0,0,0,0,0,..,0,0
