SA2_CODE_2021,Neg_Nil_Inc_CF_no_chldren,Neg_Nil_Inc_CFwith_chldren,Neg_Nil_Inc_OnePF,Neg_Nil_Inc_Oth_family,Neg_Nil_Inc_Total,1_149_CF_no_chldren,1_149_CFwith_chldren,1_149_One_PF,1_149_Oth_family,1_149_Total,150_299_CF_no_chldren,150_299_CFwith_chldren,150_299_OnePF,150_299_Oth_family,150_299_Total,300_399_CF_no_chldren,300_399_CFwith_chldren,300_399_OnePF,300_399_Oth_family,300_399_Total,400_499_CF_no_chldren,400_499_CFwith_chldren,400_499_OnePF,400_499_Oth_family,400_499_Total,500_649_CF_no_chldren,500_649_CFwith_chldren,500_649_OnePF,500_649_Oth_family,500_649_Total,650_799_CF_no_chldren,650_799_CFwith_chldren,650_799_OnePF,650_799_Oth_family,650_799_Total,800_999_CF_no_chldren,800_999_CFwith_chldren,800_999_OnePF,800_999_Oth_family,800_999_Total,1000_1249_CF_no_chldren,1000_1249_CFwith_chldren,1000_1249_OnePF,1000_1249_Oth_family,1000_1249_Total,1250_1499_CF_no_chldren,1250_1499_CFwith_chldren,1250_1499_OnePF,1250_1499_Oth_family,1250_1499_Total,1500_1749_CF_no_chldren,1500_1749_CFwith_chldren,1500_1749_OnePF,1500_1749_Oth_family,1500_1749_Total,1750_1999_CF_no_chldren,1750_1999_CFwith_chldren,1750_1999_OnePF,1750_1999_Oth_family,1750_1999_Total,2000_2499_CF_no_chldren,2000_2499_CFwith_chldren,2000_2499_OnePF,2000_2499_Oth_family,2000_2499_Total,2500_2999_CF_no_chldren,2500_2999_CFwith_chldren,2500_2999_OnePF,2500_2999_Oth_family,2500_2999_Total,3000_3499_CF_no_chldren,3000_3499_CFwith_chldren,3000_3499_OnePF,3000_3499_Oth_family,3000_3499_Total,3500_3999_CF_no_chldren,3500_3999_CFwith_chldren,3500_3999_OnePF,3500_3999_Oth_family,3500_3999_Total,4000orMore_CF_no_chldren,4000orMore_CFwith_chldren,4000orMore_OnePF,4000orMore_Oth_family,4000orMore_Total,Part_IncStated_CF_no_chldren,Part_IncStated_CFwith_chldren,Part_IncStated_OnePF,Part_IncStated_Oth_family,Part_IncStated_Total,All_Inc_NS_CF_no_chldren,All_Inc_NS_CFwith_chldren,All_Inc_NS_OnePF,All_Inc_NS_Oth_family,All_Inc_NS_Total,Total_CF_no_chldren,Total_CFwith_chldren,Total_OnePF,Total_Oth_family,Total_Total
501011001,15,3,5,0,17,5,4,0,0,10,4,0,4,0,12,0,4,3,0,12,27,3,9,0,38,22,0,11,0,30,98,12,24,0,134,78,19,18,5,118,77,26,23,0,133,97,39,15,3,152,59,45,15,0,121,60,50,8,0,112,95,89,16,0,208,55,77,3,0,137,39,59,0,0,101,15,44,0,0,59,45,58,0,0,104,72,130,15,0,217,16,9,4,0,27,877,677,172,9,1737
501011003,18,8,7,0,33,13,0,4,0,16,11,0,5,0,15,9,0,4,5,11,38,0,13,0,50,22,0,18,0,38,89,15,37,0,150,85,17,42,0,147,146,39,46,0,231,149,50,23,3,223,69,70,25,0,163,105,73,19,6,189,180,185,21,0,387,112,193,10,0,310,81,136,10,0,228,51,64,4,0,117,170,249,5,0,430,123,275,28,0,431,10,9,9,0,24,1484,1381,320,21,3201
501011004,8,3,0,0,13,4,0,0,0,7,5,0,7,0,12,6,0,6,0,17,27,0,14,0,40,18,8,40,0,57,52,5,40,0,97,57,14,46,6,123,74,43,67,0,187,99,81,38,6,225,46,78,38,0,157,82,80,15,0,179,144,182,27,5,356,101,148,18,0,253,57,121,6,0,185,33,71,0,0,105,65,116,10,0,190,91,198,47,0,336,10,9,6,0,21,979,1149,418,16,2569
501011293,27,6,6,0,35,14,0,0,0,13,8,3,7,0,16,8,0,10,0,19,21,0,17,0,40,29,6,27,6,67,157,4,54,5,216,106,11,62,4,178,116,17,55,4,189,142,46,32,0,217,53,63,25,3,142,69,41,21,0,131,142,133,37,0,310,94,104,20,0,222,55,93,0,0,153,29,68,0,0,102,82,139,0,0,219,98,169,36,0,308,22,12,5,0,34,1279,917,394,32,2619
501011294,31,7,11,0,43,22,0,0,0,23,14,0,7,0,31,15,0,14,0,30,83,8,41,0,134,54,12,60,3,126,318,21,90,3,432,192,29,91,9,318,255,66,113,3,438,219,121,88,4,434,132,114,43,3,296,131,118,40,5,294,253,272,63,4,586,166,246,15,0,435,114,223,14,0,350,65,129,3,0,198,123,273,14,0,410,179,344,67,0,584,38,18,8,0,61,2401,2004,777,39,5220
501021005,41,5,15,0,55,13,0,8,0,18,17,0,9,0,31,21,0,9,0,35,54,9,39,0,100,39,8,61,0,110,232,11,85,9,329,149,22,86,4,260,181,55,78,3,312,169,100,69,4,341,89,105,46,9,244,118,157,52,3,326,257,388,68,9,724,203,304,31,0,535,164,292,25,3,484,85,181,8,0,275,145,403,10,0,549,165,398,72,0,639,29,21,4,0,58,2170,2451,767,45,5429
501021007,19,0,4,0,18,4,0,3,0,8,6,0,7,0,11,3,0,9,0,8,27,0,9,0,34,19,3,21,0,45,87,3,15,0,114,42,15,18,0,75,58,15,25,0,97,74,25,18,0,121,38,24,16,0,78,39,27,18,0,83,87,103,16,0,199,46,73,3,0,124,46,55,3,0,108,17,41,3,0,58,53,78,0,0,128,64,124,22,0,211,18,5,3,0,30,723,606,220,9,1558
501021008,11,0,11,0,22,3,0,0,0,7,5,0,10,0,9,3,0,24,0,22,10,0,21,0,33,17,3,57,0,76,91,4,44,3,140,52,18,56,4,133,65,30,54,3,153,52,37,47,8,145,41,33,25,7,96,35,34,21,4,94,96,77,19,0,192,50,67,10,0,128,31,51,7,0,82,9,26,3,0,38,22,35,0,0,56,50,71,37,4,154,4,3,8,0,15,640,492,446,30,1616
501021009,17,4,3,0,24,0,0,0,0,5,3,0,5,0,12,10,0,15,0,28,46,0,33,0,78,31,7,43,0,78,183,23,29,3,237,74,24,48,5,154,81,39,38,0,158,99,42,41,7,187,46,44,15,3,109,61,54,13,0,124,88,102,32,0,224,68,108,19,0,202,64,92,6,0,162,25,55,0,0,80,41,105,8,0,159,68,132,28,0,239,25,7,10,4,42,1047,831,390,32,2292
501021010,6,0,4,0,9,8,0,0,0,10,0,0,0,0,0,3,0,0,0,0,15,0,5,0,19,9,3,5,0,13,48,0,5,0,55,31,5,10,0,39,33,8,11,0,54,38,11,5,0,56,15,15,4,0,42,15,23,0,0,46,53,56,13,0,120,34,45,0,0,85,34,44,0,4,86,17,36,3,0,59,47,65,0,0,113,36,73,13,0,126,8,3,4,0,12,454,393,90,4,941
501021011,0,0,0,0,0,0,0,0,0,0,0,0,0,0,0,0,0,0,0,0,0,0,0,0,0,0,0,0,0,0,0,0,0,0,0,0,0,0,0,0,0,0,0,0,0,0,0,0,0,0,0,0,0,0,0,0,0,0,0,0,0,0,0,0,0,0,0,0,0,0,0,0,0,0,0,0,0,0,0,0,0,0,0,0,0,0,0,0,0,0,0,0,0,0,0,0,0,0,0,0
501021012,17,0,9,0,26,4,3,0,0,7,3,0,5,0,9,3,0,12,0,13,40,0,11,5,56,27,0,35,0,65,187,14,50,0,247,112,22,68,0,197,102,37,74,8,217,120,53,38,4,227,57,83,37,3,176,79,82,21,5,194,195,222,46,4,464,123,210,14,6,355,96,187,12,3,298,39,88,0,0,134,86,222,12,0,320,103,213,36,0,355,13,7,9,0,36,1414,1465,497,37,3408
501021014,37,0,3,0,42,13,0,4,0,22,8,0,3,0,13,8,0,14,0,24,36,4,20,0,59,26,3,33,0,64,141,10,37,0,191,85,13,41,8,147,89,37,47,9,188,87,45,39,0,179,46,61,16,0,127,70,56,14,3,142,121,149,30,9,304,92,120,17,0,232,68,81,10,0,162,36,72,0,0,113,95,142,6,0,236,74,191,31,4,300,19,5,9,0,42,1162,1005,363,41,2569
501021015,12,0,6,0,19,4,0,0,0,4,9,3,3,0,19,0,0,6,0,12,25,6,21,0,55,18,3,45,0,69,112,11,40,0,163,73,15,42,8,137,56,33,56,0,139,93,41,35,4,169,47,53,28,0,126,55,60,23,0,139,92,112,33,10,241,50,81,13,3,152,58,64,4,0,131,33,45,4,0,72,39,78,7,3,125,64,106,25,9,199,8,8,4,0,16,859,699,391,43,1987
501021016,8,0,0,0,18,13,0,3,0,15,3,0,8,0,12,3,0,5,0,11,15,0,5,0,18,14,4,15,0,30,92,4,9,0,105,47,14,15,3,83,42,11,12,0,67,46,19,11,0,80,21,21,6,0,51,22,19,3,0,50,50,53,7,0,110,37,48,3,0,88,27,40,4,0,73,7,28,0,0,36,38,67,3,4,112,31,93,29,0,154,15,9,4,0,22,545,434,144,13,1131
501021251,11,0,4,0,16,0,3,3,0,10,5,0,6,0,12,0,0,16,0,16,11,4,27,0,37,8,6,36,0,52,87,6,36,0,130,46,16,37,5,94,57,19,54,0,129,51,61,52,0,167,40,66,42,4,145,46,67,27,0,145,117,210,50,7,382,88,189,20,0,298,75,159,11,0,241,26,104,10,0,133,85,234,7,0,325,63,220,35,0,323,0,9,6,0,16,817,1368,470,21,2679
501021252,10,0,0,0,10,9,0,0,0,9,3,3,0,0,3,0,0,0,0,3,12,0,5,0,14,5,0,6,0,8,26,3,6,0,34,27,7,4,0,42,25,5,11,0,38,23,15,0,0,39,14,14,7,0,36,15,5,8,0,33,43,48,13,3,100,39,50,4,0,93,21,59,3,0,80,13,38,5,0,52,48,96,6,0,148,26,86,13,0,120,7,3,0,0,15,365,430,76,5,882
501021253,21,0,6,0,28,10,0,6,0,15,6,0,4,0,10,9,3,13,0,18,32,5,21,0,59,26,8,42,0,75,156,15,45,0,220,115,10,70,4,195,122,29,58,3,214,127,48,55,0,224,61,48,30,7,147,108,60,28,7,201,176,112,52,3,342,141,143,29,0,313,111,139,19,0,266,58,93,0,0,155,188,245,16,4,454,97,157,43,0,304,20,0,3,5,28,1596,1115,528,35,3275
501021254,8,0,5,0,15,0,0,0,0,4,3,0,5,0,10,0,0,17,0,22,20,0,21,0,46,16,3,41,0,64,89,14,46,5,148,42,15,50,0,107,38,25,50,4,119,50,32,31,0,111,33,28,23,10,92,24,42,18,0,81,47,70,34,0,150,38,51,8,0,95,27,46,4,0,75,11,22,4,0,35,8,18,3,0,35,33,42,29,0,110,0,3,4,0,10,493,424,384,23,1323
501031017,22,8,4,0,32,10,0,0,0,13,10,4,0,0,9,10,3,6,0,18,46,0,14,0,63,30,0,23,0,51,135,9,26,0,167,94,12,26,0,138,101,22,22,3,147,97,34,23,0,158,40,38,6,0,88,63,41,7,0,113,116,102,6,0,239,65,82,0,0,144,49,64,4,0,118,31,37,0,0,66,41,67,0,0,116,78,124,24,0,228,15,6,5,0,21,1056,660,207,16,1933
501031018,18,0,0,0,26,16,0,0,0,18,3,0,3,0,10,4,0,5,0,7,36,0,14,0,60,19,4,22,0,45,114,9,19,3,147,87,12,21,3,125,70,28,19,3,124,85,34,16,0,135,44,30,13,3,88,41,37,3,0,81,75,82,16,0,176,60,81,3,0,144,56,51,3,0,113,32,35,4,0,67,68,87,0,0,152,70,105,21,0,196,14,0,3,0,25,917,603,195,18,1726
501031019,11,0,0,0,10,6,0,0,0,9,3,0,6,0,7,0,0,10,0,10,20,3,17,0,36,14,4,16,0,38,77,10,21,0,111,41,27,26,0,93,47,36,25,3,111,61,38,28,5,128,33,44,11,3,90,49,34,8,0,85,87,89,16,3,195,68,69,5,0,144,40,42,6,0,85,13,25,0,0,34,30,32,0,0,66,44,58,17,4,117,16,3,5,0,29,657,515,210,22,1404
501031020,19,0,0,0,22,6,0,3,0,14,12,0,3,0,20,6,0,0,0,6,32,0,4,0,46,25,3,4,0,33,112,4,22,0,142,70,14,13,0,104,73,31,13,0,112,73,30,6,0,110,22,20,10,0,59,48,35,11,0,94,74,57,4,0,138,38,50,0,0,83,27,40,0,0,70,14,14,5,0,33,36,31,4,0,69,72,87,11,0,171,14,4,0,0,23,771,426,137,12,1347
502011021,24,8,13,0,44,20,0,0,0,21,5,0,5,0,18,9,0,12,0,18,54,4,14,0,70,26,9,22,3,65,197,7,27,4,239,107,13,38,0,156,99,27,37,0,168,123,29,27,0,175,48,40,16,0,101,56,45,17,0,116,97,113,23,5,234,61,105,14,0,185,49,115,8,0,172,20,59,0,0,81,83,160,16,4,255,94,220,27,0,340,18,3,10,0,33,1205,949,320,21,2488
502011022,49,6,9,0,57,14,0,4,0,17,6,0,0,0,11,7,3,8,0,17,47,4,21,0,68,25,5,47,0,70,202,13,47,3,265,143,22,48,5,223,150,23,48,3,225,124,32,27,3,190,63,27,31,0,122,66,46,25,0,134,126,99,35,10,265,86,101,16,0,206,73,104,7,4,185,38,70,5,0,108,97,177,7,0,280,135,180,39,0,359,17,5,6,0,29,1464,923,426,23,2839
502011023,25,3,10,0,37,11,0,3,0,13,5,0,10,0,21,7,3,19,0,28,38,6,33,0,74,39,12,78,3,134,232,21,70,7,328,133,25,61,12,231,109,40,70,5,224,109,72,45,5,228,55,59,30,0,142,48,57,30,0,136,104,126,30,8,269,62,85,19,0,175,46,64,7,0,116,19,40,6,0,63,43,82,7,0,137,79,156,40,5,274,24,3,8,0,40,1186,857,585,48,2676
502011024,50,5,11,0,74,17,5,0,0,24,23,0,12,0,35,16,0,19,0,32,79,0,35,0,120,47,10,69,0,130,394,13,76,3,490,308,25,98,0,432,289,57,81,8,437,256,69,84,6,417,107,83,58,7,251,125,88,46,0,253,255,242,75,4,571,161,213,31,5,399,157,203,25,3,386,84,148,12,0,242,218,406,33,0,659,218,426,72,3,720,51,12,10,0,68,2856,2011,849,41,5754
502011025,34,0,12,0,50,9,0,4,0,19,13,0,8,4,22,9,0,24,0,41,27,0,45,0,81,21,11,84,6,122,183,14,72,6,270,126,21,79,11,237,126,34,56,7,225,128,45,50,4,224,44,29,32,3,105,57,39,22,4,127,108,75,35,0,224,64,48,14,3,126,42,37,4,5,94,28,20,3,0,50,71,79,8,4,158,96,93,48,4,246,30,11,8,7,54,1216,569,610,70,2464
502011026,15,0,7,0,32,7,0,3,0,10,8,0,4,0,13,6,0,3,0,11,31,0,12,5,47,15,5,32,0,53,153,8,27,0,191,81,4,28,4,124,72,18,43,0,131,79,23,20,0,125,42,20,16,0,77,42,24,13,0,81,74,72,30,0,179,66,69,12,0,150,53,56,4,0,109,18,38,6,0,57,61,124,10,0,199,89,139,23,0,252,18,6,3,0,24,940,614,287,20,1858
502011027,29,7,9,0,47,16,4,7,0,29,10,0,3,0,19,11,0,22,0,34,58,5,27,0,88,51,12,87,6,150,240,25,71,5,345,179,37,96,6,324,184,69,105,4,365,181,104,102,3,388,97,122,54,3,275,109,134,57,3,297,237,362,104,14,713,170,329,32,3,533,147,324,18,4,496,68,201,12,0,285,184,487,19,0,684,205,524,65,0,792,36,26,6,0,68,2215,2778,912,49,5949
502011028,33,3,10,0,45,13,0,10,0,16,11,0,18,0,24,3,0,13,3,31,46,8,41,3,98,46,13,70,0,127,273,17,70,0,360,165,35,67,7,273,138,43,59,6,238,138,59,45,3,257,63,59,38,0,159,60,52,21,4,141,129,117,34,4,281,95,67,25,0,190,59,73,17,0,143,33,52,3,3,97,86,125,8,0,222,119,151,53,0,327,31,8,10,0,51,1552,871,611,53,3083
502011029,28,8,3,0,37,10,0,3,0,11,13,0,4,0,16,7,4,20,0,31,45,6,25,0,70,26,4,44,3,77,199,20,54,0,268,109,19,46,4,174,96,41,57,9,201,89,49,46,0,187,60,47,25,0,131,62,63,24,0,147,127,134,25,0,280,85,126,12,0,228,53,120,15,4,192,30,67,6,0,97,65,154,9,0,225,115,230,43,4,389,29,16,3,0,49,1237,1093,455,27,2818
503011030,15,4,4,0,16,11,3,0,0,10,3,0,0,0,4,0,0,0,0,4,13,0,5,0,15,5,0,6,0,8,37,0,0,0,38,26,3,14,0,41,54,9,12,0,68,57,0,10,0,66,26,4,10,0,40,32,18,10,0,55,58,33,13,0,102,44,39,14,5,95,49,49,9,0,109,21,47,4,0,75,248,674,22,0,947,37,120,21,0,176,12,7,0,0,23,726,1001,142,14,1888
503011031,15,9,12,0,23,9,3,8,0,20,7,3,5,0,10,4,0,6,0,11,12,0,13,0,31,17,5,16,0,33,32,6,11,0,56,39,6,26,3,76,39,3,28,8,77,64,23,38,4,129,50,17,19,10,89,53,18,28,7,106,102,56,30,0,183,109,43,20,0,165,72,56,21,5,154,53,61,6,3,122,281,509,36,3,834,70,88,28,0,183,12,3,3,0,16,1027,900,348,40,2314
503011032,10,0,8,0,24,8,0,4,0,11,7,0,0,4,7,0,0,0,0,5,10,4,3,0,18,8,8,4,3,20,24,0,9,0,34,27,3,13,0,45,37,0,5,6,50,38,3,11,0,52,18,10,10,0,39,42,7,10,0,61,67,32,33,5,136,67,44,9,0,119,66,43,14,0,123,51,39,5,0,97,339,620,54,3,1014,63,97,19,0,180,12,4,0,0,14,896,919,210,25,2045
503011033,14,0,0,0,17,5,4,0,0,12,0,0,4,0,7,0,0,4,0,4,20,0,7,0,27,15,0,4,0,21,29,4,11,0,40,22,4,5,0,35,46,12,17,0,79,50,19,15,0,79,33,10,19,5,61,37,26,15,0,77,64,66,26,0,159,54,71,21,4,145,57,87,11,0,152,34,87,0,0,130,205,915,32,0,1155,43,111,22,0,176,3,3,3,0,11,757,1410,223,21,2410
503011034,17,5,14,0,35,9,0,8,0,20,0,0,3,0,8,7,4,5,0,12,22,0,8,0,29,15,3,18,0,42,36,7,11,3,54,42,11,20,0,68,58,11,27,6,101,62,21,13,0,99,35,24,23,6,83,47,31,22,4,104,99,44,36,4,182,69,54,15,0,146,77,86,12,0,178,44,44,3,0,87,332,801,44,5,1178,75,145,26,3,249,12,5,0,0,15,1050,1304,303,31,2690
503011035,44,11,12,5,73,15,3,6,0,25,20,0,10,5,26,12,0,4,0,18,23,10,9,0,39,18,9,14,0,42,58,21,10,9,94,69,19,38,3,126,103,36,33,9,184,122,34,31,6,188,79,44,29,4,150,101,59,24,9,184,183,122,53,6,363,136,93,25,8,255,115,101,18,0,239,72,93,8,0,172,572,1373,79,5,2020,93,209,29,0,337,12,13,0,0,23,1826,2252,422,68,4566
503011036,14,0,3,0,20,6,0,5,0,13,3,0,3,3,5,0,5,10,0,6,7,0,8,0,21,5,0,9,0,17,48,0,8,0,54,44,5,11,4,67,53,6,16,0,74,65,9,22,0,97,25,16,12,0,56,53,16,14,5,89,74,74,44,0,187,57,71,13,0,143,56,80,13,0,151,38,97,10,0,139,258,872,54,0,1185,49,129,29,0,204,7,3,0,0,16,873,1380,292,15,2557
503021037,0,0,0,0,0,0,0,0,0,0,0,0,0,0,0,0,0,0,0,0,0,0,0,0,0,0,0,0,0,0,0,0,0,0,0,0,0,0,0,0,0,0,0,0,0,0,0,0,0,0,0,0,0,0,0,0,0,0,0,0,0,0,0,0,0,0,0,0,0,0,0,0,0,0,0,0,0,0,0,0,7,0,0,0,7,0,0,0,0,0,0,0,0,0,0,11,5,0,0,12
503021038,13,5,8,6,25,11,0,5,0,11,10,0,4,0,8,3,0,5,0,6,11,4,10,0,23,14,7,11,4,30,54,0,23,0,75,30,9,24,8,71,48,13,37,0,104,54,20,33,5,109,34,24,30,6,95,41,28,29,0,100,123,97,59,0,275,138,119,11,14,284,118,166,21,3,307,85,124,5,0,213,347,765,50,3,1168,72,109,22,0,201,5,4,3,0,14,1207,1498,375,58,3135
503021039,26,0,6,5,36,4,0,3,0,3,11,5,7,0,20,8,0,11,0,19,21,0,11,3,38,16,5,19,0,44,92,10,29,4,131,70,10,33,8,116,94,22,51,10,178,141,33,38,8,219,85,36,58,9,185,108,30,37,0,177,219,124,65,17,416,174,119,30,3,322,142,173,16,5,338,99,145,11,0,256,510,911,45,10,1469,109,151,40,6,299,23,8,0,0,34,1939,1788,503,77,4304
503021040,15,0,6,5,23,4,0,0,0,4,3,0,0,0,5,0,3,4,0,9,19,0,9,4,25,7,5,12,0,29,50,6,17,0,65,31,8,26,3,73,55,18,30,8,113,56,18,22,5,103,34,32,24,3,94,45,24,17,0,87,104,66,35,7,213,111,86,15,6,219,93,106,11,0,214,65,101,6,4,168,282,522,21,4,830,54,73,20,0,152,14,0,0,0,12,1043,1070,283,50,2444
503021042,27,0,13,0,47,7,0,4,0,16,7,0,3,0,14,6,0,8,0,15,28,3,11,0,42,26,3,19,5,59,81,6,24,4,114,74,14,29,9,126,110,24,39,9,176,113,36,33,7,187,68,27,33,3,142,122,44,53,8,216,200,139,76,10,425,197,110,25,9,336,155,135,27,4,321,133,132,10,0,275,542,999,78,12,1629,120,141,45,0,310,9,3,6,0,28,2040,1821,543,73,4480
503021043,27,6,10,0,43,7,5,0,0,11,10,5,9,0,23,8,0,11,0,18,26,5,18,4,46,26,4,35,0,75,68,17,30,0,109,100,23,41,4,163,115,53,51,7,224,159,69,54,23,310,104,76,35,5,222,122,83,31,5,246,257,203,59,15,540,193,167,22,6,388,159,172,29,7,368,104,135,10,3,242,432,1022,59,5,1518,115,154,39,3,315,12,12,3,0,25,2033,2214,541,106,4899
503021295,36,0,7,5,53,12,0,4,0,13,7,0,5,0,13,0,0,3,0,9,15,4,8,0,28,9,3,9,6,26,47,4,19,0,79,50,15,18,4,81,83,20,22,9,135,131,21,10,4,170,83,28,22,6,135,88,38,20,9,152,249,93,25,9,377,183,45,14,10,251,168,60,20,4,250,124,26,4,0,158,451,216,22,4,694,148,56,18,0,219,10,0,4,0,15,1889,648,256,74,2864
503021296,19,0,8,4,27,7,0,3,0,4,0,0,0,0,6,6,7,5,0,14,10,0,11,0,27,7,7,10,0,37,44,9,24,0,79,44,13,26,7,88,60,19,22,8,103,93,24,19,7,148,73,24,16,4,118,85,35,25,4,145,192,54,29,8,285,193,55,15,8,270,145,62,15,0,227,125,56,0,0,183,316,194,20,7,531,136,51,15,6,202,16,4,0,0,15,1571,626,268,61,2521
503021297,27,6,11,3,47,6,0,0,0,8,3,5,3,0,15,0,0,3,0,12,18,0,3,0,19,9,9,10,0,32,25,4,14,4,50,48,5,15,11,76,50,15,12,8,80,82,21,15,10,124,78,9,8,5,105,79,26,17,8,135,234,67,27,13,339,172,44,7,6,221,156,41,7,0,205,115,22,4,0,139,338,131,17,3,502,136,50,17,3,204,3,0,3,0,9,1585,458,204,74,2323
504011044,14,3,7,0,26,17,0,0,0,20,4,0,11,0,15,4,6,22,3,33,31,4,28,6,69,29,3,45,4,82,159,13,64,4,239,89,23,84,10,215,113,46,87,9,249,121,75,60,9,268,70,84,43,8,202,74,88,48,6,216,210,247,83,13,551,171,222,40,9,446,130,228,26,7,388,95,166,13,3,274,191,392,15,6,604,116,179,46,4,346,15,10,6,0,36,1672,1797,718,93,4283
504011045,41,6,14,3,63,24,5,9,0,31,7,8,17,0,26,8,4,26,5,37,51,9,51,5,118,42,14,59,4,112,197,27,60,7,295,124,33,93,6,262,130,84,87,7,304,170,95,84,17,364,95,104,85,4,284,129,151,64,6,346,267,309,102,17,695,257,350,48,17,670,242,376,32,11,665,191,279,16,0,490,423,873,41,8,1346,181,267,75,0,522,23,14,12,4,45,2602,2989,973,124,6695
504011046,23,7,7,0,32,5,0,3,0,10,5,3,6,0,15,5,0,14,0,15,23,7,17,0,49,13,10,23,0,44,74,15,50,5,142,70,20,37,6,131,71,44,38,9,158,116,61,44,9,228,89,33,36,14,167,91,35,29,9,161,227,125,40,15,405,181,93,14,5,298,152,111,16,5,283,107,93,0,3,201,270,308,13,3,597,143,73,24,0,251,9,6,6,0,24,1669,1040,421,86,3216
504011047,69,14,32,0,114,16,0,7,0,32,5,5,12,0,24,13,0,30,0,48,75,3,43,5,123,59,22,68,3,149,329,57,86,10,479,174,77,95,11,354,187,133,120,14,454,209,167,113,20,508,105,163,74,12,352,137,165,72,11,383,289,409,106,31,835,218,305,55,16,595,162,282,35,9,494,94,150,6,10,260,149,366,28,10,541,154,267,75,3,508,32,12,8,0,55,2481,2605,1065,152,6302
504011048,26,9,4,0,45,8,0,3,0,15,7,0,0,0,7,3,0,3,0,10,38,4,7,0,52,27,5,18,4,53,122,9,24,3,153,83,25,30,0,136,74,24,37,5,144,91,65,29,3,187,42,53,31,3,130,46,48,17,5,115,101,120,36,4,263,61,113,25,0,191,49,130,18,0,199,30,86,6,0,121,67,225,18,0,308,30,110,30,0,170,17,7,3,0,26,927,1033,340,33,2322
504021049,6,0,0,0,10,0,3,0,0,5,3,0,0,0,10,3,0,3,0,3,7,0,3,0,7,6,3,7,0,22,26,4,0,0,33,22,9,7,0,41,14,9,7,0,35,26,9,15,3,47,14,5,3,0,32,15,19,11,0,41,48,37,13,0,96,41,35,5,0,84,16,33,5,0,56,23,31,8,0,57,29,54,0,0,86,42,74,9,0,127,7,4,0,0,11,347,341,105,3,795
504021050,9,0,5,0,14,5,0,0,0,5,7,0,0,0,10,3,0,4,0,7,23,0,4,0,21,15,0,10,0,27,64,5,10,0,83,51,7,9,3,72,71,15,24,0,107,79,23,12,4,124,44,27,9,6,86,45,39,19,0,103,91,87,32,0,215,63,120,17,4,201,70,122,8,0,202,32,78,3,0,118,126,329,17,0,469,63,146,24,3,231,9,3,0,0,14,869,1002,222,16,2107
504021051,8,7,3,0,11,0,0,0,0,4,3,0,4,0,6,5,0,0,0,4,20,0,15,0,39,17,6,10,0,26,75,9,20,0,102,48,5,21,0,79,54,20,16,0,87,60,22,22,3,105,24,25,13,0,58,30,36,14,0,79,70,80,24,0,180,60,82,10,3,156,51,90,9,5,155,23,55,5,0,82,62,206,13,0,275,39,100,30,0,166,8,0,0,0,12,670,722,219,23,1633
504021052,0,0,0,0,0,0,0,0,0,0,0,0,0,0,0,0,0,0,0,0,0,0,0,0,0,0,0,0,0,0,0,0,0,0,0,0,0,0,0,0,0,0,0,0,0,0,0,0,0,0,0,0,0,0,0,0,0,0,0,0,0,0,0,0,0,0,0,0,0,0,0,0,0,0,0,0,0,0,0,0,0,0,0,0,0,0,0,0,0,0,0,0,0,0,0,6,0,0,0,4
504021053,19,3,9,0,28,10,0,0,0,11,17,0,7,0,21,6,0,8,0,15,34,3,20,0,56,27,6,27,0,63,165,11,25,3,205,115,10,39,3,168,165,42,49,0,255,116,56,39,0,216,58,65,24,3,149,97,93,31,0,226,177,214,53,5,436,134,185,29,0,349,116,194,25,0,333,64,140,13,0,216,160,404,18,0,583,131,329,57,0,514,17,12,5,4,43,1636,1759,472,17,3885
504021054,27,3,17,0,46,14,0,0,0,10,15,3,21,0,42,9,0,19,0,22,34,6,32,5,70,28,14,49,0,87,175,7,41,7,237,112,11,72,12,205,105,41,72,3,224,142,80,60,19,302,81,55,43,7,179,80,74,52,4,213,171,206,80,6,457,125,162,21,4,314,83,142,18,5,248,66,82,9,0,154,98,178,12,0,297,98,206,47,4,359,27,8,12,3,55,1486,1294,686,71,3541
504031055,0,0,0,0,0,0,0,0,0,0,0,0,0,0,0,0,0,0,0,0,0,0,0,0,0,0,0,0,0,0,0,0,0,0,0,0,0,0,0,0,0,0,0,0,0,0,0,0,0,0,0,0,0,0,0,0,0,0,0,0,0,0,0,0,0,0,0,0,0,0,0,0,0,0,0,0,0,0,0,0,0,0,0,0,0,0,0,0,0,0,0,0,0,0,0,0,0,0,0,0
504031056,44,14,10,0,69,6,0,7,0,12,9,6,7,0,23,7,9,26,0,39,50,22,28,6,98,33,26,53,0,117,181,53,75,3,315,124,79,117,5,314,136,119,128,13,392,127,152,91,13,378,89,164,68,9,335,111,155,53,8,326,202,365,101,17,680,132,310,57,3,504,89,224,22,0,335,74,153,20,5,245,83,319,16,0,422,101,281,68,3,455,17,21,17,3,59,1601,2473,964,83,5119
504031057,60,12,28,4,92,14,0,5,0,22,14,9,15,0,28,15,4,19,0,35,21,16,32,0,78,29,16,67,0,112,143,54,84,4,284,95,90,99,10,291,119,165,96,9,384,128,209,107,5,455,94,227,64,15,394,111,225,57,14,401,238,511,106,14,865,178,371,51,12,616,118,262,20,0,402,67,159,3,5,230,81,301,15,4,405,121,304,59,6,486,25,24,14,4,65,1664,2961,927,109,5650
504031058,12,0,4,0,17,7,0,0,0,11,0,0,3,0,3,7,0,3,0,10,6,0,6,0,18,19,4,23,0,44,42,6,17,0,70,31,11,29,0,70,33,19,24,0,79,55,32,25,0,109,32,37,18,0,92,29,30,21,4,82,85,111,18,3,216,57,74,13,3,141,40,54,4,0,103,29,51,4,0,87,47,100,3,5,154,65,146,19,0,230,9,9,4,0,23,608,691,233,23,1551
504031060,0,0,0,0,5,5,0,0,0,8,0,0,3,0,3,0,0,0,0,5,3,0,4,0,5,0,0,0,0,4,37,0,4,0,39,20,3,10,0,33,20,10,0,0,35,28,10,10,0,53,19,10,5,0,38,17,14,0,0,33,44,35,6,0,83,31,41,0,0,77,39,35,0,0,79,22,26,0,0,47,48,109,3,0,159,32,78,6,0,116,16,5,0,0,22,388,384,63,3,841
504031061,9,0,5,0,16,5,0,0,0,8,0,0,0,0,5,3,0,0,0,9,12,0,5,0,17,10,5,15,0,34,39,6,13,0,56,29,7,16,4,56,36,24,19,3,74,46,16,21,0,86,30,21,14,0,71,35,35,17,0,83,68,112,27,5,205,58,91,10,0,154,62,77,9,3,157,29,56,6,0,94,82,177,8,3,264,54,91,20,0,164,10,5,3,0,15,626,711,203,29,1563
504031062,30,3,16,0,46,0,0,3,0,10,8,0,6,0,12,6,3,15,0,23,32,3,18,0,54,24,12,43,0,81,124,27,54,3,201,57,33,60,8,156,68,51,52,9,179,85,105,64,7,265,55,94,38,8,199,59,101,40,4,203,120,284,64,9,477,117,242,30,0,393,89,193,12,3,295,43,117,0,0,170,75,211,6,0,302,90,171,40,0,298,11,15,9,0,40,1088,1678,575,67,3403
504031063,0,0,0,0,0,0,0,0,0,0,0,0,0,0,0,0,0,0,0,0,0,0,0,0,0,0,0,0,0,0,0,0,0,0,0,0,0,0,0,0,0,0,0,0,0,0,0,0,0,0,0,0,0,0,0,0,0,0,0,0,0,0,0,0,0,0,0,0,0,0,0,0,0,0,0,0,0,0,0,0,0,0,0,0,0,0,0,0,0,0,0,0,0,0,0,0,0,0,0,4
504031064,0,0,0,0,0,0,0,0,0,0,0,0,0,0,0,0,0,0,0,0,0,0,0,0,0,0,0,0,0,0,0,0,0,0,0,0,0,0,0,0,0,0,0,0,0,0,0,0,0,0,0,0,0,0,0,0,0,0,0,0,0,0,0,0,0,0,0,0,0,0,0,0,0,0,0,0,0,0,0,0,0,0,0,0,0,0,0,0,0,0,0,0,0,0,0,0,0,0,0,0
504031065,15,0,0,0,22,13,0,3,0,17,9,0,9,0,15,0,7,4,0,13,8,3,10,0,19,15,0,17,3,29,74,3,32,0,111,43,7,30,6,86,53,30,36,8,120,49,31,41,0,120,20,35,21,3,86,26,30,31,6,88,66,97,31,0,199,63,88,18,4,173,33,65,5,0,106,21,27,3,0,49,31,97,3,0,133,48,81,23,3,157,16,5,4,0,26,593,614,327,29,1566
504031066,15,4,19,0,34,3,0,7,0,11,3,0,8,0,16,3,0,13,0,16,22,3,34,3,62,21,3,57,0,88,89,16,55,7,172,85,16,70,13,173,76,42,62,8,190,96,47,68,17,224,45,56,46,7,152,57,53,36,9,152,141,113,70,11,336,92,81,28,3,198,68,74,14,4,153,43,44,11,7,94,69,170,16,5,262,73,101,38,3,213,19,5,7,0,34,1014,819,649,92,2576
504031067,10,0,3,0,22,4,0,5,0,3,0,0,8,0,10,0,0,12,0,15,10,4,17,0,29,9,0,38,0,52,66,10,34,3,107,37,19,49,0,103,43,22,47,5,120,42,45,39,3,125,30,54,32,4,125,38,65,20,0,125,75,145,41,6,271,54,124,19,0,202,57,77,9,0,146,30,72,5,0,103,44,152,8,0,210,53,111,27,4,196,3,9,8,0,23,608,905,433,21,1973
504031068,22,8,7,0,38,5,0,0,0,8,12,0,3,0,18,0,5,12,0,19,20,3,13,0,38,21,3,18,0,50,82,15,35,0,132,59,19,38,0,119,80,52,41,0,171,95,67,48,4,210,52,76,38,5,169,57,78,29,6,167,170,226,52,9,459,113,197,26,0,330,92,198,11,5,305,54,119,8,0,176,166,434,21,0,613,112,292,32,0,442,11,12,8,0,31,1223,1804,441,34,3502
504031069,0,0,0,0,0,0,0,0,0,0,0,0,0,0,0,0,0,0,0,0,0,0,0,0,0,0,0,0,0,0,0,0,0,0,0,0,0,0,0,0,0,0,0,0,0,0,0,0,0,0,0,0,0,0,0,0,0,0,0,0,0,0,0,0,0,0,0,0,0,0,0,0,0,0,0,0,0,0,0,0,0,0,0,0,0,0,0,0,0,0,0,0,0,0,0,0,0,0,0,0
504031298,25,7,16,0,44,3,0,5,0,10,0,0,6,0,15,0,0,11,0,14,21,6,12,0,44,10,4,47,0,61,88,7,58,0,158,44,20,61,0,137,60,52,98,4,214,67,110,81,3,266,65,126,65,8,261,63,167,50,3,282,239,397,87,11,730,153,354,33,5,544,111,275,29,0,417,69,169,3,3,248,104,313,21,5,436,115,303,52,0,471,18,15,5,0,41,1265,2333,740,48,4387
504031299,21,4,6,0,27,0,0,0,0,5,4,3,4,0,15,0,3,9,0,12,6,0,18,0,30,10,10,26,0,49,44,16,26,0,83,20,28,29,4,86,47,57,39,0,147,46,127,38,0,218,45,122,35,9,208,56,131,23,7,215,180,310,37,5,539,135,269,23,6,436,85,164,12,0,264,51,100,5,0,158,59,177,10,4,253,76,223,22,3,325,8,7,4,0,22,910,1761,375,41,3087
504031300,26,6,13,0,39,11,3,4,0,22,6,7,14,0,26,3,3,28,0,37,37,9,39,0,81,23,16,85,0,124,168,27,84,6,279,93,36,104,3,239,110,72,122,4,311,113,140,88,5,351,61,138,65,9,270,92,182,59,9,331,196,402,100,15,715,129,346,32,9,515,95,271,45,0,409,51,160,7,4,224,73,322,16,0,418,100,385,58,3,550,19,18,15,0,51,1412,2528,979,57,4976
505011070,14,3,3,0,27,4,0,4,0,11,3,0,11,0,19,6,0,19,0,22,24,4,29,0,55,21,3,31,0,56,101,6,44,5,155,70,24,54,5,150,65,33,69,3,165,89,54,56,3,201,47,74,43,4,171,64,90,33,8,192,140,225,66,10,442,137,202,31,0,373,111,161,14,3,287,55,100,3,0,161,93,148,5,3,248,93,160,52,3,303,15,8,5,0,29,1151,1293,556,47,3057
505011071,24,0,12,3,35,12,0,3,0,15,13,0,0,0,13,8,3,12,0,20,28,0,18,0,49,25,4,29,0,59,130,14,37,4,186,87,10,41,4,146,89,36,61,6,190,98,66,55,4,225,73,73,51,0,205,62,76,46,0,187,182,267,78,7,527,150,249,30,3,435,93,273,33,7,394,63,179,13,5,256,139,491,22,0,647,91,291,48,0,428,18,15,3,0,32,1377,2053,584,46,4055
505011072,40,3,7,0,51,13,7,0,0,20,9,4,9,0,20,12,0,7,0,15,41,0,11,0,62,28,3,30,5,60,121,16,17,3,153,109,8,35,8,158,144,22,51,5,228,160,39,55,3,261,95,43,35,8,183,95,50,31,5,186,143,212,92,0,447,132,243,30,0,402,120,340,34,0,496,66,234,14,0,312,192,909,34,3,1139,78,254,44,0,383,25,16,3,0,39,1627,2414,521,33,4602
505011073,22,5,3,0,31,8,0,6,0,17,9,0,10,6,24,8,0,21,0,31,39,4,17,0,65,32,0,37,0,64,152,12,20,0,190,124,18,39,4,186,150,37,74,0,265,149,67,59,0,274,74,66,45,5,186,70,92,31,5,197,155,223,77,10,463,155,242,33,7,436,92,223,34,3,354,59,213,8,5,285,140,359,29,5,532,105,190,53,0,348,14,5,3,0,19,1565,1757,606,47,3969
505011074,16,3,5,0,27,4,0,3,0,10,0,0,3,0,8,8,0,8,0,19,21,4,19,3,42,19,6,36,4,60,94,5,32,0,144,70,17,49,6,145,89,20,57,3,168,107,50,48,0,205,63,60,45,0,169,58,64,30,3,156,164,177,48,5,393,123,157,14,3,297,86,183,23,0,292,57,130,6,0,196,112,264,15,3,395,76,186,40,0,304,17,13,3,0,32,1184,1345,487,38,3050
505011075,32,6,11,0,43,17,5,0,0,15,13,3,0,0,22,5,0,10,0,15,28,4,12,0,43,32,0,17,0,46,87,12,13,0,116,77,7,21,3,108,107,21,41,4,169,111,25,22,0,167,71,38,20,8,129,68,32,21,5,127,139,123,46,0,307,107,143,20,0,271,99,163,19,3,277,64,128,8,0,200,202,739,32,0,975,73,171,31,0,274,14,8,9,0,35,1345,1621,357,25,3341
505011076,32,4,0,0,37,9,0,4,0,12,12,0,0,0,11,9,0,0,0,8,17,3,3,0,24,17,0,9,0,31,52,4,8,0,62,50,11,13,0,73,73,21,12,4,111,69,23,12,3,112,40,23,15,0,79,53,31,11,0,95,100,94,22,0,221,77,144,21,0,244,70,172,6,0,254,56,159,7,0,220,249,742,22,0,1006,60,226,21,0,305,15,16,0,0,35,1058,1680,188,12,2942
505011077,24,3,9,0,34,18,0,10,0,27,8,6,3,0,17,8,4,14,0,27,36,3,18,3,63,21,11,38,0,69,138,12,37,0,187,114,22,41,6,185,119,44,60,7,230,125,39,54,0,228,87,58,40,0,194,113,62,35,3,216,193,180,80,8,460,165,186,24,0,378,136,182,19,5,336,74,123,3,0,203,140,335,13,0,489,117,180,50,3,349,24,8,6,0,37,1640,1467,566,46,3718
505011078,23,7,3,0,29,12,0,0,0,17,6,0,3,0,11,3,6,8,0,16,34,5,12,0,57,22,0,20,0,41,158,12,26,0,198,119,14,39,3,180,141,34,58,5,236,140,50,52,0,241,82,57,42,0,182,77,51,32,0,170,158,211,45,4,422,124,233,18,4,384,95,245,19,0,361,56,169,12,4,238,123,501,21,0,645,79,206,39,4,324,13,12,5,0,32,1478,1813,451,33,3776
505011079,25,3,10,0,35,8,0,0,0,10,8,0,3,0,12,7,0,6,0,15,25,3,6,0,36,25,0,17,0,43,105,12,20,0,134,119,21,24,4,172,122,32,38,8,195,115,38,23,0,178,62,40,18,0,122,65,58,22,0,147,123,133,44,0,302,102,163,17,7,285,89,200,14,0,307,60,154,7,0,225,168,600,24,0,794,96,217,38,0,351,13,4,0,0,17,1348,1693,328,26,3388
505011080,18,4,0,0,23,6,0,6,0,9,9,0,0,0,15,6,4,3,0,14,20,3,4,0,30,9,0,15,0,31,72,7,19,0,94,62,6,15,0,81,62,15,18,0,100,66,19,20,0,104,66,33,14,4,113,50,37,29,4,116,94,101,27,0,220,73,118,11,0,210,63,147,14,0,224,33,103,3,0,141,128,439,15,0,587,58,179,24,0,257,8,10,0,0,16,904,1225,237,11,2380
505011081,5,0,3,0,10,5,0,0,0,4,3,4,0,0,11,5,0,10,0,11,19,3,13,0,37,17,6,10,0,35,93,9,26,3,127,61,3,41,8,111,80,24,40,3,149,73,34,35,0,149,32,46,36,0,122,43,43,27,5,117,95,156,63,8,320,104,153,18,3,278,68,154,16,0,236,50,122,8,0,181,84,268,15,0,369,68,138,28,0,237,6,11,6,6,24,929,1159,401,42,2525
505011082,21,6,4,0,31,16,0,4,0,21,8,0,5,0,18,4,0,3,0,5,41,3,5,0,50,26,0,13,4,38,89,0,16,7,112,83,11,15,0,105,102,13,22,8,143,105,18,28,0,150,48,29,19,4,100,74,23,14,4,118,129,97,29,3,258,68,109,13,5,189,68,138,9,0,218,50,121,5,0,179,213,726,39,0,976,53,152,17,0,226,12,10,0,0,24,1220,1465,250,30,2965
505011083,23,5,0,0,27,15,3,0,0,23,6,0,0,0,8,4,5,6,0,9,33,3,7,0,41,10,0,13,0,28,105,5,18,5,128,87,6,20,0,117,88,12,38,3,142,91,18,34,0,150,52,36,32,5,122,56,41,38,4,137,118,130,43,0,289,99,195,18,0,312,95,178,17,0,289,57,134,6,0,199,110,488,18,0,612,33,178,31,0,244,12,8,4,0,16,1094,1446,338,22,2893
505021084,40,9,3,0,48,17,0,3,0,16,7,8,5,0,24,9,4,15,0,23,57,3,26,0,89,28,9,43,3,82,204,21,36,4,267,117,36,74,11,236,136,60,69,5,275,130,92,84,9,312,74,106,65,13,252,93,111,55,3,260,217,261,104,8,597,162,238,39,3,446,124,205,15,4,346,74,154,3,0,229,168,324,15,5,514,107,177,55,5,349,29,13,5,3,51,1787,1819,737,84,4434
505021085,35,26,21,3,83,10,3,15,0,28,13,19,20,0,52,11,4,42,6,59,34,33,72,3,148,33,46,104,4,187,202,90,128,3,428,131,121,143,17,418,109,188,147,14,457,137,234,139,25,531,72,199,75,16,365,105,180,77,13,365,210,345,91,22,666,98,193,37,12,336,70,130,23,8,226,32,60,7,12,113,57,87,15,4,159,111,209,77,10,405,32,27,18,0,79,1498,2201,1252,165,5112
505021087,0,0,0,0,0,0,0,0,0,0,0,0,0,0,0,0,0,0,0,0,0,0,0,0,0,0,0,0,0,0,0,0,0,0,0,0,0,0,0,0,0,0,0,0,0,0,0,0,0,0,0,0,0,0,0,0,0,0,0,0,0,0,0,0,0,0,0,0,0,0,0,0,0,0,0,0,0,0,0,0,0,0,0,0,0,0,0,0,0,0,0,0,0,0,0,0,0,0,0,0
505021088,26,9,12,0,51,6,0,3,0,10,10,5,9,4,23,0,4,28,0,34,28,7,29,3,64,25,9,39,0,73,113,12,49,7,181,92,23,76,10,201,89,33,75,9,208,94,45,75,12,228,56,54,60,0,176,63,80,46,4,197,207,202,106,12,523,229,223,35,12,491,203,238,35,7,484,177,190,10,8,379,373,654,43,7,1082,171,199,73,0,435,9,16,4,0,28,1979,1990,812,79,4861
505021089,41,3,8,0,49,29,5,0,0,33,24,0,5,0,33,6,0,4,0,13,56,4,22,0,87,36,3,31,0,74,152,10,28,0,195,171,17,39,9,237,212,30,47,6,288,184,43,60,4,295,105,49,50,3,204,126,83,47,3,259,227,252,81,3,567,176,303,32,3,527,152,370,26,4,550,105,295,7,0,407,344,1511,48,4,1901,104,327,44,0,471,17,14,7,0,37,2256,3331,593,51,6228
505021090,33,11,26,0,75,9,3,3,0,19,11,8,10,4,28,6,5,38,3,45,42,25,59,5,127,34,43,76,4,149,164,55,97,0,322,100,74,139,7,314,119,129,117,16,380,163,168,111,21,463,122,168,86,18,389,119,161,42,17,345,296,352,83,23,759,220,214,32,9,476,143,171,21,9,348,82,63,3,8,161,109,117,14,0,247,136,161,59,3,359,25,15,14,4,57,1922,1953,1048,156,5068
505021091,0,0,0,0,0,0,0,0,0,0,0,0,0,0,0,0,0,0,0,0,0,0,0,0,3,0,0,0,0,0,0,0,0,0,0,0,0,0,0,0,0,0,0,0,0,4,0,0,0,6,3,0,0,0,3,3,0,0,0,4,14,0,0,0,14,0,0,0,3,0,0,0,0,0,0,3,0,0,0,4,3,0,0,0,4,6,0,0,0,4,0,0,0,0,0,35,3,0,0,42
505021092,13,4,16,0,35,3,0,6,0,18,8,0,5,0,13,4,0,12,0,21,14,4,24,0,46,22,5,32,0,66,62,14,48,4,128,50,8,64,4,126,95,29,76,9,208,127,33,55,8,221,77,53,47,4,184,106,47,46,0,200,248,157,86,7,501,233,132,33,6,405,236,185,22,15,448,146,145,9,7,297,421,608,37,4,1070,218,158,63,0,442,16,12,9,3,36,2088,1603,675,85,4454
505021093,55,8,10,7,73,16,0,0,0,21,14,6,6,0,27,5,7,5,0,19,46,4,13,0,67,29,8,30,5,69,179,28,28,0,231,95,40,44,0,182,115,49,48,6,218,136,71,35,11,255,88,81,32,4,201,82,98,31,7,227,198,223,52,11,485,139,173,30,11,347,122,177,15,4,313,80,133,11,0,226,204,597,20,3,826,113,144,36,3,294,25,13,0,0,34,1739,1841,446,81,4107
505021094,13,0,0,0,18,7,0,6,0,9,8,4,3,0,14,0,5,0,0,4,17,4,6,0,25,19,5,6,0,32,71,3,3,0,79,58,8,17,0,90,76,7,18,5,105,78,9,16,0,101,41,13,18,0,70,54,15,12,0,83,89,72,31,0,196,68,78,9,0,156,80,90,9,0,182,47,78,7,0,135,199,526,23,0,748,44,99,24,0,164,18,4,8,0,29,991,1018,210,25,2233
505021095,23,6,0,3,35,5,0,0,0,5,3,0,10,0,17,8,7,9,0,19,20,3,29,0,53,26,10,37,0,75,83,8,37,0,128,60,23,52,9,142,83,52,47,12,192,110,58,46,5,223,92,72,41,8,206,88,68,35,6,193,239,161,64,12,474,155,104,18,8,282,127,132,16,3,274,108,85,4,0,196,198,259,22,3,485,109,87,30,0,231,19,10,10,0,34,1555,1144,491,68,3264
505021096,26,4,13,0,42,17,0,4,0,17,12,0,7,0,18,4,0,10,0,14,32,0,21,0,55,22,8,21,0,58,86,7,29,0,120,81,19,26,0,124,108,20,40,6,173,138,46,41,5,225,56,47,45,5,147,77,57,38,0,172,130,158,63,7,365,109,126,29,4,267,92,199,25,3,324,50,159,11,0,229,271,1091,58,3,1424,65,187,41,0,297,17,14,3,0,32,1389,2154,521,38,4093
505021097,40,6,8,0,54,15,0,0,4,19,10,3,7,3,21,5,0,12,0,13,39,9,18,0,69,20,6,34,4,61,144,13,41,0,201,112,32,54,6,202,125,51,68,9,260,149,66,52,10,276,87,78,39,9,217,93,82,40,7,216,223,191,64,15,489,182,168,21,12,386,143,190,19,5,355,110,148,12,5,274,310,648,35,0,1001,101,149,43,0,297,23,9,6,0,39,1916,1847,582,91,4439
505021301,44,8,7,0,65,8,3,0,0,21,7,0,0,0,10,8,4,5,0,16,52,11,15,0,81,22,7,29,3,63,131,18,19,0,176,82,31,28,4,150,80,38,36,6,158,106,71,35,0,213,54,71,28,0,155,65,76,38,4,180,113,190,39,6,353,95,189,31,9,317,85,181,20,3,288,44,158,11,3,213,152,441,14,0,612,55,156,32,0,239,25,19,0,0,44,1236,1674,398,46,3357
505021302,25,4,7,0,34,10,0,0,0,13,6,0,10,0,21,6,3,7,0,19,42,0,23,0,63,21,6,48,3,82,142,25,38,9,217,91,36,59,10,193,107,45,65,10,225,99,81,47,14,241,66,68,45,3,185,71,68,39,3,184,174,156,72,12,407,125,138,49,5,319,97,155,16,3,268,51,141,4,0,202,154,338,20,8,518,73,111,35,3,220,12,7,9,3,30,1386,1389,587,79,3434
505031098,28,12,19,0,59,8,0,0,0,12,7,3,11,0,30,6,5,22,0,31,35,8,32,5,78,26,15,49,4,94,137,38,55,0,237,78,57,56,9,198,94,95,70,3,261,89,119,58,8,276,58,125,54,8,245,56,107,47,13,219,132,222,66,3,420,87,158,26,3,284,58,110,13,4,179,30,72,5,0,116,34,129,4,0,166,43,146,53,0,244,13,11,6,0,33,1018,1445,649,67,3174
505031099,28,9,32,3,74,18,3,5,0,26,11,3,15,0,28,14,4,39,0,56,44,8,67,0,127,33,12,139,8,182,228,31,137,5,407,175,52,155,13,396,148,101,156,6,412,186,168,158,9,526,96,179,103,3,382,126,197,78,9,407,254,423,123,6,804,170,357,52,12,592,111,278,30,0,418,47,181,19,0,253,82,342,30,3,452,170,454,92,7,729,33,21,15,0,78,1964,2822,1453,101,6345
505031100,35,5,14,0,54,15,3,4,0,23,11,5,10,0,23,3,7,10,0,20,19,6,40,0,71,16,16,54,0,86,82,23,80,0,187,58,34,110,5,206,64,67,111,3,255,90,147,83,3,324,57,155,71,6,283,90,175,60,6,329,242,432,91,5,781,150,384,36,5,577,119,344,21,9,495,51,183,15,4,258,99,450,17,3,576,137,392,50,5,588,18,26,10,3,52,1354,2852,914,61,5190
505031101,17,3,16,0,47,5,0,3,0,14,5,6,8,0,20,5,4,23,0,27,23,5,41,0,68,18,8,68,0,94,83,19,85,3,194,80,36,87,6,214,79,67,109,3,260,75,110,82,6,275,61,123,65,6,253,70,121,58,5,251,191,292,99,4,583,141,210,45,0,395,110,172,18,4,303,54,95,9,0,164,75,200,17,0,287,95,199,75,4,370,13,12,8,3,33,1202,1681,901,62,3845
505031102,21,14,18,0,60,6,3,6,0,12,9,7,12,0,25,7,5,17,0,29,18,13,38,3,66,25,14,51,5,93,97,29,53,5,182,70,62,67,9,204,41,73,70,6,185,69,86,60,10,216,38,87,34,7,162,38,73,30,5,145,90,119,45,5,258,52,95,22,6,176,31,49,7,0,85,10,32,9,0,48,26,36,8,0,65,45,94,41,3,178,10,9,12,0,29,694,884,594,58,2232
505031104,28,12,11,0,50,6,5,5,0,9,6,3,9,0,13,3,4,11,0,22,36,13,17,4,63,20,15,36,3,77,145,28,42,4,214,89,35,46,7,174,69,70,62,4,196,75,93,53,16,238,50,104,49,8,202,53,94,37,3,186,108,217,50,11,377,75,170,17,7,266,36,124,18,12,182,26,71,11,0,105,30,123,11,0,159,46,142,35,0,219,19,14,7,0,40,893,1323,536,64,2812
505031105,36,8,9,0,53,15,0,5,0,16,12,0,7,0,24,3,0,15,0,25,45,3,21,0,71,34,7,46,0,90,158,19,57,3,245,118,25,63,10,214,138,53,71,4,265,156,78,68,11,313,97,74,47,7,224,95,116,41,6,253,284,320,107,3,715,200,344,41,4,584,177,350,31,0,565,100,261,11,0,369,260,903,42,0,1202,174,486,69,3,734,44,20,14,0,70,2159,3076,753,51,6032
505031106,0,0,0,0,0,0,0,0,0,0,0,0,0,0,0,0,0,0,0,0,0,0,0,0,0,0,0,0,0,0,0,0,0,0,0,0,0,0,0,0,0,0,0,0,0,0,0,0,0,0,0,0,0,0,0,0,0,0,0,0,0,0,0,0,0,0,0,0,0,0,0,0,0,0,0,0,0,0,0,0,0,0,0,0,0,0,0,0,0,0,0,0,0,0,0,0,0,0,0,0
505031107,40,0,10,0,52,9,3,0,0,4,10,0,3,0,10,6,4,15,0,18,24,6,11,0,42,20,3,29,3,61,114,10,45,0,178,98,20,44,4,169,81,35,45,4,168,93,74,51,0,220,59,82,34,0,174,62,105,36,0,209,114,268,70,3,453,123,314,26,0,467,83,244,15,0,348,54,191,7,0,246,88,425,17,3,538,101,261,40,0,407,26,13,8,0,44,1205,2066,516,25,3814
505031255,21,3,9,0,39,5,0,0,0,6,9,0,3,0,15,4,0,9,0,14,20,0,22,0,43,14,0,59,0,83,56,20,64,4,142,43,10,83,4,138,59,58,81,4,204,62,119,73,6,257,58,123,75,3,259,66,129,29,3,230,178,361,71,8,620,155,269,21,3,458,96,247,22,0,369,54,112,8,0,178,72,262,3,5,338,123,328,48,4,503,11,13,6,0,32,1116,2059,697,49,3920
505031256,0,4,0,0,4,0,0,0,0,0,0,0,0,0,0,0,0,0,0,0,3,0,0,0,3,0,0,0,0,0,3,0,4,0,5,6,3,4,0,13,8,3,0,0,5,12,7,0,0,24,0,3,0,0,9,7,0,0,0,7,7,13,3,0,22,6,9,0,0,15,7,9,3,0,20,0,9,0,0,10,10,18,0,0,24,0,12,6,0,17,0,0,0,0,4,72,95,24,0,194
505031257,9,0,0,0,16,5,0,0,0,10,12,0,0,0,17,0,5,5,0,13,10,0,8,0,25,3,8,18,0,23,61,5,12,0,76,22,4,17,0,45,28,15,12,0,58,31,19,7,0,64,19,21,9,0,50,24,22,4,0,51,43,47,8,0,102,18,62,4,0,81,19,32,0,0,55,13,31,0,0,43,37,59,0,0,97,47,130,20,0,199,3,3,0,0,12,405,479,138,3,1028
505031258,21,4,15,0,39,3,0,3,0,6,7,3,7,0,15,0,0,17,0,17,27,0,27,0,53,36,7,44,0,84,112,14,55,5,185,80,15,71,3,173,66,37,68,3,174,82,72,54,6,213,48,64,31,0,149,39,75,30,0,147,137,210,62,5,411,79,174,17,0,272,67,153,3,0,225,37,70,10,0,118,55,169,5,0,224,101,313,36,0,459,15,12,11,0,33,999,1405,564,31,3001
505031303,33,0,0,0,39,6,0,5,0,10,11,0,5,0,11,3,0,12,5,17,22,5,20,0,44,17,3,29,0,55,102,11,37,0,158,87,29,55,0,171,87,38,53,6,184,100,80,48,7,236,67,90,48,0,203,64,110,47,0,219,171,288,54,13,518,159,270,23,7,467,88,230,19,8,345,66,145,10,0,224,98,347,17,0,464,91,223,43,6,370,18,11,10,0,43,1300,1893,534,50,3766
505031304,25,9,8,0,46,7,0,4,0,7,0,3,5,0,13,8,4,12,0,25,19,9,14,0,40,22,10,22,3,58,52,17,28,0,102,54,45,28,3,130,62,70,44,0,183,76,107,42,0,223,52,140,34,3,227,52,149,42,3,252,143,414,59,6,615,107,392,30,9,535,114,325,16,3,461,61,246,7,3,315,119,496,18,5,642,83,262,37,0,378,6,18,0,0,29,1065,2707,467,43,4283
505031305,34,8,6,0,49,5,3,5,0,18,9,0,0,0,13,8,0,6,0,14,35,8,12,4,55,20,11,29,0,60,106,19,30,0,160,70,27,38,0,134,77,45,57,0,178,90,91,37,0,219,54,112,47,8,214,72,110,35,4,224,147,298,62,8,504,102,317,40,6,463,68,297,21,0,392,53,191,6,0,255,95,510,17,3,626,45,236,33,4,319,18,14,0,0,33,1100,2305,487,32,3929
505031306,25,3,8,0,34,9,0,3,0,16,11,3,8,0,19,4,3,27,0,35,36,8,18,0,60,29,7,54,3,103,170,16,54,0,241,115,20,69,3,205,114,56,84,7,259,118,80,68,7,281,67,96,50,0,213,83,120,38,7,247,172,280,59,3,517,142,277,38,12,461,112,211,21,6,346,50,124,5,0,184,95,239,12,0,351,117,258,57,0,427,25,9,20,0,56,1503,1819,677,57,4053
506011110,28,11,25,0,65,15,3,5,0,23,9,0,25,0,34,6,0,41,0,53,57,23,95,5,170,36,26,162,3,224,230,56,169,11,463,124,75,165,19,386,166,148,176,14,502,169,215,148,12,536,125,206,96,13,433,136,201,67,8,407,280,384,106,20,791,159,292,47,4,502,95,169,25,7,297,53,80,4,3,143,64,145,14,6,230,148,302,94,8,543,50,10,31,7,100,1944,2329,1488,145,5905
506011111,0,0,0,0,0,0,0,0,0,0,0,0,0,0,0,0,0,0,0,0,0,0,0,0,0,0,0,0,0,0,0,0,0,0,0,0,0,0,0,0,0,0,0,0,0,0,0,0,0,0,0,0,0,0,0,0,0,0,0,0,0,0,0,0,0,0,0,0,0,0,0,0,0,0,0,0,0,0,0,0,0,0,0,0,0,0,0,0,0,0,0,0,0,0,0,0,0,0,0,0
506011112,11,4,5,0,25,0,0,0,0,0,6,0,11,0,21,8,0,9,0,17,15,0,20,0,41,14,4,30,0,44,76,7,28,0,122,51,22,36,4,114,53,43,49,3,149,49,43,40,3,138,32,50,20,0,109,34,51,21,6,109,62,116,26,0,199,35,70,15,4,126,26,48,10,0,86,15,22,0,0,36,17,62,4,0,83,27,62,23,0,116,0,4,6,0,15,530,617,364,24,1540
506011114,13,0,7,0,26,13,0,5,0,18,11,0,10,0,20,0,0,19,0,22,35,4,27,6,72,22,4,57,4,91,131,15,53,8,199,78,33,89,16,211,92,45,73,6,221,92,79,50,3,228,46,80,42,3,174,80,62,32,4,166,121,163,48,11,342,83,93,26,0,211,69,117,12,3,206,45,51,0,0,101,47,140,11,0,193,82,136,47,0,266,21,3,10,0,36,1081,1038,616,67,2805
506011115,22,3,0,0,31,8,0,5,0,9,8,0,5,0,14,9,0,9,0,24,35,0,9,0,45,23,0,23,0,45,100,8,14,5,126,87,17,32,0,141,90,19,29,0,136,92,38,32,3,165,48,37,18,7,111,66,56,14,0,142,125,112,25,0,266,103,101,12,0,213,73,126,9,0,214,46,91,0,0,137,108,271,5,0,388,75,125,16,0,212,13,11,0,0,22,1140,1013,272,16,2442
506011116,20,6,0,0,23,9,0,0,0,17,6,0,0,0,7,0,0,3,0,7,25,0,9,0,32,12,4,10,0,32,89,7,8,0,103,84,4,12,0,99,62,15,19,0,96,92,20,21,0,142,51,29,17,0,96,53,46,16,0,114,106,127,39,0,273,83,111,9,0,203,100,117,10,0,223,44,94,9,0,148,103,259,14,0,376,55,127,27,4,208,4,7,4,0,12,985,978,224,14,2202
506011117,20,7,14,0,34,0,0,3,0,3,3,5,7,0,16,0,0,9,0,11,14,5,27,0,46,16,8,42,6,70,88,26,46,4,165,35,33,57,3,129,58,64,83,4,204,60,139,54,3,257,50,152,48,0,249,53,122,47,6,223,114,288,47,17,459,100,203,23,0,329,49,137,16,0,200,20,71,3,0,98,25,101,3,3,133,71,192,30,0,293,12,3,13,0,24,792,1545,568,50,2952
506011307,34,6,5,0,48,10,0,4,0,5,0,0,5,0,9,6,0,3,0,13,12,3,8,0,19,13,11,20,0,43,34,18,15,0,65,31,22,28,5,88,45,54,43,5,146,44,80,38,0,163,29,106,32,3,167,27,131,32,0,197,118,348,43,3,516,98,302,20,7,415,81,277,7,3,369,55,147,14,3,214,80,352,22,0,455,48,228,29,3,310,7,8,0,0,16,764,2094,362,34,3254
506011308,45,10,14,0,66,7,0,0,0,10,3,0,4,0,7,9,0,5,0,17,3,5,10,0,20,3,6,13,0,27,57,17,23,0,92,42,35,40,0,116,37,76,55,3,173,45,121,50,0,215,37,137,34,0,215,59,191,38,3,292,166,471,65,12,714,145,413,9,9,576,122,397,20,4,542,71,223,7,4,305,131,450,10,8,596,86,304,24,0,406,8,17,4,0,32,1071,2882,428,47,4426
506021118,37,5,14,0,54,11,0,5,0,11,11,3,10,3,22,10,3,23,0,41,32,11,31,4,71,24,7,48,8,91,108,20,47,6,180,89,43,63,6,198,85,68,54,11,212,120,79,45,14,258,75,70,39,11,197,97,66,38,5,209,234,189,66,16,501,162,166,28,13,364,117,135,26,9,289,80,101,10,5,200,175,284,20,13,487,142,158,36,3,346,17,10,11,0,36,1609,1424,604,121,3756
506021119,22,4,5,5,47,4,0,0,0,8,7,0,8,0,12,6,0,10,3,20,22,7,24,0,60,26,9,37,4,77,86,24,49,0,165,67,28,53,7,158,98,52,52,18,220,113,61,58,21,256,76,64,39,13,196,110,73,37,9,231,222,198,58,18,497,211,200,28,7,446,163,210,25,7,407,140,146,8,3,300,353,502,22,8,886,143,151,45,3,335,11,9,3,0,27,1887,1745,575,131,4333
506021120,0,0,0,0,0,0,0,0,0,0,0,0,0,0,0,0,0,0,0,0,0,0,0,0,0,0,0,0,0,0,0,0,0,0,0,0,0,0,0,0,0,0,0,0,0,0,0,0,0,0,0,0,0,0,0,0,0,0,0,0,0,0,0,0,0,0,0,0,0,0,0,0,0,0,0,0,0,0,0,0,0,0,0,0,0,0,0,0,0,0,0,0,0,0,0,0,0,0,0,0
506021121,0,0,0,0,0,0,0,0,0,0,0,0,0,0,0,0,0,0,0,0,0,0,0,0,0,0,0,0,0,0,0,0,0,0,0,0,0,0,0,0,0,0,0,0,0,0,0,0,0,0,0,0,0,0,0,0,0,0,0,0,0,0,0,0,0,0,0,0,0,0,0,0,0,0,0,0,0,0,0,0,0,0,0,0,0,0,0,0,0,0,0,0,0,0,0,0,0,0,0,0
506021123,37,4,5,0,47,4,0,0,0,7,15,0,0,0,21,4,0,9,3,20,26,0,10,6,39,24,6,19,0,55,83,21,29,3,134,79,24,43,9,149,94,38,41,8,187,157,63,38,18,269,105,79,34,11,218,119,59,27,12,218,266,164,62,32,525,220,120,22,12,370,161,143,20,3,328,117,126,5,13,259,362,451,38,8,867,141,133,32,3,306,13,7,6,0,29,2027,1441,451,135,4053
506021309,12,11,18,6,43,3,0,3,0,12,0,0,11,0,14,8,3,19,0,27,13,5,19,0,37,15,7,27,0,56,83,18,41,0,143,51,32,43,10,135,56,45,57,7,155,66,52,44,7,169,50,52,30,13,140,58,57,17,8,138,112,149,41,3,308,92,119,17,11,238,50,89,6,5,147,36,63,3,0,103,43,105,9,0,154,80,98,36,0,209,12,5,11,4,24,820,894,442,78,2236
506021310,23,5,5,0,35,8,0,0,0,10,0,0,5,0,5,0,3,7,3,16,15,3,14,4,32,4,12,22,0,34,75,10,26,0,114,39,32,26,4,102,38,39,26,0,113,68,68,37,3,180,41,57,26,3,133,40,53,20,3,123,104,136,32,7,278,58,83,15,0,159,61,76,14,6,149,25,61,0,0,85,47,115,5,0,174,47,69,20,0,140,11,11,7,4,25,711,840,308,46,1895
506021311,12,3,6,4,28,11,0,5,6,9,0,3,5,0,12,8,3,14,0,20,20,0,12,0,36,15,6,27,0,51,67,14,28,0,110,53,18,41,10,130,70,33,30,4,138,82,54,47,8,183,69,51,24,10,160,82,43,23,3,153,217,114,34,20,376,148,100,19,16,282,112,99,18,8,227,84,81,5,4,170,158,180,12,9,356,117,85,19,3,223,14,4,7,0,20,1319,889,373,108,2685
506031124,34,11,20,6,65,19,0,3,4,26,11,5,12,0,27,7,5,19,0,32,36,13,34,10,94,22,25,38,7,91,172,29,41,15,252,118,58,63,8,242,144,76,52,15,290,164,108,71,22,364,108,92,31,19,253,115,107,35,9,273,260,240,58,35,597,169,180,24,13,391,129,178,15,10,332,59,101,8,8,169,160,258,17,10,448,112,152,63,3,332,26,4,12,3,39,1867,1632,626,197,4330
506031125,47,8,6,0,66,13,3,4,0,17,6,3,5,0,18,8,0,4,0,9,26,8,10,0,43,18,8,13,0,40,87,13,17,0,119,66,23,20,4,113,64,40,38,6,150,69,60,24,0,159,64,62,30,7,160,46,72,28,3,148,111,183,30,6,332,97,171,23,4,289,69,167,15,3,255,25,148,3,3,178,107,413,24,7,544,52,208,28,0,287,5,4,3,0,15,991,1599,313,44,2945
506031126,0,0,0,0,0,0,0,0,0,0,0,0,0,0,0,0,0,0,0,0,0,0,0,0,0,0,0,0,0,0,0,0,0,0,0,0,0,0,0,0,0,0,0,0,0,0,0,0,0,0,0,0,0,0,0,0,0,0,0,0,0,0,0,0,0,0,0,0,0,0,0,0,0,0,0,0,0,0,0,0,0,0,0,0,0,0,0,0,0,0,0,0,0,0,0,0,0,0,0,0
506031127,54,12,8,4,81,10,4,3,3,19,9,12,12,0,29,9,15,12,0,40,41,22,32,3,100,41,23,36,6,105,136,54,49,7,254,99,79,67,11,262,123,169,85,11,386,142,207,59,24,430,120,194,41,9,365,142,208,40,27,409,264,416,67,31,779,173,286,28,12,493,102,224,23,10,362,56,116,6,0,177,89,193,9,3,303,141,201,61,12,409,25,10,17,0,53,1777,2450,662,176,5060
506031128,38,0,12,3,55,17,3,7,0,26,14,5,7,4,26,12,3,9,0,23,33,10,26,3,72,38,16,52,0,101,200,25,46,10,278,120,48,58,4,234,133,81,84,10,308,128,99,40,4,279,79,112,51,10,247,83,121,38,3,242,179,272,66,9,530,122,206,35,12,370,84,182,20,5,289,49,127,11,3,182,90,222,16,4,329,99,164,47,0,311,11,6,9,0,28,1512,1703,619,84,3920
506031129,41,7,20,0,65,20,3,8,0,30,8,9,8,0,26,6,0,7,0,13,45,7,8,0,61,25,3,19,0,59,128,13,26,0,169,86,28,45,6,170,118,45,52,4,215,126,91,50,3,266,62,78,37,0,176,83,101,25,8,207,133,243,68,3,440,91,196,24,3,308,72,231,23,4,328,51,167,5,0,222,161,741,26,3,939,51,202,35,0,288,12,7,0,0,17,1317,2170,485,34,4007
506031130,0,0,0,0,0,0,0,0,0,0,0,0,0,0,0,0,0,0,0,0,0,0,0,0,0,0,0,0,0,0,0,0,0,0,0,0,0,0,0,0,0,0,0,0,0,0,0,0,0,0,0,0,0,0,0,0,0,0,0,0,0,0,0,0,0,0,0,0,0,0,0,0,0,0,0,0,0,0,0,0,0,0,0,0,0,0,0,0,0,0,0,0,0,0,0,0,0,0,0,0
506031131,59,12,18,0,93,21,11,3,0,31,22,6,8,0,41,14,12,13,0,40,44,13,18,0,76,38,14,31,0,83,158,26,41,0,224,123,28,52,3,206,139,81,73,7,295,148,117,62,4,325,73,145,45,0,260,71,146,42,0,263,139,394,85,6,615,98,386,41,7,524,74,391,27,0,495,49,255,12,3,317,99,792,33,5,927,53,360,61,0,472,18,13,0,0,29,1443,3180,662,43,5328
506041132,43,12,17,3,72,10,6,5,0,21,15,3,11,6,32,12,9,26,0,47,29,22,31,9,90,37,32,77,0,146,226,61,79,7,372,113,98,103,13,327,134,171,98,16,418,146,224,87,15,465,89,164,58,14,330,89,177,60,10,335,223,382,100,17,723,160,280,32,12,485,89,208,23,0,319,37,106,14,3,155,67,219,19,7,316,86,258,69,13,423,30,25,17,0,72,1638,2444,925,146,5149
506041133,95,12,23,0,129,16,5,4,3,25,15,0,7,0,20,11,4,13,0,36,39,15,26,0,84,32,15,45,0,97,166,33,45,0,248,121,72,55,8,256,128,109,68,5,307,158,182,84,3,428,89,184,60,4,333,93,218,44,9,362,215,523,74,14,827,165,474,40,7,690,123,407,43,9,579,76,301,11,4,400,126,844,31,7,1012,121,394,51,4,573,20,29,3,5,58,1806,3824,726,92,6439
506041134,43,15,25,0,79,10,5,8,0,20,10,3,25,3,41,8,5,39,4,53,43,20,85,3,143,34,28,102,0,174,263,73,119,3,461,169,110,117,10,401,138,165,121,12,436,170,184,100,12,467,120,199,72,10,408,112,156,62,5,341,210,367,89,9,686,119,262,47,6,433,67,170,23,5,260,37,77,12,0,135,31,147,12,3,190,122,236,83,5,447,36,18,26,0,74,1748,2237,1166,101,5247
506041135,59,12,16,7,90,16,4,8,0,23,12,11,8,0,22,7,10,21,3,41,31,9,35,0,81,27,19,56,0,106,138,47,73,3,262,85,57,63,5,209,99,101,93,6,301,123,164,105,7,394,91,200,55,5,348,103,203,59,4,372,222,509,93,10,838,155,448,44,7,658,128,408,34,6,573,74,231,14,0,318,111,599,14,6,729,102,402,61,7,564,11,19,11,0,43,1593,3447,849,77,5963
506041136,41,8,12,0,60,7,3,7,0,18,4,5,17,0,25,5,3,25,0,34,35,17,39,4,92,25,15,55,4,94,168,40,54,5,261,97,62,85,12,263,96,123,76,9,302,102,143,62,12,319,67,131,39,4,240,76,134,36,6,245,138,279,48,6,478,79,213,26,4,325,69,148,14,0,230,25,85,3,3,110,42,155,9,0,209,91,235,54,6,376,24,12,5,0,45,1185,1806,667,68,3726
506041137,69,12,28,5,122,19,5,3,0,34,9,4,19,0,31,13,5,31,0,52,63,22,44,7,135,55,27,76,3,163,308,47,81,4,447,222,91,112,14,439,226,170,109,3,507,208,179,121,25,537,121,193,72,5,390,133,233,68,11,440,286,512,119,21,938,172,335,51,11,569,131,296,42,4,470,76,175,7,4,261,92,343,20,3,452,137,311,65,4,526,30,27,16,3,76,2377,2999,1094,124,6590
506051138,39,9,13,0,59,18,0,9,0,32,8,0,10,0,16,5,5,19,0,32,39,7,38,4,83,35,8,52,0,103,185,14,74,6,274,110,42,76,3,233,128,82,103,0,315,143,147,85,9,389,98,136,71,4,307,95,163,63,8,328,250,420,79,11,751,175,362,52,11,597,143,293,22,4,460,77,187,14,0,283,129,350,25,0,510,153,295,83,3,538,33,21,11,0,60,1861,2559,877,80,5373
506051139,18,8,11,0,29,7,0,7,0,14,10,0,8,0,24,3,0,17,0,20,25,0,27,0,52,12,4,49,0,64,132,11,38,0,188,79,23,59,10,175,98,48,83,6,229,100,67,59,4,223,60,73,41,0,184,73,85,40,3,195,175,216,85,7,488,129,201,35,8,369,88,182,28,6,297,53,88,10,7,153,94,192,14,6,302,99,193,47,7,346,17,15,9,0,42,1263,1399,660,59,3385
506051140,47,0,10,0,52,20,0,5,0,26,17,0,0,0,21,16,4,10,0,25,54,0,26,0,78,35,0,20,4,67,196,12,35,5,247,153,9,37,8,203,190,39,57,3,290,208,58,55,4,332,88,59,41,0,194,115,72,26,3,217,199,198,72,0,470,132,226,22,7,389,137,188,17,0,345,88,178,12,0,277,249,563,19,0,832,138,232,59,0,424,32,17,7,0,55,2118,1856,515,39,4533
506051141,22,5,0,0,32,14,0,0,0,22,12,3,3,5,19,0,3,13,0,17,41,4,12,0,54,34,9,17,0,62,125,4,23,0,152,102,11,27,7,140,123,29,38,6,194,120,36,32,0,196,56,50,26,5,135,71,65,27,0,170,124,179,48,7,353,91,165,18,5,284,73,199,15,4,289,56,162,9,0,223,126,448,21,0,603,54,210,30,0,292,19,4,0,0,32,1274,1586,368,33,3251
506061142,21,8,14,0,46,12,0,0,0,12,11,3,11,0,20,7,0,21,0,26,30,10,36,3,80,25,14,67,0,110,104,19,77,0,207,92,35,89,0,211,86,67,113,3,267,111,152,77,11,349,66,214,66,8,346,85,232,46,4,370,267,534,80,13,887,201,419,39,9,669,143,309,17,5,474,74,178,4,0,256,125,376,21,0,529,135,453,54,3,650,19,21,9,0,53,1618,3041,832,60,5559
506061143,21,6,3,0,28,9,5,0,0,13,7,0,4,0,13,3,0,7,0,12,14,6,9,0,27,13,6,6,0,28,78,5,23,0,108,43,12,25,0,73,52,27,17,0,91,64,32,23,0,120,37,39,11,3,92,51,63,11,0,123,99,121,18,0,239,83,118,12,0,214,54,98,11,0,158,34,79,8,0,120,82,234,5,0,321,64,155,19,0,241,7,8,5,3,26,807,1006,216,15,2043
506061144,10,0,0,0,18,7,0,0,0,7,3,0,0,0,3,0,0,5,0,6,19,0,3,0,23,7,0,11,0,12,50,6,14,0,73,48,7,13,3,69,35,9,13,6,60,45,18,10,0,70,14,24,7,0,41,36,28,6,0,63,69,59,9,0,139,44,57,6,0,108,45,59,9,0,109,18,32,0,0,59,62,93,0,0,153,48,115,17,0,179,14,3,4,0,24,564,521,129,15,1223
506071145,21,8,10,3,38,5,0,0,3,15,14,0,8,4,26,5,4,9,5,16,37,3,14,3,53,36,3,22,5,71,85,11,30,8,135,65,16,36,22,141,104,26,40,9,187,129,40,40,19,226,78,46,36,11,179,95,40,34,12,186,211,137,54,16,427,199,118,17,11,349,158,145,21,7,334,92,78,9,7,180,363,504,26,11,908,109,122,40,0,273,16,4,7,0,27,1829,1317,459,162,3768
506071146,24,0,8,0,39,12,0,0,0,13,9,4,7,8,26,3,0,9,0,13,20,7,18,3,50,22,10,26,7,63,88,10,29,0,130,65,16,30,9,120,67,26,30,13,131,81,31,24,8,148,54,36,22,3,114,60,37,26,13,139,113,113,46,6,280,88,107,9,5,213,76,126,7,0,214,53,108,3,4,163,206,618,33,0,862,51,137,31,5,221,5,9,4,0,22,1095,1400,379,87,2962
506071147,33,5,23,0,64,12,0,5,0,20,20,6,5,0,25,5,3,12,0,19,29,6,3,5,43,23,5,29,3,60,79,6,25,4,115,83,10,23,6,120,90,26,47,8,178,167,36,49,19,266,84,36,40,9,177,119,42,36,10,204,241,124,54,20,437,201,106,25,4,335,170,137,19,9,331,115,143,4,3,261,499,911,52,14,1468,125,157,37,3,324,16,8,8,0,38,2109,1774,489,116,4484
507011148,31,8,7,0,52,12,3,0,4,16,6,3,7,0,20,12,4,9,0,25,32,6,27,0,72,19,10,24,0,59,104,13,40,6,175,113,35,72,5,226,106,60,77,3,247,123,106,65,15,299,77,103,69,5,246,99,144,54,4,290,216,460,91,7,778,196,450,33,6,691,191,502,32,6,730,126,335,9,5,479,196,858,28,4,1086,119,372,55,4,551,15,18,11,0,39,1793,3491,714,74,6075
507011150,0,0,0,0,0,0,0,0,0,0,0,0,0,0,0,0,0,0,0,0,0,0,0,0,0,0,0,0,0,0,0,0,0,0,0,0,0,0,0,0,0,0,0,0,0,0,0,0,0,0,0,0,0,0,0,0,0,0,0,0,0,0,0,0,0,3,0,0,0,3,0,0,0,0,0,0,0,0,0,0,0,0,0,0,0,0,0,0,0,0,0,0,0,0,0,3,0,0,0,3
507011151,0,0,0,0,0,0,0,0,0,0,0,0,0,0,0,0,0,0,0,0,0,0,0,0,0,0,0,0,0,0,0,0,0,0,0,0,0,0,0,0,0,0,0,0,0,0,0,0,0,0,0,0,0,0,0,0,0,0,0,0,0,0,0,0,0,0,0,0,0,0,0,0,0,0,0,0,0,0,0,0,0,0,0,0,0,0,0,0,0,0,0,0,0,0,0,0,0,0,0,0
507011152,34,6,6,0,47,7,0,3,0,7,12,6,7,0,16,4,3,4,0,12,37,3,8,0,49,21,7,18,0,53,119,12,13,0,144,73,3,29,5,103,76,21,34,10,133,72,31,20,4,129,54,44,21,0,123,48,45,26,5,129,105,174,38,5,319,102,182,18,0,302,84,152,17,0,256,58,119,7,6,187,131,398,13,0,534,57,164,26,0,250,22,11,0,0,29,1112,1372,308,34,2832
507011153,16,0,3,3,24,7,0,3,0,11,4,0,7,0,17,7,0,19,0,24,12,8,20,0,41,18,0,27,0,44,82,12,30,3,124,53,15,43,4,118,55,39,47,4,143,69,34,40,8,150,43,36,40,5,118,39,62,35,3,143,121,146,55,5,329,79,122,30,5,231,72,102,13,3,191,46,83,7,0,137,72,154,8,3,236,55,92,39,0,182,17,5,4,0,26,875,904,461,47,2281
507011154,16,7,9,0,31,8,3,0,4,17,9,0,9,0,23,10,0,20,0,33,30,0,28,5,69,28,3,53,5,85,129,18,62,5,213,84,23,86,9,201,64,46,66,10,182,75,57,69,5,205,62,56,63,4,179,64,54,36,0,145,156,147,64,3,377,120,137,24,4,288,86,109,17,0,207,39,72,13,0,114,84,140,22,3,242,81,122,78,3,286,12,10,13,0,32,1148,995,727,66,2940
507011155,0,0,0,0,0,0,0,0,0,0,0,0,0,0,0,0,0,0,0,0,0,0,0,0,0,0,0,0,0,0,0,0,0,0,0,0,0,0,0,0,0,0,0,0,0,0,0,0,0,0,0,0,0,0,0,0,0,0,0,0,0,0,0,0,0,0,0,0,0,0,0,0,0,0,0,0,0,0,0,0,0,0,0,0,0,0,0,0,0,0,0,0,0,0,0,0,0,0,0,0
507011158,11,0,0,0,17,8,0,0,0,9,3,0,0,0,3,4,0,0,0,4,3,0,3,0,9,12,0,3,0,14,28,0,0,0,29,20,7,0,0,22,30,4,9,0,43,32,6,4,0,43,30,7,4,0,42,20,9,4,0,37,61,33,4,0,102,52,24,0,0,80,50,41,3,0,97,40,30,3,0,74,155,206,8,0,375,36,51,0,0,91,5,0,0,0,7,599,423,53,7,1092
507011159,22,3,9,0,35,15,0,4,3,25,8,0,11,0,20,7,0,14,0,23,17,0,26,4,47,21,7,44,4,80,115,20,42,3,181,71,23,39,3,138,96,45,52,4,206,99,75,55,14,235,69,82,39,7,204,92,70,34,4,197,174,175,66,10,423,147,175,30,5,346,93,156,21,0,271,57,105,11,5,181,95,202,12,3,317,85,149,35,5,276,10,10,3,0,29,1295,1304,550,66,3223
507011160,31,4,7,0,38,14,0,0,0,12,6,5,0,0,13,7,0,16,0,28,53,5,26,0,81,23,0,35,0,64,181,8,46,7,241,93,19,59,10,180,89,46,74,8,213,89,85,50,4,226,64,68,40,7,182,67,62,38,0,174,149,174,62,7,391,110,150,22,4,285,70,127,10,0,216,54,89,11,0,151,85,222,12,0,318,94,125,38,4,261,16,5,6,3,26,1298,1195,561,55,3107
507011161,37,6,7,0,46,0,0,7,0,12,6,0,7,0,16,0,4,11,0,18,17,4,23,0,41,15,9,48,6,78,90,26,54,0,167,59,21,68,4,150,48,58,78,0,188,81,93,68,6,247,75,108,46,8,235,73,146,48,4,276,195,394,89,15,703,176,377,40,5,602,165,330,35,6,526,96,226,16,4,335,153,550,18,5,725,128,289,46,0,463,9,6,3,0,23,1438,2635,714,67,4853
507011163,6,0,3,0,13,4,0,5,0,9,6,0,4,0,11,11,0,6,0,17,18,0,16,0,30,7,0,27,0,35,67,7,29,0,106,53,17,40,0,104,42,20,41,0,112,53,32,39,7,129,35,57,33,3,128,33,75,16,0,119,111,177,34,4,324,96,159,22,0,265,69,104,12,5,190,33,80,0,0,120,56,159,11,4,222,58,112,24,0,198,5,3,9,0,17,749,1014,368,20,2148
507011259,13,0,6,0,25,5,0,5,0,10,6,0,3,0,7,3,5,5,0,9,8,0,15,0,30,10,5,28,0,44,57,11,29,0,105,48,17,46,6,117,60,37,50,0,146,66,51,34,3,158,38,62,51,0,145,56,74,28,0,157,138,231,44,6,415,115,187,26,3,330,91,171,11,7,285,64,113,0,0,174,106,286,15,0,403,70,162,28,3,269,8,6,5,0,21,965,1424,428,29,2850
507011260,12,5,0,0,14,0,0,0,0,5,3,0,0,0,9,0,0,6,0,6,4,0,0,0,10,12,0,6,0,16,22,5,0,0,28,21,4,11,0,28,9,7,6,0,24,21,8,4,0,37,8,11,9,0,31,28,11,4,0,52,31,49,7,0,80,26,28,0,0,61,34,27,4,0,64,10,44,0,0,51,38,110,9,0,155,17,52,6,0,74,0,5,0,0,11,302,358,76,11,743
507021164,15,0,4,0,18,8,0,0,0,8,5,0,0,0,3,0,0,4,0,6,9,0,6,0,20,13,0,15,0,29,42,0,21,0,64,29,3,19,6,56,53,9,21,4,87,79,13,24,0,118,35,16,21,0,74,47,14,19,0,81,80,66,26,3,178,57,68,15,0,136,69,81,13,0,160,35,69,0,3,109,182,522,21,0,723,52,112,23,0,188,4,4,0,0,9,812,987,259,19,2075
507021165,17,0,7,0,32,7,6,6,0,13,13,3,9,4,19,5,0,15,0,22,20,3,28,0,48,13,5,33,0,51,88,8,37,6,144,76,17,54,0,152,118,17,47,6,189,102,30,55,3,182,83,30,51,4,166,100,39,37,4,176,241,125,55,0,426,171,128,27,5,334,185,141,31,0,358,129,111,8,0,249,492,589,43,4,1123,152,154,41,4,359,17,4,6,0,27,2025,1415,593,51,4078
507021166,29,3,11,0,41,14,0,0,0,15,7,0,19,0,31,7,0,19,0,24,48,4,30,0,74,18,14,46,0,79,163,20,40,5,222,110,19,58,9,192,98,43,70,5,213,102,57,56,3,221,70,46,57,3,181,92,68,45,4,208,172,177,71,9,432,125,179,26,10,341,133,197,22,3,356,93,144,9,0,251,259,506,36,0,800,118,176,58,0,357,13,8,7,3,36,1661,1664,688,57,4077
507021167,0,0,0,0,0,0,0,0,0,0,0,0,0,0,0,0,0,0,0,0,0,0,0,0,0,0,0,0,0,0,0,0,0,0,0,0,0,0,0,0,0,0,0,0,0,0,0,0,0,0,0,0,0,0,0,0,0,0,0,0,0,0,0,0,0,0,0,0,0,0,0,0,0,0,0,0,0,0,0,0,0,0,0,0,0,0,0,0,0,0,0,0,0,0,0,0,0,0,0,0
507031169,27,3,12,0,46,4,4,0,0,8,0,0,9,0,14,4,0,13,0,23,11,0,24,3,44,13,9,60,0,86,80,20,66,0,178,56,30,61,9,155,69,102,92,5,262,80,152,79,10,319,70,164,58,5,293,72,216,50,0,336,225,471,66,13,777,160,361,28,7,554,117,277,17,3,413,66,192,10,0,266,84,302,15,0,404,129,401,52,0,592,10,12,7,0,31,1284,2714,740,61,4798
507031170,11,3,10,0,27,3,0,0,0,8,3,0,4,0,7,9,0,20,0,26,15,0,23,0,39,20,5,59,0,86,92,22,56,4,168,54,25,48,10,146,47,48,50,4,144,50,55,52,7,162,33,54,30,0,119,39,61,33,5,136,65,115,33,9,212,48,77,15,3,145,40,56,3,0,101,10,33,5,0,50,16,40,5,0,70,36,101,40,4,180,4,0,8,0,22,603,697,491,52,1841
507031172,0,0,0,0,0,0,0,0,0,0,0,0,0,0,0,0,0,0,0,0,0,0,0,0,0,0,0,0,0,0,0,0,0,0,0,0,0,0,0,0,0,0,0,0,0,0,0,0,0,0,0,0,0,0,0,0,0,0,0,0,0,0,0,0,4,0,0,0,0,0,0,0,0,0,0,0,0,0,0,0,0,0,0,0,0,0,0,0,0,0,0,0,0,0,0,7,4,0,0,11
507031173,0,0,0,0,0,0,0,0,0,0,0,0,0,0,0,0,0,0,0,0,0,0,0,0,0,0,0,0,0,0,0,0,0,0,4,0,0,0,0,0,0,0,0,0,0,0,0,0,0,0,0,0,0,0,0,0,0,0,0,0,0,0,0,0,0,0,0,0,0,0,0,0,0,0,0,0,0,0,0,0,0,0,0,0,0,0,0,0,0,0,0,0,0,0,0,4,0,0,0,3
507031174,16,7,10,0,35,4,0,6,0,17,3,5,16,0,26,10,3,30,0,45,32,13,50,5,97,29,8,78,0,118,130,31,70,0,232,89,29,107,9,241,70,54,88,8,219,81,83,69,4,241,60,105,62,9,221,51,82,28,4,171,112,166,46,12,334,88,141,19,3,242,46,115,15,4,177,21,56,3,0,85,22,68,8,0,97,90,165,48,5,304,16,12,16,5,44,972,1136,777,60,2945
507031261,15,4,0,0,14,5,0,0,0,7,3,0,5,0,9,3,0,5,0,14,12,0,10,0,24,13,6,18,0,35,42,10,18,0,76,34,15,31,0,83,30,20,28,5,87,43,45,28,0,115,48,77,21,0,143,50,74,14,0,142,101,189,33,4,324,101,183,13,0,304,69,157,7,0,240,41,83,5,0,129,80,209,9,0,295,72,148,24,0,240,5,7,6,0,16,766,1236,279,18,2295
507041175,31,6,15,3,53,19,0,3,0,25,13,6,10,0,21,0,0,10,0,16,15,5,10,0,31,14,5,11,0,26,55,13,15,3,83,58,10,24,0,101,79,23,27,6,128,108,29,35,0,178,70,36,25,5,141,93,39,26,3,158,120,104,53,0,285,105,88,18,5,221,96,140,21,4,263,54,93,11,0,162,342,821,43,10,1213,59,152,25,0,241,13,7,9,0,24,1347,1570,394,54,3362
507041176,3,4,3,0,7,0,0,0,0,3,0,0,0,0,4,0,0,4,0,8,14,4,3,0,17,9,6,6,0,16,25,8,8,0,46,29,5,6,0,42,37,9,5,4,55,31,14,10,0,58,21,12,12,0,50,19,18,12,0,54,44,48,18,0,107,21,60,14,0,93,21,60,10,0,91,14,51,0,0,65,55,207,5,0,267,15,48,8,0,77,8,3,0,0,9,365,563,121,12,1062
507041177,22,4,6,0,35,11,0,4,0,16,5,0,0,0,15,3,0,6,0,16,35,5,28,0,63,23,4,34,0,59,112,6,45,7,171,68,18,42,8,139,123,23,60,8,217,97,44,52,5,201,69,31,53,8,158,70,52,34,5,157,175,149,82,10,416,152,187,23,4,367,128,203,25,3,367,98,148,13,0,263,234,634,41,4,913,107,172,50,3,332,14,9,6,0,32,1559,1691,601,68,3913
507041178,39,4,13,4,54,19,0,0,4,24,7,0,6,0,18,10,3,9,0,21,44,5,22,0,74,19,5,36,0,61,111,13,30,0,153,106,19,34,6,161,118,30,49,11,205,148,58,46,9,256,66,58,43,6,169,86,62,18,3,170,188,149,73,6,409,121,164,34,4,321,89,191,20,0,307,79,142,4,3,228,327,929,40,7,1305,83,206,44,0,324,22,11,0,0,31,1663,2058,522,72,4310
507041179,30,3,12,0,41,18,0,0,0,23,14,0,4,0,20,0,0,0,0,8,30,3,12,4,53,20,3,8,0,37,68,17,17,0,95,55,15,19,0,90,100,19,29,0,142,92,30,23,3,148,28,38,20,8,93,47,48,17,0,111,80,111,33,0,224,55,127,8,0,192,47,138,15,0,195,30,80,3,0,119,82,364,18,0,468,41,118,19,0,173,10,11,0,0,20,839,1127,256,17,2244
507041180,20,3,7,0,30,8,0,7,0,15,16,0,7,0,19,8,0,8,3,16,38,5,6,0,50,28,0,3,0,40,100,8,10,0,125,94,15,29,3,138,119,14,33,0,167,117,45,34,3,197,57,52,34,0,145,93,46,15,0,153,129,171,48,0,349,103,188,17,3,314,84,239,11,0,332,56,147,6,0,210,136,555,22,0,710,60,162,31,3,247,10,3,6,0,20,1264,1642,343,21,3273
507041181,35,10,9,0,50,32,3,5,0,37,9,0,4,4,11,0,6,8,0,14,36,4,24,0,68,32,3,20,3,55,116,11,29,8,163,90,14,42,4,155,123,29,51,9,211,123,29,65,5,225,64,42,41,3,149,104,57,51,0,217,163,179,72,5,423,128,213,38,3,380,115,240,34,6,394,87,206,15,4,303,324,1126,49,0,1506,88,236,44,5,372,20,6,4,0,29,1683,2412,605,53,4750
507041182,47,0,3,0,56,15,5,6,6,28,19,4,8,5,30,4,3,14,0,24,43,0,12,0,61,18,9,19,3,51,158,12,24,6,206,126,27,37,10,200,141,35,38,4,218,153,49,28,8,241,62,53,29,0,152,75,66,25,12,176,153,175,54,10,387,113,156,34,5,303,87,147,17,7,254,47,118,7,4,182,150,413,28,0,597,79,121,29,3,230,20,3,5,0,30,1510,1396,412,74,3398
507041183,5,0,7,0,12,0,0,0,0,7,0,0,8,0,17,0,0,12,0,14,8,6,17,0,30,3,6,37,4,48,33,10,31,0,69,22,6,27,3,64,14,10,32,3,62,27,15,21,4,58,20,14,21,0,54,15,24,12,0,54,65,64,32,6,165,46,81,12,0,139,52,92,13,10,157,38,62,0,0,101,55,115,7,0,175,31,52,26,0,113,8,0,10,0,18,447,553,310,35,1342
507041184,30,5,3,0,42,18,4,4,0,25,12,3,7,5,21,0,6,4,0,9,26,5,4,0,40,18,7,9,0,26,62,12,9,4,81,70,14,10,0,94,49,23,18,0,92,55,39,15,0,112,26,25,9,0,68,38,33,7,0,77,67,87,26,3,184,40,68,10,0,119,38,89,6,3,136,20,64,4,0,96,91,345,15,3,452,25,97,9,0,125,9,0,0,0,13,698,922,171,20,1815
507051186,26,3,12,0,40,7,0,0,0,5,5,0,16,0,21,5,0,14,0,22,29,8,29,6,67,24,4,52,0,79,139,16,46,10,214,83,22,60,7,165,92,46,65,0,209,92,50,51,8,200,47,75,34,3,160,55,53,31,0,142,96,121,40,8,266,51,99,33,0,180,36,63,10,0,112,11,30,3,0,48,27,47,10,0,87,75,117,40,3,234,22,4,8,0,38,920,773,553,45,2298
507051187,15,0,13,0,23,7,3,6,0,13,5,0,11,0,20,9,0,20,0,30,16,4,31,0,61,21,0,71,0,93,140,13,66,0,215,102,24,72,3,198,75,47,65,0,189,96,58,75,7,232,68,100,45,5,217,58,100,43,5,200,159,250,55,3,470,120,230,29,3,380,104,200,19,7,334,46,104,0,0,152,75,278,14,3,369,133,302,47,0,484,15,17,11,4,49,1260,1731,700,47,3735
507051188,28,3,12,0,45,7,0,6,0,12,13,4,14,0,30,13,0,23,0,38,49,6,44,0,102,43,13,70,0,126,269,14,64,6,346,196,33,92,13,330,172,43,86,9,310,184,69,53,8,322,110,63,48,6,227,100,73,45,7,230,205,147,48,5,410,154,152,32,8,340,109,131,20,0,256,54,77,8,0,140,116,200,13,0,331,141,196,69,0,407,31,16,21,4,69,2005,1230,763,66,4061
507051189,0,0,0,0,0,0,0,0,0,0,0,0,0,0,0,0,0,0,0,0,0,0,0,0,0,0,0,0,0,0,0,0,0,0,0,0,0,0,0,0,0,0,0,0,0,0,0,0,0,0,0,0,0,0,0,0,0,0,0,0,0,0,0,0,0,0,0,0,0,0,0,0,0,0,0,0,0,0,0,0,0,0,0,0,0,0,0,0,0,0,0,0,0,0,0,0,0,0,0,0
507051190,35,0,7,0,46,12,0,6,0,14,4,0,9,0,16,3,0,11,0,18,52,4,27,3,90,35,6,44,0,91,185,16,45,3,247,115,24,61,10,207,133,38,71,0,243,123,59,38,6,225,63,65,47,3,186,79,80,26,0,185,172,146,35,6,358,93,129,12,0,242,77,143,11,0,236,46,105,4,0,160,109,221,17,0,341,124,203,37,3,367,22,7,4,0,35,1485,1253,517,36,3297
507051191,27,7,17,0,52,8,0,4,0,15,12,0,17,0,25,5,0,22,0,30,38,8,30,0,76,29,4,76,0,113,103,24,84,0,214,72,31,112,6,230,109,37,112,8,263,111,71,85,5,274,94,103,83,7,286,84,149,70,7,309,219,418,102,7,746,158,398,52,0,611,161,399,24,0,591,100,280,18,0,398,203,721,31,0,947,199,574,86,5,863,12,22,21,0,55,1753,3242,1051,60,6114
507051192,31,0,16,0,45,14,0,9,0,21,13,4,7,0,26,5,0,18,0,23,20,9,24,3,59,29,8,62,3,110,152,16,60,4,228,102,27,70,3,204,98,45,49,3,193,114,71,60,3,250,61,83,48,4,190,70,82,31,0,191,154,218,61,3,438,111,171,22,0,306,81,150,16,0,247,37,101,8,0,148,75,229,11,6,321,114,251,36,4,407,21,12,13,0,40,1299,1467,640,41,3450
507051193,19,4,13,0,35,9,0,0,0,7,7,0,12,0,19,4,4,11,0,23,32,6,24,0,59,24,4,70,0,101,118,15,80,0,216,103,32,83,5,218,83,40,80,5,210,80,72,61,3,213,58,68,45,4,178,56,83,38,5,181,131,195,53,0,376,79,149,25,6,258,66,117,14,3,193,36,71,8,0,115,74,125,3,0,211,82,187,44,0,321,19,13,7,3,35,1081,1181,664,45,2974
507051312,12,4,15,0,27,3,5,3,0,10,7,3,6,0,16,5,0,12,0,17,14,3,19,0,30,14,4,44,0,61,90,11,46,0,148,49,24,46,3,119,54,30,58,0,149,78,59,53,0,192,66,94,27,3,187,52,121,34,3,211,155,256,32,8,452,127,185,22,3,341,88,153,3,0,253,49,102,5,7,164,75,216,15,5,306,106,294,34,0,437,14,12,10,0,36,1063,1579,483,34,3153
507051313,35,6,27,0,74,9,0,11,0,20,13,3,11,0,28,5,0,16,0,24,34,6,39,0,79,28,12,89,5,131,175,21,103,0,303,127,33,115,3,280,125,82,134,0,335,123,129,108,6,364,98,185,75,3,360,123,203,71,3,393,273,568,106,9,953,181,485,38,8,711,187,465,31,3,687,121,324,16,4,458,188,665,26,5,876,237,654,89,0,983,21,25,15,5,65,2098,3869,1105,61,7131
507051314,0,0,0,0,0,0,0,0,0,0,0,0,0,0,3,0,0,0,0,0,5,0,3,0,7,4,3,8,0,13,17,0,13,0,26,14,4,9,0,25,10,15,3,0,28,16,18,4,0,38,11,14,12,0,43,10,19,6,0,33,28,62,3,0,95,24,42,8,0,69,17,24,0,0,39,10,16,0,0,30,7,46,3,0,56,26,52,10,0,85,3,0,0,0,6,190,314,86,6,588
509011225,19,3,4,0,30,18,0,4,4,25,10,0,4,0,15,0,0,13,0,16,45,0,34,5,84,24,3,67,0,100,230,12,70,3,313,158,24,73,7,260,165,46,96,3,308,192,86,69,7,354,77,78,59,0,220,107,84,32,3,218,232,188,48,8,477,159,143,17,3,331,105,138,10,3,261,57,70,3,0,126,117,169,8,0,298,86,136,51,4,278,34,5,7,0,47,1843,1176,669,67,3754
509011226,8,0,0,0,13,10,0,0,0,10,0,0,3,0,3,4,0,4,0,5,14,0,8,0,21,9,6,6,0,17,46,4,6,0,54,34,10,7,0,49,46,11,9,0,70,43,30,9,0,85,28,28,6,0,61,39,14,10,0,59,49,63,4,0,115,39,41,9,0,86,23,40,0,0,66,16,28,0,0,46,37,53,0,0,90,39,73,9,0,126,8,0,5,0,13,494,402,93,4,1001
509011227,15,0,5,0,20,10,0,0,0,4,6,0,3,0,5,0,0,5,0,6,18,0,9,0,31,11,0,20,0,32,95,11,28,0,143,78,8,17,0,109,66,12,38,8,120,69,33,19,3,125,25,47,10,0,83,40,35,12,0,88,81,94,10,4,187,57,87,10,0,151,33,51,8,0,90,14,28,0,0,38,33,71,4,0,105,37,72,18,0,130,10,0,0,0,14,694,559,223,17,1496
509011228,21,0,0,0,17,10,0,0,0,6,4,0,10,0,19,7,0,4,0,8,31,0,11,0,43,19,5,27,0,52,127,3,22,0,150,76,28,20,0,117,94,29,29,0,148,73,35,18,0,129,28,41,16,0,80,52,42,4,0,96,69,59,11,0,142,53,82,5,0,141,29,45,4,0,78,21,21,0,0,39,40,70,0,0,112,88,94,31,0,209,17,3,0,0,19,837,561,214,4,1613
509011229,8,4,0,0,11,3,0,4,0,11,6,0,0,0,6,0,0,5,0,8,10,0,3,0,15,13,0,6,0,17,27,0,4,0,37,13,11,9,0,32,28,14,8,0,51,29,27,6,0,59,5,20,0,0,28,22,21,3,0,45,46,44,4,0,96,33,27,0,0,59,34,26,0,0,60,8,10,0,0,17,27,44,0,0,73,16,67,6,0,94,7,0,0,0,3,328,333,52,8,714
509011230,3,3,6,0,10,3,0,0,0,6,5,0,0,0,3,0,0,9,0,8,18,5,12,0,29,6,0,22,0,30,75,13,12,0,101,39,25,16,4,85,43,24,10,3,79,43,33,16,0,91,33,36,8,3,74,31,34,13,5,80,68,60,7,0,136,39,52,5,0,95,33,21,0,0,52,13,16,0,0,32,27,34,0,0,64,26,66,17,4,115,8,5,5,0,17,512,425,171,22,1125
509011231,5,3,0,0,7,3,4,0,0,12,3,4,0,0,7,5,0,5,0,11,10,0,9,0,21,6,6,5,0,21,52,5,15,0,70,34,7,22,4,63,37,16,9,0,67,41,29,11,0,82,23,22,4,0,44,33,28,4,0,64,67,63,7,3,141,35,39,4,0,74,31,29,0,0,61,12,25,0,0,34,52,59,0,0,109,25,76,14,0,112,17,7,11,0,31,489,420,111,4,1028
509011232,5,0,3,0,10,5,0,0,0,5,4,0,0,0,3,5,0,3,0,12,19,0,6,0,22,11,0,8,0,19,46,4,10,0,62,43,8,12,0,64,55,6,15,0,76,53,23,7,4,87,36,23,5,0,65,33,28,3,0,66,47,45,11,0,99,42,54,0,0,94,34,44,0,0,74,14,24,0,0,38,19,51,0,0,68,42,51,6,0,95,6,0,3,0,8,520,356,87,6,974
509011233,21,6,4,0,29,10,0,4,0,20,9,0,5,0,14,10,0,16,0,29,28,6,44,3,77,34,4,47,3,87,176,21,53,0,250,98,24,57,4,180,97,53,57,3,219,111,91,48,4,252,83,87,41,0,208,87,92,35,5,213,159,221,38,3,418,85,173,4,0,261,51,125,6,0,179,31,68,4,0,102,49,95,3,0,146,80,177,37,0,297,20,7,9,3,40,1236,1260,506,27,3025
509011234,17,0,0,0,18,3,0,0,0,4,9,0,4,0,10,3,0,3,0,9,33,5,16,0,51,15,14,22,0,48,109,20,19,0,146,73,12,19,4,109,66,29,16,0,111,58,37,14,5,112,36,38,12,0,84,34,38,5,0,84,75,67,6,0,144,62,54,4,0,118,24,33,3,0,59,15,14,0,0,34,45,47,0,0,97,64,86,13,0,171,13,9,5,0,24,751,500,174,14,1436
509011235,0,0,0,0,0,0,0,0,0,0,0,0,0,0,0,0,0,0,0,0,0,0,0,0,0,0,0,0,0,0,0,0,0,0,0,0,0,0,0,0,0,0,0,0,0,0,0,0,0,0,0,0,0,0,0,0,0,0,0,0,0,0,0,0,0,0,0,0,0,0,0,0,0,0,0,0,0,0,0,0,0,0,0,0,0,0,0,0,0,0,0,0,0,0,0,0,0,0,0,0
509021236,16,3,0,0,24,4,0,3,0,9,6,3,0,0,13,0,0,4,0,9,25,0,0,0,29,9,0,15,0,20,79,0,4,0,90,60,9,17,4,84,57,15,15,0,93,52,32,9,0,92,28,28,9,0,69,39,36,10,0,85,83,76,18,0,172,61,89,12,0,158,61,85,5,4,150,26,64,0,0,97,72,136,10,0,218,66,153,19,0,241,14,3,5,0,21,760,738,165,6,1669
509021237,8,4,0,0,11,3,6,0,0,6,0,4,0,0,7,4,0,6,0,7,9,0,5,0,13,8,6,9,0,25,59,3,14,0,79,36,9,19,0,64,35,10,11,0,57,34,26,11,0,74,15,16,0,0,40,30,33,3,0,66,53,43,6,6,108,39,38,5,0,81,13,27,0,0,38,15,12,0,0,22,30,24,0,0,55,30,73,14,0,117,10,12,3,0,27,425,335,112,15,884
509021238,5,0,0,0,5,8,0,4,0,7,3,0,0,0,6,3,0,5,0,14,14,0,7,0,25,12,0,14,0,30,74,13,19,0,102,34,10,10,4,52,35,17,16,0,75,37,20,7,0,77,16,12,8,0,41,34,23,0,0,61,55,49,8,4,115,42,28,3,0,78,31,19,3,0,53,14,15,0,0,26,35,44,3,0,76,31,71,16,0,119,12,3,6,0,22,484,346,133,16,974
509021239,36,0,0,0,40,18,0,0,0,15,18,0,4,0,21,16,3,5,0,23,51,6,10,0,69,32,0,15,3,52,184,7,18,0,215,103,13,28,3,142,94,13,14,3,132,124,40,31,0,191,62,38,11,0,111,85,60,16,0,152,134,106,14,0,254,84,78,3,3,168,49,72,0,0,116,25,45,0,5,68,75,75,7,0,162,127,186,28,3,343,31,11,8,3,56,1342,747,229,27,2340
509021240,4,3,3,0,9,11,0,0,0,9,3,0,0,0,3,4,0,9,0,7,10,3,5,0,19,3,7,18,0,27,74,5,13,0,95,22,14,21,0,58,44,21,23,0,80,54,30,10,0,99,27,28,12,0,68,29,31,11,0,74,73,80,8,0,157,49,47,0,0,98,30,46,0,0,77,18,26,0,0,48,46,44,5,0,93,43,84,7,0,134,8,4,6,0,22,561,464,148,10,1184
509021241,11,0,6,0,18,0,0,0,0,0,0,0,4,0,9,0,0,0,0,5,10,0,12,0,29,11,3,16,0,29,47,5,12,0,69,24,12,14,0,53,28,18,12,4,63,42,20,14,7,69,29,21,4,0,58,26,24,3,0,64,64,59,3,0,133,51,56,8,0,114,46,44,0,0,86,27,17,0,0,43,36,60,3,0,107,32,86,15,0,134,8,4,7,0,19,513,432,125,17,1082
509021242,4,0,0,0,9,0,0,0,0,0,5,0,0,0,6,9,0,0,0,5,5,3,9,0,16,11,3,4,0,21,40,7,5,3,48,28,6,8,0,41,35,14,8,0,52,40,8,5,0,57,11,17,5,0,32,23,12,0,0,36,33,19,0,0,55,34,24,3,0,62,29,9,0,0,41,12,16,0,0,22,30,19,6,0,53,21,65,10,0,103,8,0,5,0,10,369,229,72,8,680
509021243,16,3,11,0,26,12,0,0,0,17,8,3,4,0,18,11,4,8,0,23,31,11,40,0,80,35,10,46,0,86,192,22,46,3,262,112,19,75,3,206,100,50,63,8,215,97,67,51,3,219,56,69,36,4,160,64,53,18,0,132,136,131,36,6,315,97,113,20,4,234,62,89,16,4,167,33,63,3,0,98,76,124,6,4,209,109,175,34,4,327,23,8,16,0,52,1279,1004,526,38,2848
509021244,17,0,4,0,15,3,0,0,0,5,4,0,0,0,4,0,0,10,0,10,24,5,13,0,37,14,4,16,0,35,92,4,15,0,109,71,9,20,0,102,58,12,14,0,87,57,34,16,0,104,25,14,15,0,54,32,28,7,0,67,74,43,5,0,128,46,42,0,0,90,48,27,4,0,80,25,20,0,0,42,45,35,0,0,82,69,96,16,0,172,14,3,5,0,24,721,374,148,16,1261
509021245,17,0,5,0,27,9,0,0,0,6,7,0,0,0,11,7,0,9,0,12,25,0,7,0,35,21,3,24,0,45,123,10,19,0,153,76,4,20,0,105,60,24,20,4,109,67,31,16,0,113,35,26,6,3,72,41,31,7,0,81,72,59,21,0,143,50,51,3,0,104,28,34,0,0,65,13,20,0,0,34,48,39,8,0,93,62,79,8,0,154,21,3,5,0,29,786,416,179,13,1397
509031246,4,0,0,0,11,0,0,0,0,6,3,0,7,0,8,3,0,0,0,7,13,0,4,0,24,10,4,10,0,18,65,8,15,0,79,43,6,13,3,65,39,14,6,0,63,44,19,9,0,73,24,20,0,0,44,22,19,6,0,49,64,34,3,0,100,34,37,3,0,70,28,31,3,0,61,12,14,0,0,32,36,36,0,0,70,36,68,12,0,120,10,8,0,0,20,501,318,89,10,921
509031247,16,3,0,0,17,4,4,0,0,9,3,0,0,0,3,0,0,0,0,0,10,3,4,0,23,10,0,0,0,15,35,7,17,0,61,35,12,3,0,55,33,21,10,0,63,36,32,9,5,74,30,27,5,0,57,43,22,3,0,76,72,49,3,0,131,46,48,0,0,94,32,32,0,0,72,19,21,0,0,35,54,36,0,0,95,36,94,12,0,147,13,7,4,0,28,536,419,82,11,1047
509031248,9,3,0,0,13,5,0,0,0,7,3,0,0,0,5,0,0,0,0,3,5,0,0,0,10,4,0,11,0,13,30,0,3,0,38,21,0,11,0,33,18,3,6,0,28,26,10,3,0,35,6,14,4,0,23,19,19,5,0,34,30,38,11,0,84,16,20,5,0,42,16,25,4,0,46,15,17,6,0,30,32,43,0,0,70,27,56,4,0,85,4,0,0,0,8,286,252,77,6,624
509031249,5,0,3,0,15,3,0,0,0,3,0,0,3,0,3,3,0,9,0,14,6,0,17,0,22,0,0,12,0,23,43,4,21,0,74,33,7,18,0,60,45,13,22,3,86,45,25,20,0,84,23,21,12,0,58,21,22,5,0,59,64,62,16,7,147,27,47,10,0,80,30,36,4,0,67,21,20,0,0,40,27,45,4,0,77,37,57,15,0,110,15,6,7,0,21,462,362,198,13,1041
509031250,3,0,4,0,7,4,0,6,0,9,3,0,4,0,9,9,0,8,0,5,19,6,10,0,32,19,5,0,0,26,76,11,16,0,100,44,8,18,3,68,59,25,21,0,104,57,16,11,4,95,26,30,7,0,68,52,30,6,0,86,74,52,8,0,138,57,50,4,0,112,37,35,0,0,74,24,20,0,0,39,60,49,3,0,111,52,89,14,0,158,13,4,4,0,24,686,433,136,17,1273
510011262,16,0,6,0,24,5,3,0,0,6,0,0,16,0,21,0,0,35,0,35,17,5,30,0,47,9,7,39,0,54,44,15,44,0,95,27,12,44,9,87,47,27,51,7,129,42,32,44,3,129,31,35,48,0,111,36,57,34,3,130,155,167,74,4,394,164,175,21,3,359,143,196,16,0,354,92,130,4,3,227,156,321,22,3,504,164,227,78,9,481,31,23,37,0,84,1163,1435,633,56,3283
510011263,3,0,6,0,9,3,0,0,0,5,3,5,39,0,51,0,0,36,0,38,51,51,50,13,167,9,19,28,3,59,35,57,52,15,160,20,50,25,7,96,21,35,28,6,93,23,20,15,5,68,12,14,18,5,41,22,23,14,6,57,43,40,11,0,95,45,27,4,0,74,46,34,9,0,83,18,14,0,0,32,44,24,0,0,69,51,80,32,4,158,12,23,10,8,48,449,526,372,69,1417
510011264,0,0,0,0,7,0,0,5,0,7,3,0,35,0,41,0,4,23,3,32,19,32,30,4,89,5,33,21,0,63,15,36,23,7,89,8,26,23,7,61,3,32,21,3,55,9,23,13,0,44,0,9,7,0,18,4,7,8,0,19,7,13,11,0,32,16,15,3,0,29,10,3,0,0,16,0,0,0,0,7,5,3,6,0,20,4,29,41,10,80,12,17,27,3,64,145,298,300,44,781
510011265,7,5,8,0,24,3,5,8,0,12,10,6,18,0,30,0,4,19,3,25,15,11,27,0,58,4,16,31,0,55,20,20,24,0,69,15,20,31,6,79,28,24,25,3,81,29,23,40,0,86,9,21,21,5,60,25,20,20,3,70,81,72,30,0,186,75,64,8,4,149,62,74,6,3,146,33,29,0,0,62,69,89,0,0,159,70,104,24,3,194,8,8,21,8,49,577,605,358,50,1591
510011266,4,4,0,0,12,0,6,7,0,15,0,6,20,5,23,0,0,17,0,18,3,14,11,0,27,4,10,18,4,29,16,23,18,0,57,4,13,22,0,42,13,15,16,3,44,9,20,12,0,40,5,0,0,0,11,8,11,0,0,24,11,18,4,0,39,12,8,0,0,18,10,10,0,0,22,7,14,0,0,14,7,15,0,0,22,8,25,10,0,48,5,0,10,0,13,136,203,164,19,525
510021267,0,0,0,0,6,0,0,0,0,0,0,0,16,0,21,0,0,15,0,14,30,17,18,3,68,4,13,11,0,27,20,24,14,4,66,12,23,4,3,38,12,5,14,0,29,0,12,3,0,13,6,6,0,0,10,0,0,0,0,4,0,8,0,0,13,7,3,0,0,8,11,5,0,0,19,0,3,0,0,6,8,17,0,0,27,3,12,0,0,17,9,4,5,0,11,118,150,101,15,391
510021268,0,0,0,0,3,0,0,0,0,0,0,0,0,0,0,0,0,0,0,0,0,0,0,0,4,0,0,0,0,0,0,0,3,0,6,0,0,4,0,6,3,8,5,0,18,6,10,6,0,21,5,15,13,0,35,13,14,13,6,40,17,50,14,4,84,49,65,7,0,124,39,67,3,0,116,48,57,3,0,103,97,181,8,0,287,23,72,9,0,106,0,0,0,0,0,307,536,99,12,952
510021269,0,0,0,0,9,0,0,0,0,0,0,0,0,0,0,0,0,5,0,5,0,3,0,0,3,0,0,0,0,0,0,0,0,0,3,0,0,0,0,3,3,0,3,0,4,0,0,0,0,8,4,0,4,0,15,12,7,0,0,24,20,26,11,0,65,33,31,3,0,69,56,67,8,4,128,39,54,4,0,100,152,243,10,0,415,40,55,5,0,101,7,3,6,0,13,370,503,73,13,961
510021270,14,0,13,0,27,0,5,6,0,10,0,0,11,0,13,0,0,15,0,19,9,9,22,4,30,9,0,22,0,33,18,10,20,4,50,12,17,26,0,53,22,20,26,4,66,16,14,39,3,74,13,24,32,0,69,31,35,35,0,105,80,124,44,10,262,85,142,18,3,242,111,148,21,0,281,88,102,11,0,205,191,379,26,0,600,100,148,25,3,282,13,21,19,3,59,804,1196,422,49,2479
510031271,0,0,0,0,3,0,0,0,0,0,0,0,5,3,4,0,0,3,0,7,5,3,8,0,13,6,8,4,6,15,3,0,4,4,13,9,3,8,0,13,8,4,4,0,18,10,0,9,0,14,8,10,10,0,26,10,22,5,0,40,42,71,20,0,135,38,62,8,0,103,53,104,9,0,168,52,66,6,0,122,125,187,6,0,329,41,85,8,0,144,5,4,0,0,14,419,627,111,16,1175
510031272,8,0,6,0,19,0,0,4,0,5,0,0,3,0,7,0,4,8,0,10,6,6,11,0,25,3,0,15,3,23,8,0,17,0,30,3,3,20,0,31,11,15,22,0,55,22,31,26,0,69,12,40,37,0,89,38,69,34,0,140,147,204,49,3,405,119,204,15,5,339,175,243,34,5,456,130,179,8,0,313,441,896,32,0,1368,144,259,28,4,427,12,13,8,0,25,1269,2162,371,33,3839
510031273,5,0,3,0,9,0,0,0,0,0,0,0,3,0,5,3,0,9,0,15,6,0,3,0,18,0,0,9,0,17,10,3,5,11,30,9,5,11,4,30,10,3,12,3,38,14,10,12,0,33,10,8,7,0,26,7,12,12,0,29,24,35,6,0,67,35,44,5,0,76,24,56,11,0,91,29,45,4,0,82,99,220,6,0,321,28,65,4,0,97,3,3,0,0,6,326,533,115,21,988
511011274,16,6,13,0,30,13,0,5,0,18,0,4,10,0,19,0,0,16,0,18,24,4,38,0,64,20,10,27,5,54,141,7,35,3,185,87,13,53,3,156,104,32,38,6,174,107,64,37,10,217,66,62,18,4,151,84,75,16,0,180,180,180,44,4,414,116,136,16,7,267,92,128,9,0,230,32,67,5,0,102,120,145,11,0,278,128,211,51,0,390,22,12,9,0,47,1348,1149,452,49,3001
511011275,9,8,0,0,18,0,3,0,0,3,0,0,0,0,4,0,3,0,0,3,11,0,9,0,23,3,0,9,0,23,49,0,5,0,54,37,12,9,0,55,23,19,10,0,46,37,21,9,0,57,15,26,10,0,51,32,21,8,0,62,61,49,9,0,114,35,39,3,0,75,34,38,0,0,69,20,12,0,0,37,38,64,0,0,101,40,76,13,0,128,14,9,4,0,24,458,393,91,6,955
511021276,6,0,0,0,8,9,0,0,0,9,0,3,10,0,10,4,0,8,0,15,15,7,11,0,33,4,4,14,5,27,48,8,25,0,83,25,17,20,0,57,22,14,21,0,64,44,15,17,0,77,23,17,9,0,52,32,23,12,0,77,54,57,15,0,122,41,51,11,0,102,38,42,3,0,78,18,26,0,0,42,45,44,4,3,101,41,62,18,0,123,18,7,8,0,31,479,387,211,17,1098
511021277,12,0,0,0,13,0,0,0,0,0,0,0,0,0,5,0,0,4,0,7,9,0,10,0,24,0,0,11,0,14,41,5,0,0,49,31,7,13,0,54,31,11,17,0,65,43,20,5,0,71,22,19,3,0,45,38,27,3,0,69,71,56,10,0,136,52,60,3,0,114,33,37,0,5,80,25,21,3,0,50,33,50,0,0,86,59,97,12,0,169,10,0,3,0,13,531,415,98,13,1064
511031278,9,5,4,0,14,0,0,5,0,5,4,0,9,0,12,0,0,12,0,9,11,0,15,0,20,6,0,23,0,32,28,8,19,0,57,16,8,25,4,48,21,10,34,6,69,40,14,28,0,88,22,30,32,4,86,27,36,24,0,86,81,97,33,0,214,75,82,18,4,183,61,73,11,5,150,50,46,0,0,100,59,131,13,3,206,56,82,17,0,155,6,4,8,0,26,564,632,325,32,1556
511031279,12,6,8,0,20,9,0,3,0,13,4,5,4,0,8,0,0,9,0,9,11,3,17,0,27,14,7,28,0,53,43,5,32,3,79,31,15,27,3,73,39,20,33,3,102,57,31,25,0,116,28,32,25,3,94,36,48,18,4,112,159,182,55,4,397,135,154,25,14,334,151,198,21,8,380,82,132,5,0,223,228,490,20,6,746,86,204,38,0,322,27,16,30,3,72,1155,1550,420,55,3185
511031280,10,0,8,0,17,3,3,0,0,5,3,0,0,0,11,4,0,7,0,9,4,0,6,0,14,7,0,23,0,30,38,4,24,0,67,24,11,24,0,59,23,10,15,3,51,30,11,28,0,73,14,27,16,4,60,30,41,23,0,96,80,119,39,5,247,109,131,14,5,252,95,159,18,3,276,73,110,8,0,196,198,341,21,0,556,65,143,19,0,232,3,11,4,4,22,823,1129,303,24,2281
511031281,0,0,0,0,0,0,0,0,0,0,0,0,0,0,0,0,0,0,0,0,0,0,0,0,0,0,0,0,0,0,0,0,0,0,0,0,0,0,0,0,0,0,0,0,0,0,0,0,0,0,0,0,0,0,0,0,0,0,0,0,0,0,0,0,0,0,0,0,0,0,0,0,0,0,0,0,0,0,0,0,0,0,0,0,0,0,0,0,0,0,0,0,0,0,0,0,0,0,0,0
511031282,10,0,3,0,13,3,0,0,0,3,0,0,0,0,4,0,0,6,0,7,12,4,11,0,30,5,0,15,5,26,28,8,15,3,56,18,8,17,0,44,17,10,7,0,38,20,10,5,0,35,22,10,0,0,33,11,15,8,0,31,47,45,12,0,107,25,32,6,0,65,25,39,0,0,69,14,19,6,0,40,65,61,14,0,136,42,49,22,0,116,10,8,4,0,26,384,317,166,17,889
511031283,0,0,0,0,0,0,0,0,0,3,0,0,9,0,14,5,0,14,0,14,27,16,15,4,56,10,10,13,0,32,28,23,21,3,74,4,17,18,7,47,7,23,12,0,52,15,22,14,0,51,11,6,14,0,25,7,12,3,0,20,19,21,7,0,49,12,13,0,3,29,15,18,0,0,35,9,4,0,0,18,24,22,3,0,47,26,35,22,0,83,18,6,11,0,40,246,249,167,27,690
511031284,0,0,0,0,0,0,0,0,0,0,0,0,0,0,0,0,0,0,0,0,0,0,0,0,0,0,0,0,0,0,0,0,0,0,0,0,0,0,0,0,0,0,0,0,0,0,0,0,0,0,0,0,0,0,0,0,0,0,0,0,0,0,0,0,0,0,0,0,0,0,0,0,0,0,0,0,0,0,0,0,0,0,0,0,0,0,0,0,0,0,0,0,0,0,0,0,0,0,0,0
511041285,18,3,6,4,41,5,0,3,0,12,17,0,19,0,34,3,0,20,0,25,30,5,36,7,72,33,4,49,3,88,160,18,56,9,238,103,25,77,3,211,112,39,73,6,232,115,51,41,7,211,75,60,37,0,176,73,50,32,6,160,136,109,44,9,294,91,105,26,0,229,73,73,6,0,147,33,46,8,3,92,115,121,3,0,243,78,141,55,7,275,27,7,11,0,41,1306,852,612,56,2824
511041286,14,3,12,0,26,3,0,4,0,10,5,5,9,0,17,3,0,18,0,23,17,0,27,0,41,16,5,42,3,67,88,3,38,3,134,48,13,55,7,125,39,17,45,0,106,55,36,31,3,127,43,35,21,3,108,50,40,12,0,109,94,100,22,3,214,58,98,14,0,174,55,88,15,0,160,27,51,0,0,87,50,115,3,0,174,87,153,29,3,267,6,3,12,0,27,759,771,412,36,1974
511041287,23,0,8,0,30,5,3,0,0,12,3,0,5,0,11,0,0,15,0,16,16,3,23,0,42,9,5,29,0,43,97,4,38,0,141,60,15,30,6,106,60,9,33,5,105,67,43,33,0,141,39,45,26,5,110,30,55,24,0,113,103,156,38,4,306,100,142,18,0,262,73,100,10,0,186,32,84,4,0,120,72,147,10,0,228,107,189,35,3,335,15,5,0,0,28,933,1013,362,26,2334
511041288,24,0,4,0,27,13,0,3,0,16,3,0,10,0,7,0,0,7,0,13,22,0,22,0,44,23,3,25,3,55,106,6,35,3,150,55,12,40,0,106,55,15,54,0,131,84,48,37,7,175,57,47,35,3,137,59,52,31,6,153,147,202,33,5,388,116,166,14,3,302,104,149,12,4,274,45,105,7,0,161,105,203,7,0,323,107,185,31,4,328,17,9,4,0,30,1139,1217,422,38,2823
511041289,12,0,4,0,13,0,0,0,0,0,6,0,5,0,11,7,0,4,0,10,24,4,6,0,27,20,0,17,0,37,65,3,20,0,86,48,3,12,0,61,45,8,7,0,56,44,16,11,0,72,21,21,10,3,52,18,13,3,0,43,46,44,8,0,100,34,30,0,0,61,20,30,6,0,47,17,20,0,0,41,30,43,5,0,74,57,83,5,0,153,16,8,4,0,25,529,316,125,10,984
511041290,6,0,0,0,12,4,0,0,0,4,3,3,10,0,11,0,0,11,0,9,11,4,10,0,21,3,0,8,0,13,20,9,7,3,40,9,0,5,3,21,5,8,10,0,23,21,10,4,0,32,7,10,6,0,25,13,7,0,0,24,27,16,5,0,47,14,7,7,0,26,11,0,0,0,15,8,3,0,0,12,12,8,0,0,16,23,9,12,0,40,5,4,3,3,20,199,97,100,18,411
511041291,12,4,0,0,14,3,0,0,0,9,4,0,3,0,8,3,0,3,0,11,14,5,4,0,25,7,0,9,0,17,54,11,3,0,64,57,9,9,0,73,35,11,8,0,57,41,17,6,5,70,18,24,3,0,45,30,20,0,0,53,53,51,3,0,114,31,27,0,0,58,27,22,0,0,46,17,8,0,0,28,45,22,0,0,71,36,66,6,0,116,15,5,6,0,26,503,305,82,6,897
511041292,13,0,4,0,17,6,0,0,0,6,6,3,4,0,8,8,0,4,0,8,40,7,9,0,49,20,6,13,0,37,109,18,13,0,135,65,11,16,0,94,55,18,15,0,87,71,32,8,4,112,36,33,11,0,72,42,32,5,0,77,86,61,12,0,162,65,42,8,0,114,40,34,3,0,87,19,30,6,0,49,41,52,0,0,98,64,99,14,0,181,20,0,7,0,28,800,470,153,14,1435
597979799,0,0,0,0,0,0,0,0,0,0,0,0,0,0,0,0,0,0,0,0,0,0,0,0,0,0,0,0,0,0,0,0,0,0,0,0,0,0,0,0,0,0,0,0,0,0,0,0,0,0,0,0,0,0,0,0,0,0,0,0,0,0,0,0,0,0,0,0,0,0,0,0,0,0,0,0,0,0,0,0,0,0,0,0,0,0,0,0,0,0,0,0,0,0,0,0,0,0,0,0
