IARE_CODE_2021,Tot_20_24_PD_GD_GCL_M,Tot_20_24_BDL_M,Tot_20_24_ADip_DipL_M,Tot_20_24_Ct_III_IV_M,Tot_20_24_Ct_I_II_M,Tot_20_24_CL_nfd_M,Tot_20_24_LoE_NS_M,Tot_20_24_Tot_M,Tot_25_34_PD_GD_GCL_M,Tot_25_34_BDL_M,Tot_25_34_ADip_DipL_M,Tot_25_34_Ct_III_IV_M,Tot_25_34_Ct_I_II_M,Tot_25_34_CL_nfd_M,Tot_25_34_LoE_NS_M,Tot_25_34_Tot_M,Tot_35_44_PD_GD_GCL_M,Tot_35_44_BDL_M,Tot_35_44_ADip_DipL_M,Tot_35_44_Ct_III_IV_M,Tot_35_44_Ct_I_II_M,Tot_35_44_CL_nfd_M,Tot_35_44_LoE_NS_M,Tot_35_44_Tot_M,Tot_45_54_PD_GD_GCL_M,Tot_45_54_BDL_M,Tot_45_54_ADip_DipL_M,Tot_45_54_Ct_III_IV_M,Tot_45_54_Ct_I_II_M,Tot_45_54_CL_nfd_M,Tot_45_54_LoE_NS_M,Tot_45_54_Tot_M,Tot_55_64_PD_GD_GCL_M,Tot_55_64_BDL_M,Tot_55_64_ADip_DipL_M,Tot_55_64_Ct_III_IV_M,Tot_55_64_Ct_I_II_M,Tot_55_64_CL_nfd_M,Tot_55_64_LoE_NS_M,Tot_55_64_Tot_M,Tot_65ov_PtgdDe_GdDp_GdCt_M,Tot_65ov_BDL_M,Tot_65ov_ADip_DipL_M,Tot_65ov_Ct_III_IV_M,Tot_65ov_Ct_I_II_M,Tot_65ov_CL_nfd_M,Tot_65ov_LoE_NS_M,Tot_65ov_Tot_M,Tot_Tot_PD_GD_GCL_M,Tot_Tot_BDL_M,Tot_Tot_ADip_DipL_M,Tot_Tot_Ct_III_IV_M,Tot_Tot_Ct_I_II_M,Tot_tot_CL_nfd_M,Tot_Tot_LoE_NS_M,Tot_Tot_Tot_M,Ind_15_19_PD_GD_GCL_F,Ind_15_19_BDL_F,Ind_15_19_ADip_DipL_F,Ind_15_19_Ct_III_IV_F,Ind_15_19_Ct_I_II_F,Ind_15_19_CL_nfd_F,Ind_15_19_LoE_NS_F,Ind_15_19_Tot_F,Ind_20_24_PD_GD_GCL_F,Ind_20_24_BDL_F,Ind_20_24_ADip_DipL_F,Ind_20_24_Ct_III_IV_F,Ind_20_24_Ct_I_II_F,Ind_20_24_CL_nfd_F,Ind_20_24_LoE_NS_F,Ind_20_24_Tot_F,Ind_25_34_PD_GD_GCL_F,Ind_25_34_BDL_F,Ind_25_34_ADip_DipL_F,Ind_25_34_Ct_III_IV_F,Ind_25_34_Ct_I_II_F,Ind_25_34_CL_nfd_F,Ind_25_34_LoE_NS_F,Ind_25_34_Tot_F,Ind_35_44_PD_GD_GCL_F,Ind_35_44_BDL_F,Ind_35_44_ADip_DipL_F,Ind_35_44_Ct_III_IV_F,Ind_35_44_Ct_I_II_F,Ind_35_44_CL_nfd_F,Ind_35_44_LoE_NS_F,Ind_35_44_Tot_F,Ind_45_54_PD_GD_GCL_F,Ind_45_54_BDL_F,Ind_45_54_ADip_DipL_F,Ind_45_54_Ct_III_IV_F,Ind_45_54_Ct_I_II_F,Ind_45_54_CL_nfd_F,Ind_45_54_LoE_NS_F,Ind_45_54_Tot_F,Ind_55_64_PD_GD_GCL_F,Ind_55_64_BDL_F,Ind_55_64_ADip_DipL_F,Ind_55_64_Ct_III_IV_F,Ind_55_64_Ct_I_II_F,Ind_55_64_CL_nfd_F,Ind_55_64_LoE_NS_F,Ind_55_64_Tot_F,Ind_65ov_PtgdDe_GdDp_GdCt_F,Ind_65ov_BDL_F,Ind_65ov_ADip_DipL_F,Ind_65ov_Ct_III_IV_F,Ind_65ov_Ct_I_II_F,Ind_65ov_CL_nfd_F,Ind_65ov_LoE_NS_F,Ind_65ov_Tot_F,Ind_Tot_PD_GD_GCL_F,Ind_Tot_BDL_F,Ind_Tot_ADip_DipL_F,Ind_Tot_Ct_III_IV_F,Ind_Tot_Ct_I_II_F,Ind_tot_CL_nfd_F,Ind_Tot_LoE_NS_F,Ind_Tot_Tot_F,NonI_15_19_PD_GD_GCL_F,NonI_15_19_BDL_F,NonI_15_19_ADip_DipL_F,NonI_15_19_Ct_III_IV_F,NonI_15_19_Ct_I_II_F,NonI_15_19_CL_nfd_F,NonI_15_19_LoE_NS_F,NonI_15_19_Tot_F,NonI_20_24_PD_GD_GCL_F,NonI_20_24_BDL_F,NonI_20_24_ADip_DipL_F,NonI_20_24_Ct_III_IV_F,NonI_20_24_Ct_I_II_F,NonI_20_24_CL_nfd_F,NonI_20_24_LoE_NS_F,NonI_20_24_Tot_F,NonI_25_34_PD_GD_GCL_F,NonI_25_34_BDL_F,NonI_25_34_ADip_DipL_F,NonI_25_34_Ct_III_IV_F,NonI_25_34_Ct_I_II_F,NonI_25_34_CL_nfd_F,NonI_25_34_LoE_NS_F,NonI_25_34_Tot_F,NonI_35_44_PD_GD_GCL_F,NonI_35_44_BDL_F,NonI_35_44_ADip_DipL_F,NonI_35_44_Ct_III_IV_F,NonI_35_44_Ct_I_II_F,NonI_35_44_CL_nfd_F,NonI_35_44_LoE_NS_F,NonI_35_44_Tot_F,NonI_45_54_PD_GD_GCL_F,NonI_45_54_BDL_F,NonI_45_54_ADip_DipL_F,NonI_45_54_Ct_III_IV_F,NonI_45_54_Ct_I_II_F,NonI_45_54_CL_nfd_F,NonI_45_54_LoE_NS_F,NonI_45_54_Tot_F,NonI_55_64_PD_GD_GCL_F,NonI_55_64_BDL_F,NonI_55_64_ADip_DipL_F,NonI_55_64_Ct_III_IV_F,NonI_55_64_Ct_I_II_F,NonI_55_64_CL_nfd_F,NonI_55_64_LoE_NS_F,NonI_55_64_Tot_F,NonI_65ov_PtgdDe_GdDp_GdCt_F,NonI_65ov_BDL_F,NonI_65ov_ADip_DipL_F,NonI_65ov_Ct_III_IV_F,NonI_65ov_Ct_I_II_F,NonI_65ov_CL_nfd_F,NonI_65ov_LoE_NS_F,NonI_65ov_Tot_F,NonI_Tot_PD_GD_GCL_F,NonI_Tot_BDL_F,NonI_Tot_ADip_DipL_F,NonI_Tot_Ct_III_IV_F,NonI_Tot_Ct_I_II_F,NonI_tot_CL_nfd_F,NonI_Tot_LoE_NS_F,NonI_Tot_Tot_F,IS_NS_15_19_PD_GD_GCL_F,IS_NS_15_19_BDL_F,IS_NS_15_19_ADip_DipL_F,IS_NS_15_19_Ct_III_IV_F,IS_NS_15_19_Ct_I_II_F,IS_NS_15_19_CL_nfd_F,IS_NS_15_19_LoE_NS_F,IS_NS_15_19_Tot_F,IS_NS_20_24_PD_GD_GCL_F,IS_NS_20_24_BDL_F,IS_NS_20_24_ADip_DipL_F,IS_NS_20_24_Ct_III_IV_F,IS_NS_20_24_Ct_I_II_F,IS_NS_20_24_CL_nfd_F,IS_NS_20_24_LoE_NS_F,IS_NS_20_24_Tot_F
IARE501001,3,16,16,84,19,4,81,233,66,179,67,294,15,18,207,842,63,156,116,345,3,15,179,882,49,111,96,329,12,18,214,825,30,69,68,214,6,18,159,554,18,50,42,139,3,7,118,384,224,581,409,1411,74,82,1036,3814,0,0,0,5,6,0,20,33,0,0,0,19,7,4,9,43,10,22,21,56,22,5,29,158,12,24,28,37,15,4,23,141,5,16,13,19,0,0,14,79,7,20,22,14,3,3,25,91,8,11,7,3,0,3,14,45,45,83,85,158,60,27,130,591,0,0,0,15,12,5,13,47,5,47,23,45,10,0,10,145,139,369,120,110,10,9,48,814,161,281,140,120,27,15,34,782,87,186,117,102,4,28,26,552,66,99,88,58,6,18,33,365,35,49,47,32,0,3,23,196,496,1042,530,495,75,72,182,2900,0,0,0,0,0,0,53,50,0,0,0,0,0,0,44,44
IARE501002,0,3,0,6,0,4,9,20,4,15,7,22,4,0,23,82,0,9,7,31,0,0,19,67,5,3,0,17,3,4,21,49,4,0,5,19,0,3,14,45,3,0,9,16,0,0,12,36,13,37,31,105,13,10,107,314,0,0,0,0,0,0,4,7,0,0,0,4,0,7,8,16,0,0,3,18,7,3,17,40,0,4,7,8,3,0,16,37,0,3,5,6,3,4,6,24,0,0,0,0,0,0,6,14,0,0,0,0,0,0,3,3,3,11,8,40,15,13,53,145,0,0,0,0,0,0,3,4,0,4,0,6,0,0,0,7,9,32,9,3,4,0,0,50,4,15,4,5,0,0,0,25,3,14,0,0,0,0,3,19,5,7,9,5,0,0,3,25,0,4,6,0,0,0,0,9,19,71,26,20,0,4,11,152,0,0,0,0,0,0,0,0,0,0,0,0,0,0,4,4
IARE502001,0,4,0,25,15,0,41,82,3,28,11,83,3,5,97,236,7,17,25,73,0,3,70,187,12,13,19,98,4,3,80,228,6,13,8,104,5,0,58,203,5,14,32,77,0,11,79,222,38,92,96,455,36,31,464,1204,0,0,0,3,0,0,4,11,0,0,0,0,0,5,3,6,0,0,0,5,0,0,10,14,0,3,0,3,0,0,5,13,0,4,0,11,0,0,13,27,0,0,7,4,0,4,8,19,0,0,0,0,0,0,7,12,3,8,7,31,5,7,40,108,0,0,0,5,3,0,0,4,0,12,7,10,11,0,0,45,20,43,12,37,14,3,8,142,11,52,25,26,7,4,12,139,13,38,20,30,0,3,7,119,6,30,21,32,5,8,7,110,9,15,13,18,0,0,29,89,64,199,111,160,37,23,68,655,0,0,0,0,0,0,20,20,0,0,0,0,0,0,35,35
IARE502002,0,3,0,8,0,0,29,44,0,3,7,41,0,0,85,133,5,8,3,22,0,0,57,87,4,12,8,24,0,0,66,108,0,5,3,24,0,0,38,75,0,7,4,22,5,0,53,92,10,31,21,142,12,0,331,555,0,0,0,0,0,0,0,0,0,0,0,0,0,0,0,0,0,0,0,0,0,0,0,0,0,0,0,0,0,0,3,7,0,0,0,0,0,0,0,8,0,0,0,3,0,0,0,3,0,0,0,0,0,0,0,5,0,0,4,12,4,0,8,21,0,0,0,0,0,0,0,0,0,3,0,3,0,0,0,7,0,3,3,9,0,3,0,28,0,6,0,12,0,0,0,31,0,0,6,8,0,0,0,18,4,8,8,3,4,0,4,36,0,3,0,10,0,3,7,33,16,33,23,41,12,7,16,144,0,0,0,0,0,0,7,7,0,0,0,0,0,0,14,14
IARE502003,0,3,0,31,0,0,21,57,0,19,8,78,3,3,41,153,6,11,15,86,4,0,58,188,5,32,27,109,3,6,77,267,6,20,21,136,7,7,76,275,7,23,34,177,3,9,138,401,25,117,111,624,30,37,430,1376,0,0,0,0,0,0,0,0,0,0,0,0,0,0,0,5,0,0,5,0,0,0,0,6,0,0,0,0,0,0,0,4,0,0,4,3,0,4,0,11,0,7,0,0,0,0,0,10,0,3,0,0,0,0,0,5,0,4,9,11,0,4,12,39,0,0,0,8,4,0,5,18,3,8,0,16,4,0,3,33,6,37,15,45,5,5,7,118,19,52,24,55,4,3,8,163,18,62,30,55,11,9,15,195,20,43,50,50,4,13,17,190,13,46,52,37,5,12,50,209,73,240,178,259,34,39,101,926,0,0,0,0,0,0,22,22,0,0,0,0,0,0,18,18
IARE502004,5,18,19,277,68,7,101,499,49,164,114,908,58,10,301,1599,95,216,188,780,42,33,311,1668,103,205,197,834,23,32,331,1717,81,138,223,756,29,41,291,1556,60,131,202,755,21,55,409,1630,382,875,932,4389,294,186,1872,8935,0,0,0,0,17,0,16,41,0,3,8,31,15,0,9,64,0,7,17,50,20,3,12,108,0,15,13,45,5,5,16,112,0,16,22,33,9,0,10,91,0,14,18,25,12,3,20,93,3,8,10,4,0,0,27,49,15,54,94,193,84,11,106,555,0,0,12,69,51,7,17,156,15,106,73,181,88,15,22,504,144,433,233,448,89,30,37,1407,187,442,271,441,60,46,47,1490,160,416,296,464,54,76,71,1545,107,214,268,346,34,54,87,1118,72,187,249,204,29,66,349,1149,680,1787,1403,2170,407,304,623,7372,0,0,0,0,0,0,72,72,0,0,0,0,0,0,87,88
IARE502005,0,5,5,42,4,0,30,88,6,28,10,99,4,3,70,213,6,29,19,129,4,7,87,286,11,33,31,146,7,6,93,318,10,26,42,180,7,5,132,390,16,19,50,242,7,21,194,542,47,131,156,835,39,45,633,1892,0,0,0,0,3,0,4,4,0,0,0,0,0,0,3,7,0,0,0,0,0,0,0,3,0,0,3,7,0,5,0,10,0,3,0,4,0,0,0,9,3,3,0,5,0,0,0,8,0,0,0,0,0,0,4,7,3,5,6,18,7,5,12,46,0,0,0,8,8,0,6,23,5,4,7,26,7,3,0,54,16,49,19,64,13,3,8,162,23,79,29,61,16,3,7,224,16,56,63,67,8,3,6,227,27,30,52,59,11,14,22,215,22,46,68,47,16,21,94,312,101,274,242,338,74,51,149,1223,0,0,0,0,0,0,29,29,0,0,0,0,0,0,13,13
IARE502006,0,4,0,10,0,0,25,40,4,16,6,39,0,0,58,126,3,3,3,21,0,3,33,70,0,0,5,12,0,0,34,54,0,0,4,25,0,0,24,57,0,0,3,9,0,0,16,31,9,28,27,115,6,5,199,389,0,0,0,0,0,0,0,0,0,0,0,0,4,4,4,15,0,0,0,3,4,0,7,17,0,0,0,0,0,0,3,10,0,0,0,0,0,0,10,9,0,0,3,6,0,0,4,14,0,0,3,0,0,0,5,7,0,5,3,9,7,0,35,62,0,0,0,0,0,0,0,0,0,0,0,0,0,0,0,0,7,18,5,3,0,0,0,37,0,4,0,3,0,0,3,12,0,0,6,3,0,0,0,11,3,5,9,0,0,0,0,13,0,0,0,0,0,0,0,5,12,38,16,19,3,0,0,87,0,0,0,0,0,0,3,3,0,0,0,0,0,0,6,6
IARE502007,0,4,0,10,3,0,0,19,3,23,12,35,0,0,10,85,5,23,11,37,0,4,21,87,4,6,11,36,0,0,18,72,0,9,14,41,3,0,21,82,0,8,11,33,0,3,25,74,12,64,51,183,12,5,101,428,0,0,0,0,0,0,0,3,0,0,0,0,0,0,0,0,0,0,0,0,0,0,0,3,0,0,0,0,0,0,0,0,0,0,0,0,0,0,0,4,3,0,0,0,0,0,0,5,0,0,0,0,0,0,0,0,5,0,0,3,0,0,4,18,0,0,0,3,0,0,0,6,3,6,4,7,4,0,0,30,14,35,16,14,0,8,5,87,3,22,11,11,0,0,0,55,6,16,6,11,3,3,4,49,0,14,5,10,0,5,4,32,11,9,11,3,0,0,9,45,39,102,50,63,12,9,27,297,0,0,0,0,0,0,7,7,0,0,0,0,0,0,6,6
IARE503001,0,13,3,120,26,4,72,235,16,84,36,366,30,8,115,651,33,73,60,341,10,4,114,645,26,95,80,314,9,13,184,714,27,55,65,316,0,16,153,629,20,66,101,250,5,14,242,707,116,394,353,1742,89,55,936,3685,0,0,0,0,4,0,7,14,0,0,0,6,4,0,0,8,0,3,0,12,0,0,0,18,0,0,8,12,3,0,3,21,0,4,3,7,0,0,3,23,0,0,0,6,0,0,3,12,0,0,0,5,0,0,0,0,3,11,12,33,18,9,21,105,0,0,0,20,23,3,15,62,0,30,16,86,23,6,3,167,44,209,80,186,35,13,18,582,59,186,90,166,27,20,23,563,52,140,119,175,17,33,31,558,37,93,124,113,12,31,44,445,36,108,115,73,17,21,168,536,225,774,544,816,154,117,299,2918,0,0,0,0,0,0,31,31,0,0,0,0,0,0,29,34
IARE503002,0,4,3,23,3,0,40,75,3,22,7,101,5,3,119,266,7,13,7,75,5,0,91,197,5,16,11,96,5,0,120,257,4,9,15,88,0,3,87,213,3,5,8,66,0,4,68,155,28,67,52,462,25,12,550,1205,0,0,0,4,3,0,3,6,0,0,0,4,0,0,9,8,0,0,0,5,0,0,4,15,0,0,0,3,0,0,4,8,0,0,0,5,0,0,0,6,0,0,0,0,0,0,0,0,0,0,3,0,0,0,0,8,0,0,3,22,0,3,20,59,0,0,0,6,4,0,0,14,0,3,4,17,9,0,0,28,11,20,13,34,5,0,4,91,5,21,22,38,7,11,6,108,3,14,13,25,4,3,17,79,8,17,13,30,3,0,19,83,3,3,7,10,0,4,16,47,32,79,73,159,32,18,60,454,0,0,0,0,0,0,32,32,0,0,0,0,0,0,29,29
IARE503003,15,53,11,257,70,12,141,556,116,266,95,902,38,22,297,1744,118,233,155,815,18,27,276,1655,81,146,118,741,14,30,246,1380,46,98,115,580,9,23,237,1102,21,60,50,346,3,16,254,760,401,852,549,3676,191,138,1541,7353,0,0,0,4,3,0,10,20,0,0,0,15,6,0,5,29,0,5,4,19,9,0,12,55,0,9,6,25,7,4,11,55,3,13,8,13,0,4,19,55,0,3,5,11,0,0,16,38,0,8,0,3,0,0,32,41,8,33,24,91,23,9,106,287,0,0,3,51,48,4,12,115,15,108,37,156,69,10,20,421,158,435,182,411,59,42,62,1349,170,363,208,327,34,30,41,1184,89,203,187,257,31,51,72,882,70,128,141,153,13,39,70,618,16,57,59,52,0,24,125,338,524,1297,821,1410,259,202,397,4907,0,0,0,0,0,0,56,56,0,0,0,0,0,0,78,86
IARE503004,0,3,0,10,0,0,30,42,0,16,7,37,8,0,108,184,4,10,10,38,0,0,91,153,3,9,10,22,0,0,87,134,6,10,5,28,0,0,70,114,0,0,3,9,0,0,18,35,13,45,40,142,11,8,421,673,0,0,0,0,0,0,13,11,0,0,0,0,0,0,0,0,0,0,0,9,0,0,4,11,0,0,0,3,3,0,4,13,0,0,0,5,0,0,4,10,0,0,0,0,0,0,0,8,0,0,0,0,0,0,0,0,0,5,4,15,4,0,25,54,0,0,0,0,0,0,0,0,0,4,0,3,0,0,0,7,0,20,4,6,4,0,0,32,0,6,9,3,0,0,0,18,3,6,0,4,0,0,0,10,0,8,7,9,3,0,5,33,0,0,0,0,0,0,0,7,12,37,22,24,7,7,12,115,0,0,0,0,0,0,5,5,0,0,0,0,0,0,16,16
IARE503005,0,9,3,16,9,0,68,107,7,17,16,75,7,3,153,272,7,10,15,66,5,0,114,210,4,8,7,48,0,5,72,133,4,7,3,32,0,3,53,103,0,4,9,22,0,0,26,58,21,45,55,257,26,12,489,900,0,0,0,0,0,0,3,3,0,0,0,0,0,0,0,3,0,0,0,3,0,0,0,3,0,0,0,4,0,0,0,3,0,0,0,3,0,0,4,10,0,0,0,0,0,0,0,0,0,0,0,0,0,0,0,0,0,0,8,9,0,6,8,30,0,0,0,0,0,0,0,0,0,4,0,8,3,0,0,16,13,13,9,13,0,0,5,55,0,10,6,12,0,0,0,38,3,4,13,12,0,0,3,32,4,5,8,9,0,4,3,34,0,4,3,0,0,0,3,15,24,38,39,55,9,8,17,186,0,0,0,0,0,0,9,9,0,0,0,0,0,0,24,24
IARE503006,0,0,0,0,0,0,5,6,0,3,0,0,0,0,5,11,0,4,0,6,0,0,0,15,0,0,0,0,0,0,3,5,0,0,0,0,0,0,3,6,0,0,0,0,0,0,0,0,0,8,0,12,0,0,20,46,0,0,0,0,0,0,3,3,0,0,0,0,0,0,4,4,0,0,0,0,0,0,5,5,0,0,0,3,0,0,0,10,0,0,0,0,0,0,4,4,0,0,0,0,0,0,0,0,0,0,0,0,0,0,0,0,0,0,0,3,4,0,16,32,0,0,0,0,0,0,0,0,0,0,0,0,0,0,0,0,0,3,0,0,0,0,0,0,0,0,0,0,0,0,0,9,0,5,0,0,0,0,0,3,0,0,3,0,0,0,0,5,0,0,0,0,0,0,0,0,5,10,7,0,0,0,0,23,0,0,0,0,0,0,0,0,0,0,0,0,0,0,0,0
IARE503007,0,0,0,6,0,0,12,24,0,3,0,16,0,0,34,53,0,0,5,16,0,0,30,47,0,3,5,13,0,0,19,40,0,0,3,9,0,0,7,22,0,3,0,4,0,0,9,12,3,15,15,62,4,0,117,213,0,0,0,0,0,0,0,0,0,0,0,0,0,0,0,0,0,0,0,0,0,0,0,4,0,0,0,4,0,0,0,5,0,0,0,0,0,0,0,0,0,0,0,0,0,0,0,0,0,0,0,0,0,0,0,0,0,4,0,5,0,0,0,12,0,0,0,0,0,0,0,0,0,0,0,5,0,0,0,5,0,8,0,4,0,0,0,13,0,0,0,0,0,0,0,8,0,0,0,3,0,0,0,7,0,0,0,0,0,0,0,0,0,4,0,0,0,0,0,4,3,12,8,9,4,0,4,39,0,0,0,0,0,0,5,5,0,0,0,0,0,0,0,0
IARE504001,0,0,0,8,0,0,4,11,3,7,0,26,3,4,8,46,0,5,0,22,6,0,5,41,0,4,0,8,0,0,13,22,0,0,4,5,0,3,5,16,0,0,0,0,0,0,10,13,5,12,6,72,9,8,49,170,0,0,0,0,0,0,5,5,0,0,0,5,3,0,4,7,0,0,0,8,5,0,4,18,0,0,0,3,0,3,0,9,0,0,0,6,0,0,0,7,0,0,0,3,0,0,0,13,0,0,0,0,0,0,0,0,0,3,0,23,13,6,10,54,0,0,0,0,0,0,0,0,0,5,0,0,0,0,0,5,4,11,5,3,0,0,0,21,0,0,0,0,0,0,0,13,0,0,5,0,0,0,0,4,0,4,6,0,0,0,0,11,0,4,3,0,0,0,0,3,6,24,13,11,0,0,4,57,0,0,0,0,0,0,0,0,0,0,0,0,0,0,0,0
IARE504002,0,0,0,8,0,0,5,11,0,3,3,11,0,3,9,39,0,3,0,14,5,5,10,34,7,3,0,13,0,0,14,29,0,4,0,9,0,0,6,19,0,0,0,3,0,0,3,7,4,12,5,49,7,6,56,146,0,0,0,0,0,0,0,4,0,0,0,5,0,0,3,6,0,0,0,3,0,0,5,14,0,0,0,3,4,5,6,18,3,0,0,4,0,0,0,8,3,0,0,0,0,0,0,7,0,0,0,0,0,4,0,0,5,0,4,12,6,10,28,67,0,0,0,3,0,0,0,3,0,0,0,0,0,0,0,4,3,7,0,0,0,0,0,15,0,0,0,0,0,0,0,6,0,4,4,0,0,0,0,7,5,4,0,0,0,0,0,6,0,0,0,0,0,0,0,3,13,18,7,3,0,0,3,45,0,0,0,0,0,0,0,0,0,0,0,0,0,0,0,0
IARE504003,0,4,6,0,0,0,11,18,4,10,0,15,3,0,22,58,3,5,3,25,0,0,26,57,0,0,0,20,0,0,19,50,4,4,3,10,0,0,18,37,0,4,5,4,0,0,12,27,16,24,13,78,10,0,125,264,0,0,0,0,0,0,7,10,0,0,0,7,0,0,6,10,0,0,0,8,0,0,9,19,0,0,3,10,3,0,11,25,0,5,0,13,0,0,5,28,0,3,0,4,0,0,5,14,0,0,0,0,0,0,4,8,0,9,5,43,6,0,48,117,0,0,0,0,0,0,0,0,0,4,0,0,0,0,0,6,5,15,4,3,0,0,0,33,5,13,0,5,0,3,0,19,0,14,0,0,0,0,0,14,3,8,3,4,0,0,0,15,3,5,0,0,0,0,0,12,19,50,10,19,0,3,6,103,0,0,0,0,0,0,0,0,0,0,0,0,0,0,3,3
IARE504004,0,0,0,5,0,0,8,11,0,0,0,9,0,0,5,20,0,0,0,11,0,0,8,23,0,0,3,6,0,0,3,11,0,0,0,4,0,0,8,9,0,0,3,0,0,0,3,5,4,3,5,32,3,0,47,92,0,0,0,0,0,0,5,5,0,0,0,3,0,0,3,4,0,0,0,3,0,0,6,10,0,0,0,0,3,0,5,16,0,0,0,4,0,0,0,9,0,0,0,0,0,0,7,4,0,0,0,0,0,0,3,4,0,0,3,18,8,0,29,53,0,0,0,0,0,0,0,0,0,0,0,0,0,0,0,0,0,0,0,0,0,0,0,0,0,0,0,0,0,0,0,0,0,0,0,0,0,0,0,0,0,0,3,0,0,0,0,3,0,0,0,0,0,0,0,0,0,3,6,0,0,0,0,13,0,0,0,0,0,0,0,0,0,0,0,0,0,0,0,0
IARE504005,0,0,0,0,0,0,0,0,0,0,0,0,0,0,0,0,0,0,0,0,0,0,0,5,0,0,0,0,0,0,4,11,0,0,3,0,0,0,3,3,0,0,0,0,0,0,7,7,0,0,3,3,0,0,15,31,0,0,0,0,0,0,0,0,0,0,0,0,0,0,0,3,0,0,0,0,0,0,0,0,0,0,0,0,0,0,0,4,0,0,0,3,0,0,0,3,0,0,0,4,0,0,0,4,0,0,0,0,0,0,0,0,0,0,0,10,3,5,0,13,0,0,0,0,0,0,0,0,0,0,0,0,0,0,0,0,0,0,0,0,0,0,0,0,0,0,0,0,0,0,0,0,0,5,0,0,0,0,0,0,0,3,0,0,0,0,0,4,0,0,0,0,0,0,0,0,5,6,0,3,0,0,0,7,0,0,0,0,0,0,0,0,0,0,0,0,0,0,0,0
IARE504006,0,13,3,20,3,0,30,76,18,66,29,95,6,0,98,307,15,30,25,86,0,3,60,228,7,23,8,88,0,3,60,189,18,20,15,62,3,4,54,174,4,9,9,41,0,6,54,118,63,161,95,398,12,16,391,1138,0,0,0,0,0,0,10,7,0,0,0,7,0,3,11,21,0,3,3,14,8,0,14,47,0,4,3,5,3,0,6,21,5,3,14,8,3,3,10,49,0,0,3,0,0,0,8,17,0,0,0,0,0,5,13,22,3,9,27,46,16,14,70,186,0,0,0,6,4,0,0,6,4,24,3,16,3,0,0,47,50,122,31,46,6,7,13,268,28,76,30,36,5,3,8,191,19,53,20,37,0,0,4,131,18,34,41,19,4,6,7,120,3,8,6,3,4,0,3,29,121,314,128,157,18,14,44,793,0,0,0,0,0,0,18,18,0,0,0,0,0,0,32,32
IARE504007,0,0,0,6,0,0,21,26,0,9,3,19,0,0,15,52,7,11,8,37,0,0,24,81,4,8,6,38,0,0,35,92,6,7,14,19,0,4,22,69,4,5,4,19,0,0,19,54,22,31,29,142,9,5,141,371,0,0,0,0,0,0,0,0,0,0,0,0,0,0,5,5,0,0,0,0,0,0,0,0,0,0,0,0,0,0,5,3,0,0,0,0,0,0,0,7,0,0,0,0,0,0,0,3,0,0,0,0,0,0,0,0,0,0,0,0,3,0,10,21,0,0,0,0,0,0,0,3,0,3,0,0,0,0,0,10,9,17,4,3,0,0,4,33,4,15,8,10,0,0,0,35,9,17,12,10,0,4,0,56,4,12,15,7,4,0,0,42,0,0,11,5,0,0,3,16,29,66,51,36,3,3,7,197,0,0,0,0,0,0,4,4,0,0,0,0,0,0,5,5
IARE504008,0,0,0,0,0,0,6,9,0,0,0,9,0,0,7,27,0,5,5,13,0,0,21,40,0,0,3,13,6,0,15,37,0,0,0,7,0,0,13,24,0,0,3,9,0,3,3,14,4,10,11,46,9,9,72,160,0,0,0,0,0,0,3,5,0,0,0,0,0,0,0,0,0,0,0,6,0,3,0,11,0,0,0,8,3,0,9,18,0,0,0,3,0,0,0,6,0,3,0,0,4,0,0,8,0,0,5,0,0,0,3,3,0,3,6,16,12,0,21,55,0,0,0,4,0,0,0,4,0,0,0,0,0,0,0,0,0,10,0,0,0,0,0,10,0,4,0,0,0,0,0,6,3,5,0,4,0,0,0,8,0,0,3,3,0,0,0,11,0,0,5,0,0,0,0,0,5,18,8,12,0,0,0,43,0,0,0,0,0,0,0,0,0,0,0,0,0,0,0,0
IARE505001,18,189,124,590,156,27,211,1321,294,898,636,2062,146,61,553,4661,814,1435,922,1913,70,87,627,5864,360,730,566,1515,47,73,495,3779,207,387,431,1401,16,73,393,2906,179,355,397,1474,22,113,535,3075,1872,3989,3086,9124,593,450,3008,22123,0,0,0,5,0,0,9,11,0,0,5,22,17,3,4,56,3,3,21,55,13,7,13,119,7,9,20,29,0,6,9,75,5,9,20,21,3,0,4,59,0,3,13,10,0,0,10,41,0,0,3,0,0,0,9,23,15,33,80,147,36,14,55,383,4,0,20,215,134,26,40,432,37,283,206,606,136,42,54,1369,655,1793,814,1433,166,91,194,5141,946,2043,1027,1277,118,150,227,5784,419,884,696,880,85,169,149,3288,220,492,584,649,86,133,192,2352,143,429,451,398,60,145,599,2230,2411,5920,3805,5453,788,759,1452,20592,0,0,0,0,0,0,119,122,0,0,0,3,0,0,125,128
IARE505002,8,51,22,85,18,7,46,237,89,269,97,268,18,0,105,857,136,243,122,283,13,8,91,906,105,176,120,269,11,19,79,762,71,109,90,250,11,15,65,615,46,91,98,331,3,20,127,719,459,943,550,1515,89,70,526,4161,0,0,0,0,0,0,0,0,0,0,0,3,0,0,0,8,0,3,4,8,4,0,0,19,3,0,0,3,0,0,0,11,0,4,4,0,0,3,0,15,0,0,0,0,0,0,0,6,0,0,0,0,0,0,0,5,9,10,7,19,8,3,10,66,0,0,0,27,7,4,3,41,9,73,31,65,28,7,5,213,132,386,110,167,25,10,26,852,208,371,131,175,22,28,19,953,153,241,133,128,15,34,19,717,108,154,135,115,4,44,36,598,57,129,127,91,15,36,117,570,660,1354,665,762,106,152,241,3939,0,0,0,0,0,0,8,13,0,0,0,0,0,0,16,16
IARE505003,51,281,185,330,74,14,150,1080,574,1592,553,1167,62,59,420,4426,697,1493,553,1000,29,58,400,4230,397,867,502,829,44,57,305,2997,302,542,374,888,15,57,264,2444,243,538,494,1192,17,96,478,3060,2259,5318,2684,5486,306,337,2081,18468,0,0,0,4,0,0,0,7,0,0,4,9,0,0,3,27,3,13,0,24,9,0,4,58,5,4,3,14,0,4,3,35,3,3,3,10,0,0,6,30,0,7,7,3,0,0,3,17,0,0,5,0,0,3,0,12,17,32,25,69,8,11,30,191,0,0,14,82,50,12,16,174,50,422,180,280,83,19,44,1087,902,2081,589,692,75,48,134,4524,918,1665,587,545,49,97,143,4012,551,982,542,505,54,118,114,2875,318,579,483,390,68,130,152,2119,261,538,522,313,56,183,471,2348,3001,6276,2917,2803,440,615,1081,17143,0,0,0,0,0,0,53,53,0,0,0,0,0,0,62,62
IARE505004,22,195,136,280,64,17,164,885,429,1061,478,850,69,42,444,3371,451,740,411,651,35,37,374,2705,201,411,257,609,15,45,289,1824,125,233,233,566,16,40,225,1440,97,207,193,660,9,41,335,1542,1321,2845,1725,3675,272,227,1896,11968,0,0,0,4,0,0,0,9,0,0,6,10,6,0,4,24,0,6,4,36,8,5,11,67,3,11,7,8,0,0,4,40,5,4,10,3,5,0,7,38,0,5,12,9,0,0,8,34,6,4,5,0,0,0,9,23,13,34,39,77,19,13,42,232,0,0,8,57,43,3,14,139,42,263,135,251,63,14,49,817,534,1354,473,476,45,42,127,3056,456,920,375,364,30,53,98,2299,231,441,321,269,29,63,85,1427,116,263,263,204,30,75,95,1044,77,222,211,178,31,75,366,1156,1454,3458,1793,1796,282,328,830,9934,0,0,0,0,0,0,43,43,0,0,0,0,0,0,82,82
IARE505005,97,737,377,543,158,24,320,2258,1131,2307,854,1091,93,63,686,6223,1264,2027,757,1005,48,56,508,5666,896,1481,565,1070,33,75,405,4529,590,903,489,1067,22,75,327,3469,451,927,663,1421,23,110,458,4062,4428,8388,3731,6347,486,431,2816,26620,0,0,0,4,0,5,4,13,0,0,7,18,9,0,0,34,0,11,8,29,5,0,6,57,0,14,6,17,4,0,0,42,3,0,8,10,0,0,5,28,3,0,5,5,0,0,0,14,3,0,5,4,0,0,4,16,13,32,28,77,24,4,21,200,0,6,27,164,98,8,36,341,107,867,316,399,93,29,101,1908,1438,2600,638,606,69,74,242,5656,1426,2577,834,625,54,96,202,5818,893,1630,736,588,63,135,159,4216,507,920,697,469,64,159,175,3001,329,835,711,349,76,218,579,3103,4707,9435,3963,3210,523,708,1495,24040,0,0,0,0,0,0,64,64,0,0,0,0,0,0,127,128
IARE505006,43,405,196,855,162,34,381,2079,614,1853,728,2553,117,89,771,6727,945,1815,1021,2513,80,128,764,7270,602,1192,854,2218,63,135,589,5656,415,673,586,1865,40,114,424,4120,281,502,615,1847,30,130,778,4184,2899,6444,4005,12043,640,653,3864,30554,0,0,5,3,0,0,7,17,0,15,3,26,15,0,3,56,5,23,20,46,11,3,10,116,6,9,15,22,0,0,4,69,0,9,14,16,5,3,9,50,0,11,3,6,0,0,3,30,5,3,3,0,0,3,8,26,26,74,59,129,29,16,38,364,6,0,39,238,130,22,41,471,79,640,296,680,163,53,65,1978,1133,3001,1001,1429,145,96,217,7037,1267,2807,1227,1275,127,156,259,7117,768,1568,1119,1101,122,243,248,5169,409,848,848,809,92,228,241,3481,225,546,609,437,74,220,732,2843,3880,9418,5134,5971,853,1032,1809,28093,0,0,0,0,0,0,83,85,0,3,0,3,0,0,164,173
IARE505007,21,178,50,130,38,8,71,503,300,817,194,441,16,33,270,2077,463,776,268,466,18,27,245,2264,470,676,302,430,11,34,262,2190,451,597,282,482,20,49,225,2101,457,610,388,564,22,66,430,2538,2163,3656,1497,2553,167,225,1546,11807,0,0,0,0,0,0,0,0,0,4,0,3,0,0,5,12,8,6,4,12,4,0,0,30,0,12,4,0,0,0,3,22,0,0,4,3,0,0,0,14,3,6,3,4,0,0,0,20,0,0,0,0,0,0,9,10,12,26,20,31,5,3,18,112,0,0,7,48,29,8,9,99,13,290,56,113,30,14,26,554,462,1151,213,252,23,22,58,2187,656,1066,247,209,25,35,63,2303,617,924,332,221,28,59,61,2240,569,704,381,206,26,89,96,2080,449,721,420,147,20,109,430,2301,2763,4863,1654,1193,187,335,751,11758,0,0,0,0,0,0,38,38,0,0,0,0,0,0,62,62
IARE505008,45,394,288,835,191,44,268,2074,547,1457,874,1920,139,88,753,5778,1082,1934,1035,2179,85,109,847,7273,608,1094,855,1987,61,114,721,5432,326,624,576,1742,33,98,474,3869,273,508,568,2158,31,137,753,4430,2879,6007,4215,11071,707,614,4035,29521,0,0,0,10,7,0,8,23,0,3,4,32,10,0,6,64,0,14,24,59,16,4,12,133,8,7,7,50,11,5,13,97,5,12,16,25,0,0,9,78,8,10,6,11,0,4,13,50,6,12,5,4,0,4,7,35,27,62,68,191,53,11,71,488,0,4,27,267,174,26,70,562,66,584,310,709,187,59,96,2012,992,2329,933,1267,138,112,267,6044,1260,2567,1110,1292,141,180,294,6844,563,1326,994,1091,127,238,241,4578,316,706,680,784,89,184,280,3042,164,576,588,498,72,240,898,3040,3357,8093,4641,5912,930,1040,2143,26121,0,0,0,0,0,0,135,135,0,0,0,0,0,0,153,157
IARE505009,51,710,252,910,155,49,221,2354,593,1794,631,2587,97,74,528,6299,1080,2358,1202,3002,64,134,700,8540,1267,2332,1417,2900,48,173,755,8899,992,1707,1381,3202,42,171,595,8087,828,1618,1721,3674,56,276,1031,9214,4814,10527,6637,16646,676,891,3988,44175,0,0,0,6,0,0,5,11,0,0,0,19,0,0,0,22,7,9,12,26,6,4,6,59,3,17,5,14,7,0,6,60,6,8,11,15,0,0,5,52,6,3,0,6,0,3,0,18,3,7,0,0,0,0,0,16,22,45,34,81,17,9,23,229,3,3,43,350,166,34,51,649,93,904,336,610,131,57,81,2212,967,2877,929,1246,89,107,187,6404,1647,3773,1440,1463,136,233,278,8953,1418,2957,1836,1519,115,415,337,8602,989,1917,1789,1312,158,436,406,7001,574,1579,1536,875,178,552,1233,6521,5679,14009,7909,7372,966,1839,2577,40348,0,0,0,0,0,0,71,71,0,0,0,0,0,0,91,89
IARE505010,18,142,83,379,93,18,98,820,134,394,207,1168,64,28,244,2250,276,629,433,1219,32,46,293,2929,272,564,425,1176,22,57,276,2800,209,363,331,1119,16,61,263,2371,274,567,532,1391,17,104,447,3336,1183,2657,2031,6582,326,324,1706,14814,0,0,0,5,5,0,5,14,0,0,3,11,6,5,0,27,0,3,14,25,0,0,5,55,6,4,6,20,5,5,0,39,0,10,11,14,4,0,3,44,3,5,6,4,3,4,0,24,0,0,3,0,0,0,5,9,14,31,44,79,17,9,17,210,0,0,11,143,102,12,27,299,18,196,119,287,81,16,23,742,268,821,341,689,60,39,93,2317,465,1057,519,645,69,75,107,2943,342,732,549,607,63,135,110,2546,222,500,519,439,55,132,139,2009,204,584,601,350,47,173,593,2554,1523,3901,2664,3171,476,583,1098,13409,0,0,0,0,0,0,53,53,0,0,0,0,0,0,43,42
IARE505011,8,99,58,364,97,12,105,742,124,447,301,1165,91,34,327,2503,304,659,350,1053,40,53,339,2797,97,316,297,824,23,49,256,1860,66,130,148,615,17,32,159,1162,47,88,121,565,16,32,200,1066,656,1737,1279,4665,352,216,1490,10393,0,0,0,8,0,0,3,9,0,3,9,17,10,0,5,34,0,8,7,39,10,0,4,67,0,5,9,19,7,0,3,45,3,10,3,10,3,0,0,34,0,3,9,7,0,5,0,28,0,6,0,0,0,0,4,14,12,33,35,99,25,8,17,233,0,0,5,106,62,10,25,207,23,136,117,326,89,20,47,753,314,861,414,790,115,54,88,2646,381,863,497,614,66,71,121,2608,177,392,328,427,52,121,102,1601,87,174,201,297,46,61,97,962,37,151,148,138,20,64,192,750,1015,2590,1713,2682,439,397,673,9523,0,0,0,0,0,0,54,54,0,0,0,0,0,0,52,55
IARE505012,71,656,163,399,102,31,141,1564,715,1976,414,1003,48,40,356,4554,1193,2292,621,1021,44,68,398,5644,1219,1925,786,1147,37,96,419,5621,997,1485,704,1268,26,107,407,5007,1114,1920,1246,1807,49,195,855,7180,5306,10261,3954,6815,409,547,2680,29967,0,0,0,0,3,0,9,13,0,5,3,4,0,0,4,23,4,12,7,8,6,0,0,32,6,4,3,13,3,0,6,35,5,8,7,0,0,0,8,28,7,6,6,0,0,6,9,35,0,7,0,0,0,0,0,13,21,48,32,33,13,6,34,179,0,0,33,198,120,19,55,428,76,857,173,351,86,21,74,1639,1072,2581,435,476,52,38,107,4765,1558,3045,775,537,75,95,154,6240,1308,2412,982,661,71,207,190,5830,938,1597,1055,583,83,266,232,4762,742,1730,1440,508,102,416,1017,5956,5691,12220,4897,3317,589,1059,1835,29612,0,0,0,0,0,0,67,64,0,4,0,0,0,0,72,78
IARE505013,8,64,40,263,55,8,51,491,71,244,116,830,41,21,177,1510,156,356,210,777,29,33,214,1772,185,393,300,864,18,44,222,2019,198,304,288,896,8,51,242,1996,213,379,422,1081,16,83,355,2535,833,1745,1378,4785,218,241,1327,10524,0,0,0,4,3,0,3,10,0,0,0,13,3,0,4,26,0,6,8,18,3,0,3,43,6,0,6,9,0,3,0,26,0,9,14,6,4,0,4,37,0,4,6,4,0,0,0,18,0,0,0,5,0,0,0,13,11,28,41,53,15,5,17,165,0,0,8,83,56,6,14,178,10,123,66,176,41,16,19,445,153,441,194,432,40,26,39,1333,265,606,332,421,42,56,70,1792,300,600,382,458,51,82,75,1945,257,402,409,388,38,119,116,1712,174,505,466,239,46,139,390,1956,1158,2677,1860,2199,315,438,718,9363,0,0,0,0,0,0,28,28,0,0,0,0,0,0,27,31
IARE505014,184,1563,305,480,95,22,410,3056,2509,4941,860,1283,96,72,1304,11058,2649,3927,888,976,45,74,924,9494,2339,3423,805,859,22,101,729,8284,1899,2741,785,899,32,86,633,7074,2104,3209,1241,1077,21,168,1290,9105,11685,19807,4910,5739,411,534,5448,48531,0,0,0,14,4,0,0,25,0,14,3,20,4,0,5,43,14,32,9,19,3,5,0,80,9,15,9,9,3,0,0,41,10,9,3,6,0,0,3,43,3,4,9,3,0,0,4,20,4,8,0,0,0,0,6,16,41,76,37,70,19,11,19,263,0,4,32,215,117,19,39,431,227,1853,383,403,89,39,99,3099,2933,5650,933,676,64,72,258,10578,2801,4444,872,501,49,97,226,8989,2483,3739,1047,460,50,184,238,8203,1773,2570,1229,396,63,219,260,6515,1571,2914,1668,376,99,415,1135,8186,11794,21178,6162,3028,530,1051,2259,46003,0,0,0,0,0,0,132,132,0,8,0,0,0,0,327,328
IARE505015,11,176,142,1038,244,47,294,1956,185,645,593,3460,201,101,823,6015,328,859,970,3153,72,121,935,6437,355,743,1030,3086,60,141,852,6259,278,450,876,2715,44,120,673,5146,228,456,663,2667,32,194,965,5210,1383,3331,4298,16447,896,753,4788,31902,0,0,3,16,6,0,5,33,0,5,11,49,16,3,4,89,4,20,34,67,22,5,9,159,7,18,15,55,9,4,3,109,7,18,17,44,8,0,7,96,0,17,4,15,6,0,8,47,0,10,4,8,0,0,16,39,22,70,92,257,52,11,58,569,4,0,29,372,233,33,77,746,46,390,312,887,217,66,89,2000,452,1497,1098,2418,274,145,240,6121,673,1722,1360,2071,192,243,273,6543,516,1276,1373,1771,154,280,260,5633,328,727,963,1218,135,274,333,3977,191,586,702,616,96,265,1070,3527,2206,6202,5846,9355,1301,1300,2345,28546,0,0,0,0,0,0,150,150,0,0,0,4,0,0,164,165
IARE505016,5,38,30,278,44,8,66,470,39,177,143,1004,33,23,167,1584,96,269,233,856,23,26,192,1699,80,157,197,694,7,39,183,1358,61,109,144,587,9,34,138,1077,37,91,117,490,3,35,137,916,326,837,866,3987,172,169,943,7291,0,0,0,8,4,0,0,14,0,0,0,11,3,0,0,15,5,8,9,30,0,0,0,47,4,3,10,13,0,0,0,34,0,3,8,9,0,0,0,20,0,4,5,5,0,0,0,12,0,0,0,0,0,0,0,3,6,13,25,76,13,3,3,144,0,0,10,96,46,12,18,179,13,73,67,239,35,14,14,465,132,454,355,673,58,40,69,1778,185,412,350,485,43,56,69,1603,102,256,287,345,31,77,67,1162,68,157,242,204,31,56,60,813,35,114,133,103,13,43,121,579,538,1472,1448,2145,263,304,416,6584,0,0,0,0,0,0,20,20,0,0,0,0,0,0,34,34
IARE505017,79,643,239,369,101,16,257,1705,1159,2521,558,1055,69,48,635,6050,1184,2009,524,823,31,57,468,5100,857,1303,507,673,19,58,402,3822,622,964,462,769,14,68,357,3267,621,1069,702,972,22,109,862,4358,4524,8505,3021,4788,340,359,3080,24620,0,0,0,8,0,0,6,20,0,10,3,17,0,4,6,31,5,21,13,17,3,0,11,69,0,8,4,13,0,0,0,31,5,11,12,12,0,0,12,54,5,8,8,3,0,0,7,24,0,3,0,0,0,0,18,26,24,57,44,76,11,3,55,266,0,0,26,123,69,7,27,255,125,845,280,392,104,13,69,1827,1471,2987,570,567,52,44,144,5843,1354,2250,597,451,49,64,129,4880,861,1512,598,421,47,115,117,3669,654,1021,619,362,53,125,178,3016,487,943,759,293,49,216,1154,3911,4949,9560,3442,2599,424,593,1825,23401,0,0,0,0,0,0,55,55,0,5,0,0,0,0,119,125
IARE505018,175,1263,512,1005,214,70,482,3719,2505,5625,1833,3642,182,147,1657,15587,2851,5473,2015,3068,132,178,1526,15242,2011,3731,1671,2534,75,213,1098,11329,1327,2538,1331,2528,64,200,845,8835,1292,2574,1917,3371,67,306,1737,11269,10160,21211,9322,16452,890,1138,7570,66731,0,0,0,7,4,0,3,17,0,9,8,22,8,5,3,61,10,42,21,60,11,4,13,160,12,24,13,41,0,3,15,119,11,11,21,23,0,9,10,90,5,13,19,21,0,6,8,68,3,12,9,9,0,0,9,36,48,107,90,174,35,29,61,540,3,5,46,322,175,34,70,661,232,1728,586,932,222,69,182,3953,3503,7802,2117,2005,217,214,583,16437,3523,6712,2179,1669,194,305,480,15057,2190,4161,2032,1451,174,472,426,10905,1403,2508,1761,1224,146,453,501,7993,1057,2643,2139,1032,188,656,1935,9660,11909,25558,10873,8633,1322,2199,4177,64664,0,0,0,0,0,0,182,183,0,3,0,0,0,0,266,270
IARE505019,29,376,220,1064,241,56,332,2317,491,1469,975,3628,212,116,934,7828,784,1666,1288,3235,126,137,952,8193,459,1089,978,2815,80,147,851,6405,309,694,781,2491,57,136,625,5093,272,602,643,2154,36,157,850,4708,2342,5896,4904,15734,965,782,4799,35434,0,0,0,18,11,3,11,46,0,8,0,51,12,0,16,89,4,27,40,137,19,3,18,254,10,16,26,56,4,5,19,134,8,15,23,37,4,6,11,117,4,18,13,25,4,8,13,84,0,7,15,12,0,3,8,48,28,93,123,342,55,24,104,765,0,4,23,323,183,45,73,655,80,590,378,969,195,82,126,2409,931,2693,1421,2292,243,181,355,8104,1075,2464,1556,1894,223,274,350,7830,606,1490,1307,1554,165,343,309,5779,386,830,956,1070,102,306,363,4003,232,636,636,553,87,225,885,3255,3312,8697,6283,8653,1188,1454,2448,32033,0,0,0,0,4,0,158,167,0,0,0,0,0,0,171,182
IARE505020,42,376,206,844,174,40,269,1951,348,1235,636,2563,128,83,595,5586,692,1559,1029,2560,72,130,620,6663,440,1023,891,2228,54,145,604,5394,245,542,593,1954,41,104,454,3929,179,422,560,1955,26,132,644,3915,1945,5156,3937,12369,675,655,3366,28105,0,0,0,6,3,3,5,20,0,5,5,22,7,3,0,46,4,20,17,41,13,4,12,98,3,9,8,13,0,3,4,40,4,4,13,17,4,0,3,49,0,7,12,14,0,0,9,48,0,4,0,0,0,4,16,29,14,48,50,116,27,22,46,326,5,0,41,277,169,39,81,610,61,550,344,689,162,75,97,1984,706,2266,1099,1557,166,129,256,6185,958,2377,1330,1458,159,221,329,6832,527,1358,1165,1254,156,278,319,5058,261,631,815,804,125,232,260,3120,138,499,592,438,76,239,808,2792,2650,7691,5385,6484,1006,1210,2151,26585,0,0,0,0,0,0,78,78,0,0,0,0,0,0,91,96
IARE505021,13,182,132,593,129,30,197,1276,181,638,452,2118,129,80,518,4110,302,754,610,1927,52,107,552,4303,339,611,721,1942,44,83,529,4270,212,360,466,1537,27,71,381,3047,155,290,442,1266,22,87,454,2699,1194,2837,2841,9573,532,475,2767,20226,0,0,0,11,5,0,3,12,0,0,4,13,0,0,0,17,5,9,18,43,10,0,4,92,0,9,8,24,8,0,3,59,3,8,8,16,3,0,0,44,0,5,9,6,0,0,8,17,0,0,0,0,0,0,4,7,17,26,44,109,32,6,26,259,0,0,14,181,150,26,45,422,38,334,252,566,147,46,80,1457,401,1338,902,1389,127,99,168,4423,522,1351,1001,1122,118,156,211,4476,401,1004,1047,1071,107,217,209,4063,209,510,687,655,70,146,181,2465,139,338,423,331,55,152,585,2028,1708,4869,4328,5326,773,845,1489,19337,0,0,0,0,0,0,94,91,0,0,0,4,0,0,105,108
IARE506001,0,19,4,82,13,4,102,230,35,119,54,451,23,9,493,1182,27,85,71,404,24,17,460,1083,18,49,62,287,12,7,349,789,15,20,37,184,6,9,236,511,8,7,10,30,0,0,45,103,111,291,244,1450,93,41,1728,3958,0,0,0,0,5,0,4,13,0,0,0,11,7,0,0,18,0,4,7,17,6,4,6,43,0,3,6,16,5,0,8,44,0,5,3,0,5,0,0,16,0,0,0,3,0,0,5,5,0,0,0,0,0,0,0,4,0,9,23,46,25,9,29,134,0,0,0,7,9,0,0,14,5,21,11,32,12,3,0,85,39,123,66,106,14,12,16,377,28,61,48,100,6,9,20,276,10,38,43,47,3,10,10,161,3,22,21,23,0,3,7,91,0,5,5,4,0,0,10,23,90,277,198,317,46,32,74,1037,0,0,0,0,0,0,21,21,0,0,0,0,0,0,53,53
IARE506002,0,15,5,86,8,7,81,203,37,93,52,443,14,6,237,882,29,93,78,472,15,13,239,939,22,54,62,300,8,7,201,653,13,32,52,207,3,9,140,458,0,12,15,100,0,9,65,201,104,304,264,1613,57,48,1012,3407,0,0,0,6,3,0,9,11,0,0,3,4,3,4,3,15,0,3,5,14,4,4,3,24,0,0,8,18,5,0,0,26,0,5,0,6,0,0,0,15,0,0,4,3,0,0,0,7,0,0,0,0,0,0,0,4,0,14,15,48,13,8,16,116,0,0,0,12,5,0,4,24,0,29,9,42,16,4,7,105,53,220,102,162,22,8,17,581,48,148,90,144,13,9,20,477,26,60,69,79,8,12,23,282,21,32,45,55,7,10,25,192,13,20,5,22,0,9,28,99,170,518,317,515,67,52,127,1756,0,0,0,0,0,0,26,26,0,0,0,0,0,0,37,37
IARE506003,3,12,0,133,28,0,100,282,64,152,67,647,21,10,291,1248,91,172,166,660,16,17,330,1450,54,117,119,462,8,17,227,1005,15,44,83,266,5,3,153,570,11,9,11,81,0,6,61,176,234,512,446,2280,107,65,1241,4890,0,0,0,0,0,5,9,18,0,0,0,9,0,0,0,15,3,0,5,37,5,0,12,66,3,4,3,30,0,4,6,50,3,9,7,10,3,5,8,41,0,0,3,0,0,0,5,11,0,0,0,0,0,0,3,4,8,20,26,93,18,3,42,209,0,0,3,16,23,5,0,45,12,49,24,70,21,4,8,182,134,359,144,239,38,17,33,960,125,326,167,222,36,26,28,927,83,150,123,150,25,31,33,588,28,55,57,55,16,22,20,239,9,15,23,13,5,6,15,71,379,953,535,759,152,105,134,3012,0,0,0,0,0,0,50,50,0,0,0,0,0,0,67,66
IARE506004,3,6,3,100,17,7,91,231,37,107,79,599,18,15,289,1143,56,124,133,597,13,19,269,1207,37,49,86,392,6,10,220,799,26,38,68,286,5,15,198,636,3,9,22,89,3,4,78,209,161,337,396,2088,81,74,1217,4348,0,0,0,0,5,0,14,20,0,4,3,15,11,0,6,32,0,10,11,50,17,4,14,101,3,5,16,31,11,0,17,82,3,5,14,21,11,5,18,78,4,13,9,8,4,0,14,54,5,5,0,0,0,0,20,27,12,42,56,128,53,12,102,401,0,0,0,11,15,0,3,35,3,47,15,44,19,3,11,146,80,284,132,217,37,19,43,806,75,248,134,170,30,25,25,704,36,100,82,89,9,22,22,365,30,47,52,61,3,9,15,223,6,9,10,13,5,4,17,63,222,740,422,609,116,83,144,2338,0,0,0,0,0,0,45,45,0,0,0,0,0,0,64,67
IARE506005,0,0,0,29,10,0,25,62,6,27,17,173,6,3,165,399,11,34,44,208,6,9,165,469,6,23,35,151,3,3,113,334,3,16,16,96,4,3,85,225,3,0,3,30,0,3,39,82,34,104,113,686,29,20,622,1611,0,0,0,0,5,0,0,5,0,0,0,3,3,0,0,9,0,0,0,8,0,0,0,16,0,0,5,7,0,0,0,12,0,0,3,13,0,0,0,17,0,4,0,7,3,0,0,14,0,0,0,0,0,0,5,9,0,9,12,44,15,4,9,85,0,0,0,5,0,0,0,4,0,4,8,13,7,0,0,37,22,52,25,57,8,5,4,180,25,72,24,62,6,0,11,206,13,41,31,37,3,3,11,138,7,9,27,17,0,4,8,72,0,3,3,0,0,0,12,29,62,189,123,204,27,15,48,665,0,0,0,0,0,0,15,15,0,0,0,0,0,0,24,24
IARE507001,11,28,24,282,58,10,71,472,67,171,121,804,42,19,194,1412,88,227,170,709,34,21,152,1404,113,259,213,734,22,31,181,1557,99,240,262,735,28,43,207,1606,165,330,353,892,16,93,459,2317,530,1257,1144,4258,300,222,1337,9045,0,0,0,3,9,0,10,18,3,0,0,13,3,0,6,22,3,0,5,18,10,4,4,40,0,5,3,17,0,0,0,34,0,8,10,16,0,0,7,55,0,8,12,17,0,0,9,39,0,4,3,7,0,3,13,24,6,23,37,87,24,9,47,228,0,0,9,93,69,15,17,203,16,77,47,197,87,9,20,454,122,383,201,499,62,26,40,1332,161,480,300,440,48,37,58,1523,194,463,355,467,56,93,60,1685,208,400,396,384,51,113,112,1669,171,462,486,273,41,110,509,2042,867,2267,1793,2366,409,391,813,8911,0,0,0,0,0,0,42,42,0,0,0,0,0,0,31,30
IARE507002,0,11,13,102,24,6,82,241,17,74,31,368,21,11,251,775,31,92,54,362,6,9,259,818,23,86,87,382,13,17,298,904,50,93,112,538,12,30,310,1140,54,138,207,666,18,61,490,1626,180,495,510,2447,121,127,1759,5638,0,0,0,0,0,0,4,6,0,0,0,8,0,0,4,9,0,0,0,6,0,0,4,20,0,0,3,4,0,6,3,9,0,5,8,8,3,0,10,36,0,6,3,5,0,0,6,25,0,4,0,7,0,0,14,21,4,11,15,44,6,6,41,128,0,0,0,34,27,0,19,83,5,35,12,71,24,10,14,168,56,183,90,178,37,14,19,571,65,224,117,233,35,19,42,728,58,195,162,214,35,28,46,748,73,161,218,230,32,50,74,844,91,171,268,163,24,69,280,1071,353,972,868,1124,215,188,493,4212,0,0,0,0,0,0,37,37,0,0,0,0,0,0,45,45
IARE507003,4,29,22,236,77,10,73,461,62,227,116,679,65,18,214,1380,103,204,171,659,20,28,190,1380,113,214,156,619,24,22,208,1364,103,191,165,645,14,35,173,1326,103,228,223,796,15,51,366,1768,487,1094,861,3695,252,169,1272,7835,0,0,0,11,5,0,4,22,0,0,4,21,10,0,0,33,5,4,4,17,9,0,5,43,3,9,0,15,0,0,8,31,0,9,0,8,4,4,6,33,3,5,9,9,5,0,3,29,6,4,4,4,0,4,7,27,9,29,17,79,29,14,33,215,0,0,8,105,43,6,13,182,9,89,29,276,55,12,12,484,129,415,182,457,75,24,52,1336,151,404,217,415,38,51,55,1327,155,333,235,410,40,63,65,1295,112,258,275,327,27,87,92,1192,105,274,318,219,46,75,327,1358,660,1771,1254,2222,319,325,620,7172,0,0,0,0,0,0,39,39,0,0,0,0,0,0,55,54
IARE507004,0,15,12,249,48,8,46,379,52,202,124,711,45,23,207,1353,104,315,216,915,21,28,235,1830,130,333,251,859,26,53,261,1904,96,287,267,778,13,46,218,1704,183,438,456,1093,22,77,414,2685,560,1587,1327,4659,237,240,1457,10065,0,0,0,0,0,0,0,6,0,0,0,7,0,0,0,13,7,0,0,12,4,0,0,24,5,3,6,11,0,0,3,29,4,0,9,12,0,0,0,26,3,0,0,3,0,0,0,8,0,0,0,4,0,0,6,11,18,16,13,49,11,5,15,122,0,0,6,83,55,9,38,191,9,60,49,153,52,17,17,348,122,427,234,427,38,37,73,1354,221,725,362,523,48,66,75,2011,236,574,414,505,56,87,78,1939,166,411,406,392,52,94,121,1651,170,489,476,284,51,142,446,2068,925,2687,1935,2371,357,442,841,9557,0,0,0,0,0,0,47,50,0,0,0,0,0,0,29,29
IARE507005,0,7,4,60,7,0,35,117,16,34,16,168,9,0,105,352,0,53,24,144,7,0,95,321,17,33,36,124,8,11,109,336,6,22,24,134,7,10,113,327,14,11,19,115,3,10,159,335,62,161,126,758,46,38,642,1831,0,0,0,0,0,0,6,5,0,0,0,5,0,0,0,11,0,0,0,0,6,0,5,12,0,0,0,6,0,0,6,10,0,0,3,5,0,0,0,5,0,0,4,0,0,0,3,6,0,0,3,0,0,0,3,7,3,0,7,17,7,0,15,53,0,0,0,21,0,0,6,29,0,13,6,33,16,0,3,66,25,82,27,66,19,0,3,228,19,86,28,68,12,8,20,242,23,61,49,53,14,15,18,225,14,44,54,54,8,17,20,208,9,28,52,26,0,18,78,210,86,316,215,319,70,63,153,1218,0,0,0,0,0,0,19,17,0,0,0,0,0,0,13,13
IARE507006,0,20,19,207,50,5,50,353,31,134,73,667,37,13,130,1079,52,180,129,777,16,30,162,1346,55,142,170,709,6,24,167,1279,59,125,168,629,12,32,173,1203,73,150,153,608,13,40,236,1271,263,748,712,3682,201,151,980,6741,0,0,0,5,3,0,4,11,0,0,3,4,0,0,0,16,0,3,0,18,0,0,4,23,4,3,4,16,0,0,0,28,0,4,3,6,0,0,0,24,0,6,0,0,0,0,0,9,0,0,5,7,0,0,5,9,0,15,13,57,8,4,15,124,0,0,3,108,57,4,20,189,10,48,26,180,43,9,9,320,71,286,159,421,65,22,30,1064,112,361,225,463,52,46,48,1310,100,296,221,407,32,70,49,1172,91,202,248,312,42,63,55,1004,69,193,211,175,24,61,225,945,446,1381,1091,2064,323,270,430,6013,0,0,0,0,0,0,28,28,0,0,0,0,0,0,30,30
IARE507007,0,8,4,50,11,3,31,110,4,33,13,130,6,3,39,234,3,50,31,130,7,9,56,289,5,21,24,119,4,9,76,261,8,21,23,123,6,11,93,278,5,14,36,132,5,10,133,332,28,153,133,700,43,46,447,1546,0,0,0,0,0,0,0,4,0,0,0,0,0,0,0,7,0,0,0,3,0,0,0,11,0,0,0,5,0,0,0,7,0,0,4,6,0,0,0,4,0,4,4,5,0,5,0,13,0,0,0,0,0,0,0,4,0,3,7,17,5,8,14,51,0,0,0,12,0,0,4,17,0,17,9,20,9,0,0,56,17,97,40,70,7,8,0,250,22,113,40,71,10,14,10,283,15,72,63,60,16,12,11,243,17,50,68,57,5,16,16,228,9,55,61,36,0,21,64,248,79,408,276,322,54,68,114,1317,0,0,0,0,0,0,16,16,0,0,0,0,0,0,20,20
IARE507008,0,14,4,36,8,0,20,80,0,46,17,125,10,3,36,233,8,52,26,115,8,5,54,266,3,39,28,88,3,14,60,237,9,27,36,105,0,6,89,280,7,16,40,98,6,13,107,291,34,190,152,589,43,43,378,1428,0,0,0,0,0,0,6,10,0,0,0,3,0,0,0,0,0,0,3,8,0,0,7,17,0,0,0,3,0,0,0,9,0,0,0,0,0,0,7,6,0,0,0,0,0,0,9,11,0,0,0,0,0,0,7,6,0,4,7,20,9,0,30,59,0,0,0,3,0,0,7,16,3,23,3,23,7,0,0,62,17,108,29,69,10,0,5,244,25,111,40,67,13,7,7,267,14,68,41,51,12,13,15,215,12,56,50,43,0,8,26,191,10,37,48,37,4,8,58,193,77,402,214,289,49,41,114,1190,0,0,0,0,0,0,14,14,0,0,0,0,0,0,12,12
IARE507009,12,111,86,607,142,21,196,1173,75,368,272,1790,98,48,476,3121,187,440,437,1770,53,63,576,3524,217,444,532,1965,38,77,600,3879,230,437,616,2099,41,89,524,4041,319,715,1000,3224,49,223,1281,6816,1039,2522,2959,11650,568,533,3815,23095,0,0,4,11,10,0,3,30,0,6,4,26,8,0,9,55,0,5,14,58,3,0,7,94,0,15,8,48,3,4,9,84,0,7,11,33,6,0,4,62,9,7,13,17,0,4,5,53,0,3,4,9,0,6,10,27,12,41,58,203,27,19,40,406,0,0,21,235,108,35,54,450,23,205,166,546,147,40,67,1199,235,880,571,1225,152,104,142,3306,347,1014,761,1181,133,148,178,3760,371,881,851,1180,98,185,191,3752,303,651,922,1024,115,232,300,3553,269,791,1012,779,137,334,1506,4825,1557,4427,4292,6170,897,1074,2440,20850,0,0,0,0,0,0,101,101,0,0,0,0,0,0,125,129
IARE507010,0,12,5,116,28,0,39,195,14,83,41,278,24,14,96,547,47,113,74,314,13,18,125,695,57,147,82,377,10,21,185,879,71,161,132,458,19,37,172,1038,116,222,198,501,10,47,349,1435,296,732,520,2091,132,142,1033,4947,0,0,0,4,0,0,7,10,0,0,0,3,4,0,0,7,0,0,6,7,3,0,0,15,0,4,3,17,0,0,4,21,0,0,0,6,4,0,3,19,0,0,3,5,0,0,0,13,0,4,0,0,0,0,7,16,0,11,12,45,12,3,20,101,0,0,3,31,40,3,19,98,3,27,14,81,30,9,3,162,57,166,79,183,37,11,27,558,99,231,129,197,36,22,36,749,107,220,168,224,34,34,43,825,100,242,212,220,29,61,69,924,100,267,273,155,29,58,247,1124,463,1152,874,1090,220,193,450,4448,0,0,0,0,0,0,49,49,0,0,0,0,0,0,25,31
IARE507011,0,16,5,90,14,4,52,182,10,66,45,317,9,14,131,591,18,70,66,339,8,10,127,635,18,85,98,447,9,19,204,872,32,72,101,471,7,26,195,902,28,88,148,545,8,37,304,1171,105,393,473,2228,78,113,1075,4464,0,0,0,0,0,0,3,5,0,0,0,0,5,0,0,6,0,0,0,11,4,0,0,16,0,0,0,0,0,0,3,16,0,0,5,12,0,0,10,16,0,0,0,4,3,0,5,15,0,0,0,0,0,0,3,8,0,4,13,24,14,0,21,86,0,0,0,29,22,3,25,84,0,27,20,53,22,7,11,138,52,166,81,168,26,10,30,536,52,201,112,173,13,19,37,606,53,176,145,183,11,43,47,650,53,131,180,161,29,43,62,640,39,109,157,125,22,50,193,701,249,814,699,888,148,171,397,3357,0,0,0,0,0,0,31,31,0,0,0,0,0,0,21,22
IARE507012,0,8,4,111,25,5,34,194,12,35,29,336,18,9,94,526,14,33,56,355,14,14,134,614,18,51,80,350,8,12,130,650,18,46,61,406,9,14,135,689,32,77,106,440,4,37,258,952,94,253,339,2016,106,92,824,3731,0,0,0,5,0,0,3,10,0,0,0,8,3,0,0,12,0,0,4,13,3,0,0,23,0,0,3,0,0,0,0,12,0,0,3,0,0,0,5,17,0,3,6,4,0,0,5,16,0,0,0,4,0,0,4,5,5,8,8,32,14,6,17,88,0,0,7,47,26,3,17,92,5,16,12,89,32,6,10,168,26,110,77,250,28,15,35,534,46,144,118,251,25,22,37,641,38,109,111,210,19,34,43,567,31,65,107,177,24,32,43,483,29,98,140,89,28,47,254,684,171,545,572,1106,176,159,437,3168,0,0,0,0,0,0,45,49,0,0,0,0,0,0,18,18
IARE507013,0,16,8,95,25,4,46,189,13,78,27,256,10,4,109,499,12,76,43,205,9,5,128,477,19,60,64,197,8,10,114,475,19,61,52,230,13,16,114,505,18,54,78,247,7,21,232,657,90,332,270,1260,86,63,806,2909,0,0,0,3,3,0,4,9,0,0,0,4,4,0,0,10,0,0,0,6,0,4,0,10,0,0,0,3,0,0,3,9,0,0,0,8,4,0,3,19,0,5,0,3,0,0,3,12,0,3,0,0,0,0,8,6,0,11,4,27,12,3,21,75,0,0,0,25,13,5,13,48,6,43,13,60,27,5,14,166,33,142,59,132,25,10,21,426,35,147,73,136,17,22,18,449,51,99,76,101,17,15,27,396,38,107,101,127,18,13,37,439,28,84,101,79,12,27,185,509,183,626,429,662,123,99,316,2432,0,0,0,0,0,0,34,34,0,0,0,0,0,0,30,35
IARE507014,0,11,0,42,10,0,32,94,3,18,15,115,14,0,54,225,14,32,26,84,4,6,54,221,16,23,16,113,6,7,61,232,17,21,26,127,3,8,64,270,13,29,26,125,0,18,103,321,67,135,105,621,49,45,393,1414,0,0,0,0,0,0,3,5,0,0,0,4,0,0,0,9,0,0,0,6,4,0,4,12,0,0,4,3,4,0,0,10,0,0,0,6,0,0,0,10,0,0,5,4,6,0,8,18,0,0,0,0,0,0,4,9,0,6,7,23,7,0,19,62,0,0,0,6,10,0,4,22,4,10,12,28,18,0,5,78,17,41,23,56,10,4,13,167,37,52,38,65,10,10,12,208,16,45,35,72,9,12,18,208,18,32,56,42,11,5,18,186,16,42,43,42,6,13,81,240,103,223,204,317,73,44,144,1118,0,0,0,0,0,0,15,15,0,0,0,0,0,0,20,20
IARE507015,0,48,41,488,114,19,123,829,80,342,209,1499,73,31,344,2580,170,536,373,1703,53,68,471,3372,199,547,424,1670,34,77,568,3520,174,433,412,1646,27,75,465,3225,255,543,573,1623,26,151,855,4020,883,2442,2031,8751,435,427,3004,17980,0,0,0,14,5,0,6,16,0,0,0,18,5,0,3,31,0,7,16,37,6,0,6,69,5,11,10,23,4,5,8,62,0,9,4,21,0,3,9,48,3,6,8,15,3,3,6,42,4,4,10,3,0,0,8,28,11,36,44,126,32,14,35,300,3,0,18,225,113,17,43,422,14,85,66,397,116,27,25,732,192,792,391,986,132,70,92,2647,381,1164,593,1046,122,116,155,3573,300,966,606,925,114,174,135,3209,300,642,642,718,83,144,204,2732,252,650,691,402,73,176,653,2880,1441,4298,3009,4696,744,722,1304,16209,0,0,0,4,0,0,90,97,0,0,0,0,0,0,84,86
IARE508001,0,8,3,15,5,0,22,58,10,23,11,38,0,0,55,140,4,13,8,28,3,0,44,109,9,3,6,49,0,0,47,117,7,10,6,56,0,0,57,135,9,9,13,42,0,0,51,121,34,58,49,241,12,9,304,709,0,0,0,0,0,0,7,8,0,0,0,4,5,0,5,10,0,3,0,11,7,0,7,31,6,0,7,11,6,0,5,33,0,0,4,14,5,0,5,28,3,0,0,6,0,3,4,18,0,0,0,0,0,0,7,14,8,5,21,44,20,4,40,146,0,0,0,0,0,0,4,6,0,20,0,0,6,0,0,30,10,42,11,17,3,0,0,88,14,24,5,8,0,0,0,54,9,12,11,11,0,3,3,55,6,15,11,14,0,4,5,54,8,10,16,7,0,4,9,45,47,123,56,58,12,12,19,321,0,0,0,0,0,0,22,22,0,0,0,0,0,0,31,33
IARE508003,0,0,0,3,0,0,6,4,0,0,0,11,0,0,0,20,0,0,0,14,0,7,3,25,0,0,0,11,0,3,5,21,0,0,0,0,0,0,7,9,0,0,0,0,0,0,0,4,5,7,6,43,3,7,20,92,0,0,0,0,0,0,0,0,0,0,0,0,0,4,0,5,0,0,0,10,0,0,4,17,0,0,4,4,5,11,4,19,0,0,0,0,3,8,0,13,0,0,0,3,0,0,0,9,0,0,0,0,0,0,5,5,0,3,4,25,8,18,10,76,0,0,0,0,0,0,0,0,0,0,0,0,0,0,0,4,0,6,0,0,0,0,0,9,0,0,0,0,0,0,0,3,3,0,0,0,0,0,0,3,0,4,0,0,0,0,0,5,0,0,0,0,0,0,0,0,4,11,0,0,0,0,0,21,0,0,0,0,0,0,0,0,0,0,0,0,0,0,0,0
IARE508005,0,0,0,4,0,4,8,17,4,9,3,29,3,3,13,62,3,3,8,20,0,5,13,45,5,10,0,11,3,0,9,39,4,0,0,17,0,0,18,34,0,0,0,3,0,0,3,11,12,21,11,74,4,12,83,229,0,0,0,0,0,0,5,5,0,0,0,0,0,0,9,7,0,0,3,4,4,0,4,16,0,0,0,13,4,0,4,26,0,3,5,4,4,0,5,22,0,0,0,0,0,0,0,6,0,0,0,0,0,0,0,3,0,6,7,27,11,9,31,97,0,0,0,3,0,0,0,3,0,10,0,5,0,0,0,16,11,29,3,4,0,0,4,50,11,7,4,4,0,0,0,34,3,3,0,3,0,0,3,19,12,6,4,0,4,3,0,19,0,0,4,0,0,0,0,5,38,59,13,18,3,3,9,148,0,0,0,0,0,0,0,0,0,0,0,0,0,0,6,6
IARE508006,0,0,4,9,0,0,8,19,0,7,3,16,0,0,29,57,4,3,3,21,0,0,20,46,0,5,3,16,0,0,18,40,0,5,4,9,0,0,19,32,3,0,0,6,0,0,10,20,8,12,10,77,10,4,123,245,0,0,0,0,3,0,9,10,0,0,0,5,0,0,6,13,0,0,0,7,5,0,10,21,0,0,0,3,4,0,11,19,0,0,0,4,4,0,9,16,0,0,0,0,3,0,4,4,0,0,0,0,0,0,7,7,0,0,0,19,15,0,57,92,0,0,0,0,0,0,0,0,0,6,0,3,0,0,0,14,3,13,0,8,0,0,0,26,8,4,3,3,0,0,0,16,0,6,0,3,0,0,0,12,0,0,5,5,0,0,0,14,0,0,3,0,0,0,0,3,11,37,14,15,0,0,5,84,0,0,0,0,0,0,7,7,0,0,0,0,0,0,3,3
IARE594994,0,12,10,43,11,4,135,204,23,81,37,131,8,4,402,676,17,53,33,132,10,3,529,786,17,28,21,113,6,7,525,712,16,24,25,114,0,9,343,533,11,27,28,115,0,7,218,411,89,227,143,662,39,26,2194,3376,0,0,0,0,0,0,20,23,0,0,3,6,0,0,32,36,0,0,0,4,0,0,96,105,0,4,0,0,0,0,120,133,0,0,0,3,0,0,98,102,0,0,3,0,0,0,51,56,0,0,0,0,0,0,36,38,3,3,4,15,6,0,460,495,0,0,0,3,4,0,20,34,0,40,7,24,12,0,26,108,53,141,45,57,16,0,74,384,27,70,43,66,4,8,95,317,16,32,28,43,4,5,75,200,21,34,45,46,4,19,47,213,16,13,20,25,0,8,49,132,134,333,182,268,45,38,392,1385,0,0,0,0,0,0,13,13,0,0,0,0,0,0,48,48
IARE597997,0,4,0,7,0,0,10,18,0,9,5,27,0,6,40,82,0,10,6,39,0,4,74,135,3,10,3,15,0,0,47,83,0,6,0,7,0,3,20,47,0,0,3,0,0,0,3,7,7,36,24,100,3,8,210,378,0,0,0,0,0,0,0,0,0,0,0,0,0,0,0,0,0,0,0,0,0,0,0,0,0,0,0,0,0,0,0,0,0,0,0,0,0,0,0,0,0,0,0,0,0,0,0,0,0,0,0,0,0,0,0,0,0,0,0,0,0,0,0,3,0,0,0,0,0,0,0,0,0,0,0,4,0,0,0,4,0,4,4,3,0,0,0,10,0,0,0,0,0,0,0,4,0,0,4,0,0,0,0,0,0,0,0,0,0,0,0,0,0,0,0,0,0,0,0,3,0,9,5,3,3,0,0,24,0,0,0,0,0,0,0,0,0,0,0,0,0,0,5,5
