LGA_CODE_2021,C11_F_CL_Tot_15_19,C11_F_CL_Tot_20_24,C11_F_CL_Tot_25_34,C11_F_CL_Tot_35_44,C11_F_CL_Tot_45_54,C11_F_CL_Tot_55_64,C11_F_CL_Tot_65_74,C11_F_CL_Tot_75_84,C11_F_CL_Tot_85over,C11_F_CL_Tot_Tot,C11_F_LE_ID_15_19,C11_F_LE_ID_20_24,C11_F_LE_ID_25_34,C11_F_LE_ID_35_44,C11_F_LE_ID_45_54,C11_F_LE_ID_55_64,C11_F_LE_ID_65_74,C11_F_LE_ID_75_84,C11_F_LE_ID_85over,C11_F_LE_ID_Tot,C11_F_LE_NS_15_19,C11_F_LE_NS_20_24,C11_F_LE_NS_25_34,C11_F_LE_NS_35_44,C11_F_LE_NS_45_54,C11_F_LE_NS_55_64,C11_F_LE_NS_65_74,C11_F_LE_NS_75_84,C11_F_LE_NS_85over,C11_F_LE_NS_Tot,C11_F_Tot_15_19_yrs,C11_F_Tot_20_24_yrs,C11_F_Tot_25_34_yrs,C11_F_Tot_35_44_yrs,C11_F_Tot_45_54_yrs,C11_F_Tot_55_64_yrs,C11_F_Tot_65_74_yrs,C11_F_Tot_75_84_yrs,C11_F_Tot_85over,C11_F_Tot_Tot,C16_F_Post_Deg_15_19_yrs,C16_F_Post_Deg_20_24_yrs,C16_F_Post_Deg_25_34_yrs,C16_F_Post_Deg_35_44_yrs,C16_F_Post_Deg_45_54_yrs,C16_F_Post_Deg_55_64_yrs,C16_F_Post_Deg_65_74_yrs,C16_F_Post_Deg_75_84_yrs,C16_F_Post_Deg_85over,C16_F_Post_Deg_Tot,C16_F_GrDip_GrCe_15_19,C16_F_GrDip_GrCe_20_24,C16_F_GrDip_GrCe_25_34,C16_F_GrDip_GrCe_35_44,C16_F_GrDip_GrCe_45_54,C16_F_GrDip_GrCe_55_64,C16_F_GrDip_GrCe_65_74,C16_F_GrDip_GrCe_75_84,C16_F_GrDip_GrCe_85over,C16_F_GrDip_GrCe_Tot,C16_F_BD_15_19,C16_F_BD_20_24,C16_F_BD_25_34,C16_F_BD_35_44,C16_F_BD_45_54,C16_F_BD_55_64,C16_F_BD_65_74,C16_F_BD_75_84,C16_F_BD_85over,C16_F_BD_Tot,C16_F_AdD_DL_15_19,C16_F_AdD_DL_20_24,C16_F_AdD_DL_25_34,C16_F_AdD_DL_35_44,C16_F_AdD_DL_45_54,C16_F_AdD_DL_55_64,C16_F_AdD_DL_65_74,C16_F_AdD_DL_75_84,C16_F_AdD_DL_85over,C16_F_AdD_DL_Tot,C16_F_CL_C_III_IV_15_19,C16_F_CL_C_III_IV_20_24,C16_F_CL_C_III_IV_25_34,C16_F_CL_C_III_IV_35_44,C16_F_CL_C_III_IV_45_54,C16_F_CL_C_III_IV_55_64,C16_F_CL_C_III_IV_65_74,C16_F_CL_C_III_IV_75_84,C16_F_CL_C_III_IV_85over,C16_F_CL_C_III_IV_Tot,C16_F_CL_C_I_II_15_19,C16_F_CL_C_I_II_20_24,C16_F_CL_C_I_II_25_34,C16_F_CL_C_I_II_35_44,C16_F_CL_C_I_II_45_54,C16_F_CL_C_I_II_55_64,C16_F_CL_C_I_II_65_74,C16_F_CL_C_I_II_75_84,C16_F_CL_C_I_II_85over,C16_F_CL_C_I_II_Tot,C16_F_CL_CL_nfd_15_19,C16_F_CL_CL_nfd_20_24,C16_F_CL_CL_nfd_25_34,C16_F_CL_CL_nfd_35_44,C16_F_CL_CL_nfd_45_54,C16_F_CL_CL_nfd_55_64,C16_F_CL_CL_nfd_65_74,C16_F_CL_CL_nfd_75_84,C16_F_CL_CL_nfd_85over,C16_F_CL_CL_nfd_Tot,C16_F_CL_Tot_15_19,C16_F_CL_Tot_20_24,C16_F_CL_Tot_25_34,C16_F_CL_Tot_35_44,C16_F_CL_Tot_45_54,C16_F_CL_Tot_55_64,C16_F_CL_Tot_65_74,C16_F_CL_Tot_75_84,C16_F_CL_Tot_85over,C16_F_CL_Tot_Tot,C16_F_LE_ID_15_19,C16_F_LE_ID_20_24,C16_F_LE_ID_25_34,C16_F_LE_ID_35_44,C16_F_LE_ID_45_54,C16_F_LE_ID_55_64,C16_F_LE_ID_65_74,C16_F_LE_ID_75_84,C16_F_LE_ID_85over,C16_F_LE_ID_Tot,C16_F_LE_NS_15_19,C16_F_LE_NS_20_24,C16_F_LE_NS_25_34,C16_F_LE_NS_35_44,C16_F_LE_NS_45_54,C16_F_LE_NS_55_64,C16_F_LE_NS_65_74,C16_F_LE_NS_75_84,C16_F_LE_NS_85over,C16_F_LE_NS_Tot,C16_F_Tot_15_19_yrs,C16_F_Tot_20_24_yrs,C16_F_Tot_25_34_yrs,C16_F_Tot_35_44_yrs,C16_F_Tot_45_54_yrs,C16_F_Tot_55_64_yrs,C16_F_Tot_65_74_yrs,C16_F_Tot_75_84_yrs,C16_F_Tot_85over,C16_F_Tot_Tot,C21_F_Post_Deg_15_19_yrs,C21_F_Post_Deg_20_24_yrs,C21_F_Post_Deg_25_34_yrs,C21_F_Post_Deg_35_44_yrs,C21_F_Post_Deg_45_54_yrs,C21_F_Post_Deg_55_64_yrs,C21_F_Post_Deg_65_74_yrs,C21_F_Post_Deg_75_84_yrs,C21_F_Post_Deg_85over,C21_F_Post_Deg_Tot,C21_F_GrDip_GrCe_15_19,C21_F_GrDip_GrCe_20_24,C21_F_GrDip_GrCe_25_34,C21_F_GrDip_GrCe_35_44,C21_F_GrDip_GrCe_45_54,C21_F_GrDip_GrCe_55_64,C21_F_GrDip_GrCe_65_74,C21_F_GrDip_GrCe_75_84,C21_F_GrDip_GrCe_85over,C21_F_GrDip_GrCe_Tot,C21_F_BD_15_19,C21_F_BD_20_24,C21_F_BD_25_34,C21_F_BD_35_44,C21_F_BD_45_54,C21_F_BD_55_64,C21_F_BD_65_74,C21_F_BD_75_84,C21_F_BD_85over,C21_F_BD_Tot,C21_F_AdD_DL_15_19,C21_F_AdD_DL_20_24,C21_F_AdD_DL_25_34,C21_F_AdD_DL_35_44,C21_F_AdD_DL_45_54,C21_F_AdD_DL_55_64,C21_F_AdD_DL_65_74,C21_F_AdD_DL_75_84,C21_F_AdD_DL_85over,C21_F_AdD_DL_Tot,C21_F_CL_C_III_IV_15_19,C21_F_CL_C_III_IV_20_24,C21_F_CL_C_III_IV_25_34,C21_F_CL_C_III_IV_35_44,C21_F_CL_C_III_IV_45_54,C21_F_CL_C_III_IV_55_64,C21_F_CL_C_III_IV_65_74,C21_F_CL_C_III_IV_75_84,C21_F_CL_C_III_IV_85over,C21_F_CL_C_III_IV_Tot
LGA50080,165,247,481,478,459,296,115,41,24,2297,6,13,17,30,70,70,55,33,16,303,81,33,81,118,114,147,158,193,100,1040,261,401,1074,1378,1421,1107,622,377,175,6815,0,3,34,67,69,65,30,6,0,280,0,4,49,64,87,101,32,7,0,337,0,63,360,417,370,314,208,82,21,1827,15,62,212,288,355,368,212,84,27,1628,73,208,429,393,387,307,118,30,11,1960,51,51,68,55,40,31,38,7,0,341,16,27,42,70,80,89,63,24,7,414,138,288,533,513,507,428,212,64,23,2715,4,3,14,11,21,22,27,24,8,132,98,63,133,141,191,258,285,234,155,1562,257,486,1325,1500,1604,1557,1014,504,233,8478,0,10,73,84,84,101,56,12,6,425,0,10,47,71,110,112,78,18,7,453,0,78,383,482,480,406,307,135,26,2301,9,49,208,302,365,404,300,152,46,1836,93,210,518,460,490,406,212,55,21,2456
LGA50210,279,588,1046,783,691,543,178,106,31,4236,11,33,81,78,96,122,88,47,9,564,167,136,295,287,297,282,215,207,86,1957,484,1142,2904,2342,2064,1649,779,466,136,11970,0,6,396,280,152,72,25,4,0,944,0,21,154,135,108,83,25,7,4,538,0,280,1644,1071,561,399,186,78,15,4235,35,226,838,755,598,466,225,65,27,3225,138,545,1195,828,656,490,177,30,7,4086,101,95,130,99,61,59,31,13,0,581,12,47,140,182,175,140,92,35,4,823,253,690,1466,1105,891,692,301,78,17,5496,3,20,64,47,42,45,38,21,3,283,183,169,431,374,380,377,401,289,180,2794,478,1412,4992,3768,2728,2142,1212,544,244,17519,0,18,434,686,266,111,59,17,0,1587,0,20,217,269,156,118,53,17,3,844,0,280,1797,2060,895,492,297,111,18,5961,20,210,841,1044,718,600,331,105,28,3899,219,632,1489,1308,905,656,332,67,11,5615
LGA50250,13,66,197,104,75,27,0,0,0,479,3,9,6,16,20,9,0,0,0,57,20,30,99,75,63,37,9,0,0,338,34,162,527,404,231,101,16,4,0,1473,0,4,16,16,7,4,0,0,0,48,0,0,21,17,12,3,0,0,0,50,0,29,163,105,33,22,3,0,0,355,0,6,85,79,38,26,3,0,0,248,3,42,188,105,62,26,4,0,0,425,5,8,20,15,7,5,0,0,0,61,0,0,17,14,15,9,0,0,0,62,8,53,224,127,84,47,6,0,0,549,0,0,3,3,3,0,0,0,0,13,17,34,133,80,92,61,12,0,0,428,28,126,650,429,270,162,28,3,0,1695,0,0,17,14,4,8,4,0,0,47,0,0,14,11,16,3,0,0,0,46,0,17,122,97,37,20,13,3,0,306,0,7,68,65,43,30,5,0,0,224,10,35,133,115,53,39,8,0,0,392
LGA50280,25,41,166,163,128,93,34,12,7,668,0,3,8,20,33,22,18,9,4,114,35,17,76,82,73,60,47,46,23,450,68,100,515,662,523,419,223,109,46,2656,0,0,31,44,27,25,12,3,0,141,0,0,26,54,28,34,13,6,0,160,0,22,267,311,185,148,77,33,6,1053,0,25,105,151,129,146,73,25,18,670,23,39,153,175,135,93,45,5,4,674,12,4,15,16,21,24,9,0,0,104,5,10,29,32,25,36,21,7,4,164,38,59,201,223,187,151,73,15,10,944,0,0,11,7,3,13,10,6,0,47,56,22,70,106,99,115,80,63,26,632,101,131,706,890,656,627,338,144,63,3657,0,0,34,85,36,43,39,8,0,253,0,0,25,63,52,42,36,6,0,237,0,19,291,418,289,192,145,48,18,1419,6,10,103,168,177,175,130,47,18,843,22,43,135,245,180,146,59,22,0,853
LGA50350,29,105,186,154,165,93,34,9,4,780,0,9,12,18,26,22,23,9,3,131,31,28,41,73,69,49,82,79,29,476,76,237,710,685,608,384,223,125,47,3096,0,3,73,82,52,34,14,0,0,254,0,6,37,77,46,28,14,3,0,205,0,60,372,311,193,114,67,14,9,1140,10,33,134,139,136,121,45,16,3,638,19,57,165,132,126,93,39,11,3,652,6,10,22,12,9,18,13,5,0,89,0,5,20,31,30,28,12,5,6,138,34,78,208,182,161,139,70,18,6,881,0,4,12,10,10,14,7,3,0,55,37,19,67,68,76,76,95,82,85,594,79,204,890,852,672,526,306,140,108,3770,0,9,79,126,83,58,23,3,3,383,0,0,49,80,73,47,21,8,0,283,0,73,385,376,242,153,94,34,3,1361,0,29,113,131,137,133,81,38,8,673,27,65,178,181,131,118,67,22,8,790
LGA50420,108,385,737,581,525,410,142,55,22,2966,4,30,87,85,97,136,103,35,19,593,144,140,350,261,290,307,298,329,234,2356,290,1250,3966,2996,2239,1771,941,573,315,14339,0,23,531,426,212,129,57,12,6,1392,0,14,214,231,165,126,35,15,0,801,4,454,2134,1421,728,545,238,88,17,5626,27,185,657,617,525,411,256,89,34,2801,73,288,665,488,412,321,129,43,14,2441,43,45,61,48,53,35,17,13,4,322,8,27,87,116,134,141,89,34,8,653,121,355,821,660,603,499,242,90,38,3417,3,6,63,36,46,48,46,13,12,268,103,153,451,307,326,337,332,375,349,2726,260,1193,4873,3687,2603,2088,1201,688,449,17034,0,39,658,692,348,174,99,29,10,2033,0,12,274,273,221,159,100,27,10,1072,0,442,2154,1716,1014,605,396,135,36,6511,13,187,615,613,558,504,371,138,40,3040,86,299,732,573,532,401,236,75,27,2948
LGA50490,76,241,434,314,256,177,75,44,14,1640,4,17,49,63,62,45,48,26,22,333,124,134,255,245,183,203,221,220,107,1691,218,740,2274,1506,1035,736,493,355,162,7515,0,13,310,202,86,50,10,0,0,671,0,11,98,101,52,41,14,7,0,327,3,294,1236,686,295,195,105,39,7,2860,10,114,397,308,265,216,93,44,13,1457,60,201,436,302,202,191,75,19,13,1496,18,31,39,24,21,18,11,5,0,175,5,16,64,77,67,62,34,18,12,351,82,254,539,406,283,265,121,42,23,2021,0,8,40,22,20,24,18,8,6,148,96,197,475,292,239,240,243,227,151,2167,192,905,3107,2007,1240,1031,605,372,192,9648,0,26,403,338,142,54,37,10,0,1012,0,19,135,118,91,61,27,9,0,454,0,263,1361,934,442,268,151,53,21,3493,8,135,484,382,333,272,140,58,16,1836,66,263,514,376,274,213,135,25,17,1874
LGA50560,3,4,11,12,19,17,3,0,0,72,0,0,0,0,4,5,7,0,3,23,7,0,5,4,8,11,16,8,5,66,9,8,34,47,46,72,51,15,5,291,0,0,0,4,4,0,3,0,0,7,0,0,0,6,5,3,0,0,0,15,0,0,14,9,8,9,13,0,0,64,0,0,5,10,14,19,7,8,0,61,0,6,17,17,14,21,10,0,0,77,0,0,0,3,0,4,0,0,0,8,0,0,3,0,3,6,3,0,0,15,0,3,21,23,18,24,16,4,0,102,0,0,0,0,0,0,0,0,0,4,3,3,7,12,21,22,22,20,5,129,3,13,45,63,67,82,61,29,12,382,0,0,0,3,0,0,0,0,0,9,0,0,0,5,6,0,0,0,0,14,0,4,9,17,18,15,16,3,0,86,0,0,6,13,12,11,17,4,0,66,4,5,13,14,18,14,9,0,0,80
LGA50630,7,15,24,25,24,8,3,0,0,101,0,0,3,4,0,0,4,0,0,11,7,8,16,14,10,7,8,7,0,76,17,23,84,90,51,42,20,9,0,335,0,0,0,4,3,0,0,0,0,9,0,0,3,5,0,5,0,0,0,18,0,0,18,26,12,3,9,0,0,68,0,4,6,16,8,15,16,0,0,63,0,3,22,8,19,9,7,0,0,73,0,0,0,5,0,0,0,0,0,11,0,0,3,7,3,4,4,0,0,19,3,3,28,19,23,10,3,0,0,92,0,0,0,0,0,0,0,0,0,4,3,4,10,7,23,8,8,12,0,74,5,11,65,80,69,40,33,12,0,324,0,0,0,3,0,0,3,0,0,12,0,0,0,3,0,0,3,0,0,11,0,8,15,23,11,7,13,0,0,77,0,3,5,10,6,17,11,5,0,56,4,0,27,15,16,19,7,0,0,87
LGA50770,4,7,17,24,24,13,6,0,0,102,0,0,0,7,0,6,3,5,0,24,3,0,3,3,7,6,9,13,10,51,12,15,54,65,63,54,36,15,10,315,0,0,0,3,0,0,0,0,0,5,0,0,0,0,0,7,0,0,0,8,0,0,19,28,8,7,15,5,0,82,0,0,8,10,19,14,17,0,0,71,3,9,14,14,19,18,4,0,0,79,0,0,0,0,0,5,0,0,0,16,0,0,0,0,5,8,0,0,0,19,5,8,13,25,21,23,5,4,0,106,0,0,0,0,0,0,0,0,0,10,9,0,0,4,13,14,22,11,10,85,16,10,46,71,68,70,67,18,12,372,0,0,0,5,0,0,6,0,0,8,0,0,0,0,0,0,0,3,0,9,0,0,16,43,22,15,3,7,0,113,0,0,4,15,15,15,18,5,0,71,8,6,20,21,21,22,10,0,0,110
LGA50840,15,12,33,48,50,68,20,0,0,245,0,0,3,0,14,7,7,7,0,47,7,0,8,9,12,26,19,18,6,107,27,34,98,165,172,213,96,42,7,840,0,0,0,3,0,8,11,0,0,26,0,0,6,3,14,14,0,4,0,43,0,10,28,58,44,55,31,8,4,231,5,6,10,30,50,63,39,7,6,220,11,20,28,53,63,50,34,0,0,267,9,5,3,7,3,3,8,0,0,43,0,4,3,12,9,14,17,0,0,65,20,34,37,69,75,70,57,7,6,368,0,0,5,4,0,4,6,4,0,21,13,9,12,25,45,54,38,38,10,246,35,47,103,195,232,266,185,59,15,1148,0,0,6,9,8,6,8,4,0,42,0,0,6,14,9,18,12,0,0,66,0,11,31,63,71,59,44,15,4,296,0,5,22,45,51,61,69,20,0,273,14,24,49,57,68,80,48,8,0,339
LGA50910,3,8,10,7,9,8,6,0,0,45,0,0,0,3,0,8,4,0,0,18,5,0,6,4,5,3,6,8,4,41,4,7,32,31,22,30,24,9,3,161,0,0,0,0,0,0,0,0,0,4,0,0,3,3,3,0,0,0,0,7,0,4,6,7,3,0,3,0,0,34,0,3,7,4,6,6,4,3,0,30,0,6,5,11,7,7,0,0,0,35,0,0,4,0,0,0,0,0,0,6,0,0,0,0,3,0,0,0,0,9,0,8,10,13,11,6,0,0,0,50,0,0,0,0,0,3,0,0,0,5,3,4,0,3,13,8,15,9,12,73,5,12,23,35,41,29,24,15,16,200,0,0,0,4,0,0,0,0,0,4,0,0,0,3,0,0,0,0,0,12,0,0,9,11,8,7,0,0,0,41,0,0,3,6,5,0,8,4,0,27,3,0,15,9,12,6,10,0,0,54
LGA50980,39,111,225,175,117,63,18,5,0,748,0,5,30,21,30,25,10,4,0,118,84,88,170,169,123,92,52,22,5,789,128,276,874,794,596,375,124,34,5,3209,0,0,62,46,45,37,10,3,0,200,0,7,45,39,38,33,0,0,0,168,0,42,338,285,159,116,40,6,3,987,0,30,154,161,141,89,29,9,0,617,28,73,205,165,123,68,14,0,0,680,15,39,40,32,14,13,0,0,0,163,4,20,29,35,33,29,5,3,0,155,52,126,274,230,176,111,24,7,0,995,0,5,12,4,3,3,0,0,0,35,79,68,216,205,170,152,70,30,7,1001,133,275,1107,975,716,541,174,51,16,3997,0,0,95,100,51,36,25,6,0,313,0,3,67,86,45,41,12,4,0,253,0,56,420,324,219,128,53,12,0,1204,0,27,150,176,133,117,48,5,0,650,24,72,186,178,132,78,33,3,0,709
LGA51080,0,4,14,12,11,9,4,0,0,54,0,0,0,0,0,0,0,0,0,8,4,0,0,5,4,4,7,0,0,28,6,8,39,45,40,35,13,3,0,186,0,0,0,0,0,3,0,0,0,7,0,0,0,5,0,0,0,0,0,12,0,0,16,12,10,8,3,3,0,44,0,0,7,3,11,5,4,3,0,30,0,6,10,8,12,15,0,0,0,56,0,0,6,0,0,0,0,0,0,5,0,0,0,0,0,3,0,0,0,4,0,9,18,10,14,10,0,0,0,69,0,0,0,0,0,0,0,0,0,3,4,4,19,7,9,18,12,3,0,71,10,14,52,42,51,49,19,11,0,238,0,0,0,0,0,5,0,0,0,8,0,0,4,0,0,0,0,0,0,8,0,6,14,12,13,13,4,0,0,65,0,0,10,3,4,9,6,0,0,31,0,0,10,14,6,3,7,0,0,43
LGA51120,3,9,7,10,6,7,4,0,0,43,0,0,0,0,0,4,0,0,0,11,0,0,5,3,4,3,7,12,9,40,3,9,25,39,21,30,14,19,10,167,0,0,0,0,0,0,0,0,0,0,0,0,3,3,6,0,0,0,0,13,0,0,19,9,7,6,0,5,0,44,0,0,0,3,7,7,10,7,0,30,0,3,7,9,6,10,3,0,0,36,0,0,0,0,0,4,0,0,0,6,0,0,0,0,0,0,0,0,0,4,0,11,9,13,6,12,4,0,0,51,0,0,0,0,0,0,0,0,0,6,7,5,4,4,8,3,12,11,3,49,4,14,35,28,32,31,23,20,7,190,0,0,0,0,0,0,0,0,0,0,0,0,0,5,8,4,0,0,0,16,0,4,4,12,8,4,8,0,0,37,0,0,6,3,14,7,10,3,5,35,0,5,7,9,10,9,4,0,0,44
LGA51190,182,302,549,434,437,297,164,211,103,2681,3,15,34,31,59,57,37,29,5,262,53,59,113,115,126,90,92,56,10,718,252,521,1330,1158,1170,888,452,365,140,6273,0,0,61,65,50,40,25,7,0,252,0,11,54,65,63,46,18,5,0,268,0,70,388,369,279,238,115,61,18,1545,7,54,211,210,251,267,122,46,17,1187,72,215,419,354,301,279,101,25,16,1771,50,69,65,49,38,30,12,4,0,306,14,24,41,75,80,81,43,18,4,377,131,304,523,472,425,389,152,46,29,2457,0,3,19,9,15,19,15,8,3,101,73,77,178,182,200,223,232,179,111,1463,209,523,1444,1372,1283,1235,681,356,177,7275,0,7,76,81,65,52,35,13,0,330,0,4,61,71,85,66,49,17,0,346,0,93,417,413,344,266,178,75,26,1811,8,30,186,213,237,281,199,83,39,1278,121,295,476,432,423,337,178,40,9,2304
LGA51260,108,207,418,487,409,260,88,41,9,2022,7,9,28,37,66,60,54,31,10,298,81,42,93,127,148,130,134,175,94,1012,205,345,1104,1433,1282,911,572,371,138,6374,0,4,44,67,52,47,25,5,0,247,0,4,58,87,83,61,28,8,0,340,0,61,402,577,372,297,195,91,20,2015,11,49,229,334,330,313,221,83,18,1594,60,167,413,479,423,254,121,29,12,1954,36,41,48,55,52,38,21,11,3,309,7,26,52,80,98,92,73,24,0,449,103,236,517,618,574,380,217,60,22,2709,0,4,13,20,13,27,34,29,9,147,99,66,159,196,205,274,282,252,184,1710,212,422,1420,1894,1633,1399,1009,528,243,8761,0,3,70,107,102,67,61,20,0,419,0,3,56,118,143,107,74,18,6,522,0,60,431,734,577,417,311,146,35,2711,6,49,237,369,419,403,311,132,34,1959,87,159,446,539,516,403,223,61,13,2449
LGA51310,18,64,97,115,131,85,49,51,17,632,0,11,23,35,44,34,55,31,30,263,37,41,78,81,76,75,83,137,126,724,62,399,1127,1682,1543,947,552,428,261,6995,0,13,177,316,266,153,65,20,4,1006,0,7,84,123,167,117,51,11,5,565,0,275,690,879,777,477,229,133,41,3513,3,32,110,170,289,237,153,102,42,1149,10,25,73,70,84,66,38,24,13,394,8,3,7,18,10,3,13,3,3,70,0,4,13,36,52,37,24,16,14,194,23,37,92,116,143,106,74,42,27,656,3,0,18,11,14,23,21,13,15,113,40,36,106,100,108,104,117,180,145,926,60,400,1284,1720,1767,1210,702,494,279,7929,0,24,256,430,379,248,108,27,6,1476,0,14,83,136,205,139,92,28,3,692,0,248,727,938,971,588,355,182,100,4115,0,41,94,160,249,286,195,115,56,1201,39,60,66,81,90,82,54,24,21,503
LGA51330,194,490,674,731,767,508,190,81,22,3670,12,58,84,123,161,185,142,74,26,857,226,274,378,284,300,341,295,345,219,2671,488,2263,4650,3861,3543,2444,1201,699,345,19491,0,51,825,650,394,209,83,15,3,2246,0,37,240,249,231,173,61,10,0,1003,3,869,2682,1937,1294,722,396,138,30,8061,53,304,667,725,779,650,339,137,51,3701,111,357,592,524,522,398,167,54,22,2744,69,54,59,79,71,50,31,10,5,418,12,38,93,132,165,166,132,46,13,804,188,450,740,734,756,620,327,103,40,3970,5,31,74,67,61,62,50,33,10,384,146,258,467,312,294,326,333,374,304,2827,395,2001,5698,4672,3812,2768,1591,811,439,22185,0,71,1178,1137,613,311,143,35,0,3490,0,38,263,302,286,208,123,35,0,1259,6,871,2620,2604,1649,937,585,217,44,9536,27,318,645,855,747,706,479,205,43,4020,168,419,646,641,603,481,263,72,24,3312
LGA51400,72,96,228,250,195,96,24,17,4,987,0,6,19,30,33,36,18,4,0,142,36,12,46,79,42,44,33,13,3,308,113,175,555,819,628,356,141,53,12,2859,0,0,18,40,39,20,5,0,0,124,0,6,21,42,40,31,8,0,0,150,0,33,194,292,252,119,51,16,0,958,4,22,109,146,185,135,52,13,5,673,46,98,212,230,216,96,40,3,5,943,36,25,38,38,24,6,9,0,0,181,6,11,20,43,55,51,18,0,0,208,90,132,271,305,294,156,68,8,5,1323,0,4,6,10,8,9,8,3,0,43,61,23,76,76,111,85,85,36,6,572,162,218,702,911,935,546,276,83,18,3853,0,4,31,51,43,40,14,4,0,190,3,8,27,48,62,43,15,4,0,217,0,27,195,323,304,171,96,29,5,1153,4,23,101,143,173,152,86,14,5,715,83,158,296,267,256,179,74,7,3,1321
LGA51470,4,4,7,4,11,4,0,0,0,32,0,0,0,0,0,0,0,0,0,4,3,0,4,3,5,6,3,3,0,30,9,11,23,10,18,15,8,0,0,98,0,0,0,0,0,0,0,0,0,0,0,0,4,4,0,0,0,0,0,10,0,0,5,6,0,0,0,0,0,20,0,0,6,5,4,0,0,0,0,21,0,0,5,0,7,0,0,0,0,14,0,0,0,0,0,0,0,0,0,7,0,0,0,0,0,0,0,0,0,4,0,5,3,5,4,0,0,0,0,22,0,0,3,0,0,0,0,0,0,3,0,5,4,0,11,3,0,3,0,30,4,5,17,19,22,12,9,3,0,96,0,0,5,0,0,0,0,0,0,4,0,0,0,3,0,0,0,0,0,4,0,0,4,7,4,0,0,0,0,21,0,4,0,6,6,3,3,0,0,18,0,0,8,4,4,3,0,0,0,20
LGA51540,10,26,66,65,59,37,6,0,0,275,3,0,6,6,9,9,7,6,6,47,27,23,55,69,50,68,42,24,6,371,35,72,234,234,195,164,78,36,11,1068,0,0,8,11,3,0,0,0,0,25,0,0,10,6,7,4,0,0,0,25,0,13,74,45,36,33,17,0,3,225,0,8,25,36,29,35,9,0,0,135,6,21,41,40,51,24,11,0,0,194,7,4,17,11,13,6,0,0,0,52,0,0,10,10,15,7,0,0,3,49,18,33,64,66,68,35,19,5,3,299,0,0,0,4,4,4,3,0,0,12,19,28,72,70,71,59,57,27,12,418,35,78,252,235,217,168,103,34,16,1149,0,0,20,10,9,3,3,0,0,42,0,0,7,3,9,4,6,0,0,36,0,18,61,59,48,28,12,5,0,237,0,8,17,28,22,31,16,6,0,127,3,21,48,34,45,41,17,3,0,213
LGA51610,3,3,9,10,8,13,4,0,0,46,0,0,0,3,3,3,0,0,0,15,5,0,3,4,7,8,3,0,0,33,4,6,34,43,33,46,24,0,0,203,0,0,0,0,0,0,0,0,0,9,0,0,0,0,0,0,3,0,0,5,0,4,9,25,19,5,8,0,0,75,3,0,5,8,21,15,7,0,0,57,0,7,9,15,19,9,3,0,0,60,4,3,0,0,0,0,0,0,0,13,0,0,3,4,4,5,0,0,0,14,3,10,15,19,23,18,10,0,0,87,0,0,0,0,0,0,0,0,0,0,0,0,8,15,23,10,13,4,0,70,7,14,40,70,80,46,32,10,0,303,0,0,0,3,6,0,0,0,0,10,0,0,3,0,4,3,0,0,0,13,0,0,16,25,25,15,4,0,0,86,0,0,5,13,16,15,9,6,0,70,4,8,16,23,14,14,4,0,0,86
LGA51680,12,17,52,67,57,49,19,0,0,262,0,4,6,6,15,9,10,0,0,49,13,5,14,26,23,14,22,6,0,135,36,35,103,192,177,127,82,15,0,764,0,0,0,9,3,6,0,0,0,22,0,0,8,6,9,3,4,0,0,35,0,14,27,41,42,22,18,4,0,178,0,10,33,60,70,47,23,5,0,246,7,26,64,57,56,35,20,3,0,272,4,7,8,8,11,4,4,0,0,39,0,6,7,11,10,16,7,0,0,63,14,27,79,80,80,55,34,4,0,373,0,0,0,0,0,4,3,4,0,19,27,13,21,40,58,44,52,22,4,278,39,63,169,239,265,184,133,48,8,1149,0,0,5,11,14,12,6,0,0,43,0,0,11,12,10,11,3,5,0,47,0,5,47,68,56,42,24,14,0,260,0,15,28,57,78,59,32,10,6,275,16,23,64,81,86,67,30,14,0,371
LGA51710,10,7,11,17,14,10,0,0,0,66,0,0,6,0,3,0,0,0,0,6,7,11,13,15,16,17,0,0,0,75,11,18,61,71,62,35,6,0,0,271,0,0,0,5,0,4,0,0,0,15,0,3,6,5,11,0,0,0,0,14,0,0,14,21,10,4,0,0,0,56,0,0,13,14,7,10,0,0,0,47,0,6,14,16,12,6,0,0,0,53,0,5,4,3,5,0,0,0,0,7,0,0,3,0,0,0,0,0,0,13,0,11,18,18,18,11,0,0,0,77,0,0,0,0,5,0,0,0,0,7,10,0,22,10,33,30,8,0,0,110,7,15,78,71,79,53,11,4,0,320,0,0,0,10,3,4,0,0,0,21,0,0,4,0,6,3,0,0,0,13,0,0,13,16,18,9,5,0,0,63,0,0,10,15,11,9,3,0,0,46,0,0,17,16,12,4,0,0,0,54
LGA51750,12,29,35,25,37,33,19,22,8,207,4,0,7,10,12,28,29,19,13,129,15,22,26,30,40,29,32,61,70,326,31,171,445,462,570,457,319,235,135,2820,0,3,80,93,117,68,47,26,3,439,0,8,27,34,57,43,29,9,8,206,0,110,281,230,286,220,150,89,58,1418,0,12,29,44,88,94,82,59,38,455,6,17,32,19,29,15,9,5,6,128,4,5,3,0,3,7,4,5,0,30,0,5,3,6,14,11,24,12,11,83,12,24,35,26,44,33,38,22,14,244,0,0,5,9,5,5,12,10,5,50,23,25,54,45,55,55,80,86,67,483,34,178,515,478,649,527,434,296,190,3291,0,15,139,133,125,82,74,34,10,608,0,4,42,44,75,61,37,23,5,293,0,126,288,288,337,249,199,124,66,1671,0,8,40,52,76,115,101,84,40,514,13,24,22,25,23,28,15,10,4,161
LGA51820,233,624,1231,1159,868,494,153,51,16,4830,16,44,120,150,195,141,97,39,15,807,248,169,370,445,371,371,331,301,159,2763,532,1590,5036,4511,3156,1931,890,509,208,18365,0,22,560,467,256,150,51,9,4,1517,4,23,315,322,240,124,45,11,6,1093,7,571,2611,2068,1074,593,202,70,31,7227,46,283,995,1128,944,645,253,76,30,4394,172,555,1189,1008,876,528,184,37,20,4565,96,103,146,140,97,66,37,7,5,700,28,54,162,231,278,180,96,35,12,1087,297,708,1506,1384,1249,781,323,83,31,6355,0,25,69,79,85,62,56,21,7,392,216,236,643,538,531,518,454,390,303,3815,569,1865,6699,5985,4369,2869,1372,661,410,24794,0,38,746,855,443,233,107,15,6,2437,6,40,416,448,346,202,92,17,0,1562,0,667,3065,2879,1619,897,410,127,42,9703,36,296,1020,1251,1162,878,472,130,41,5289,249,706,1488,1322,1133,839,350,81,16,6182
LGA51860,0,4,8,3,5,0,0,0,0,25,0,0,0,0,0,0,0,0,0,0,0,0,4,9,9,3,0,5,0,18,0,3,18,19,17,8,0,5,0,72,0,0,0,0,0,0,0,0,0,5,0,0,3,0,0,0,0,0,0,4,0,0,7,7,0,4,4,0,0,18,0,0,4,4,6,0,0,0,0,17,4,3,10,0,0,6,0,0,0,20,0,0,3,0,0,0,0,0,0,4,0,0,0,0,0,0,0,0,0,5,3,3,12,4,4,4,0,0,0,25,0,0,0,0,0,0,0,0,0,0,4,4,3,0,5,6,3,10,0,34,10,4,28,22,20,15,3,10,0,105,0,0,3,0,0,0,0,0,0,8,0,0,0,4,0,5,0,0,0,6,0,0,4,3,4,3,0,0,0,19,0,0,0,3,0,6,0,0,0,13,0,5,4,5,0,4,0,0,0,18
LGA51890,36,62,104,129,100,64,12,9,0,530,0,3,4,10,16,25,10,0,0,73,28,18,32,36,39,54,44,52,38,336,62,102,228,283,248,213,101,68,42,1353,0,0,5,4,8,5,6,0,0,19,0,4,8,6,6,7,0,0,0,28,0,11,47,52,39,42,15,8,0,214,0,8,37,44,39,66,37,8,0,241,15,67,110,104,107,61,18,5,0,493,12,15,31,17,18,16,5,0,0,110,4,5,13,15,17,14,13,0,0,84,30,91,152,138,147,88,36,7,0,684,0,0,3,0,0,5,3,0,0,10,54,28,55,44,60,70,83,60,30,485,84,129,309,291,304,275,174,81,39,1691,0,0,3,4,5,9,0,0,0,23,0,0,11,6,4,14,8,0,0,46,0,7,37,53,46,36,32,9,0,229,0,3,36,42,58,48,37,18,0,248,34,51,144,137,137,100,41,10,0,656
LGA51960,8,21,61,54,26,10,4,0,0,174,0,0,3,8,9,10,3,0,0,23,22,22,38,35,29,38,8,8,0,188,27,57,140,132,92,68,19,5,0,541,0,0,4,0,0,0,0,0,0,12,0,0,0,3,0,3,0,0,0,18,0,3,31,13,8,7,3,0,0,76,0,7,26,22,17,14,5,5,0,92,5,15,47,36,26,14,4,0,0,146,3,4,6,5,3,0,0,0,0,26,0,5,8,9,3,0,0,0,0,31,14,20,61,53,29,19,4,0,0,201,0,0,0,0,0,0,0,0,0,0,19,17,28,37,30,27,21,6,0,177,22,47,153,139,87,75,29,12,0,570,0,0,0,0,0,0,0,0,0,9,0,0,3,6,0,3,0,0,0,16,0,7,15,13,13,10,5,0,0,64,0,4,10,21,13,7,9,0,3,64,8,15,34,38,26,24,6,0,0,151
LGA52030,0,7,13,10,9,11,4,0,0,44,0,0,0,0,0,3,0,0,0,8,0,0,0,3,8,5,6,4,0,36,0,6,25,33,33,34,28,8,0,172,0,0,0,0,0,0,0,0,0,4,0,0,0,0,0,0,0,0,0,3,0,0,8,5,9,3,11,0,0,38,0,0,4,0,3,18,9,0,0,38,0,6,6,8,9,9,0,3,0,38,0,0,6,0,0,0,0,0,0,7,0,0,0,0,3,3,4,0,0,11,0,7,10,9,14,11,7,3,0,53,0,0,0,0,0,3,0,0,0,5,4,0,5,4,5,13,9,4,0,43,3,9,27,26,35,49,33,9,0,185,0,0,0,0,0,0,0,0,0,3,0,0,0,0,0,0,3,0,0,12,0,0,12,8,6,7,4,7,0,48,0,0,0,5,9,4,7,7,0,30,0,8,6,3,9,10,3,0,0,44
LGA52100,0,3,15,4,9,7,7,0,0,53,0,0,0,0,0,0,0,0,4,11,0,0,0,4,5,8,9,9,0,30,0,3,36,33,38,38,21,10,9,188,0,0,0,0,0,0,0,0,0,0,0,0,6,0,4,0,0,0,0,11,0,0,9,12,3,7,6,3,6,53,0,0,4,3,13,6,3,0,0,33,3,4,7,7,9,7,0,0,0,41,5,0,0,0,0,0,0,0,0,8,0,0,3,6,0,0,3,0,0,15,4,3,8,14,7,12,5,0,0,61,0,0,0,0,0,0,0,0,0,3,4,0,10,11,13,8,7,17,3,60,10,11,41,46,38,32,19,18,10,227,0,0,0,0,0,0,0,0,0,5,0,0,3,3,0,3,0,0,0,7,0,0,10,10,5,15,10,4,0,58,0,0,10,5,9,17,4,7,0,47,0,3,12,17,8,3,0,0,0,44
LGA52170,9,13,33,22,33,31,19,8,9,176,0,0,5,7,12,18,16,8,6,79,14,25,59,45,40,56,42,31,57,370,24,130,440,449,448,433,224,124,90,2347,0,3,48,61,81,72,31,6,6,312,0,5,23,26,44,44,14,3,0,154,0,68,273,214,235,186,100,40,29,1140,0,11,21,27,66,86,65,30,16,333,0,9,28,19,18,14,12,9,7,111,3,0,4,0,3,0,6,0,0,22,0,0,4,9,12,11,12,9,3,60,0,10,34,32,33,25,33,16,6,187,0,0,4,5,4,0,10,8,8,36,16,16,45,20,50,43,38,17,26,276,17,111,448,385,516,455,286,124,87,2432,0,5,70,70,99,80,62,12,3,398,0,3,26,25,36,47,38,7,3,185,0,92,263,220,278,196,144,67,24,1289,0,11,17,30,53,72,67,43,14,314,3,6,14,15,21,19,11,3,0,101
LGA52240,0,5,13,12,6,4,0,0,0,49,0,0,0,0,0,0,0,0,0,0,0,5,4,4,7,6,3,7,0,32,3,6,38,44,38,20,17,10,0,164,0,0,0,0,0,0,0,0,0,0,0,0,0,3,3,3,0,0,0,5,0,6,10,11,0,9,0,0,0,40,0,0,0,7,4,11,7,4,0,32,0,3,16,6,13,9,5,0,0,58,5,0,0,0,5,3,0,0,0,16,0,0,0,5,6,0,0,0,0,18,10,9,16,10,22,17,7,3,0,86,0,0,0,0,0,0,0,0,0,4,0,0,5,10,8,10,17,4,3,63,10,12,38,46,47,34,30,15,4,231,0,0,0,0,0,0,0,0,0,0,0,0,0,3,0,0,0,0,0,11,0,0,9,16,7,3,0,0,0,39,0,0,3,9,9,9,6,3,0,38,0,7,15,18,10,12,4,5,0,66
LGA52310,3,0,13,4,5,0,3,0,0,40,0,0,4,0,0,0,3,0,0,4,6,0,0,4,4,5,0,5,0,27,7,0,23,26,32,24,15,6,0,142,0,0,0,0,8,0,0,0,0,6,0,0,0,3,0,0,0,0,0,7,0,0,4,10,10,4,0,0,0,29,0,0,4,9,7,4,8,3,0,29,6,0,12,7,3,3,4,0,0,24,0,0,0,0,3,0,0,0,0,5,0,0,0,0,3,0,3,0,0,13,6,0,14,7,3,8,6,0,0,45,0,0,0,0,0,0,0,0,0,3,0,0,10,5,11,12,9,3,3,47,6,5,33,29,39,28,19,8,7,169,0,0,3,0,0,9,0,0,0,6,0,0,0,0,5,3,4,0,0,10,0,0,5,5,9,13,4,0,0,41,0,0,0,6,5,9,5,4,0,30,0,3,4,9,8,12,4,0,0,42
LGA52380,0,0,0,0,6,5,0,0,0,9,0,0,0,0,3,0,0,0,0,5,0,3,3,0,0,3,0,3,0,14,0,4,8,0,11,12,5,3,0,37,0,0,0,0,0,0,0,0,0,0,0,0,0,0,0,0,0,0,0,0,0,0,0,0,0,0,0,0,0,4,0,0,3,0,0,0,0,0,0,6,0,0,0,0,0,0,0,0,0,3,0,0,0,0,0,0,0,0,0,0,0,0,0,0,0,0,0,0,0,3,0,0,0,0,0,0,0,0,0,6,0,0,0,0,0,0,0,0,0,0,0,0,4,0,0,5,6,0,0,17,0,4,5,3,0,7,5,4,0,35,0,0,0,0,0,0,0,0,0,0,0,0,0,0,0,0,0,0,0,0,0,0,0,0,0,5,0,0,0,3,0,0,0,0,0,5,0,0,0,6,0,5,0,0,3,0,0,0,0,9
LGA52450,9,8,19,6,8,10,9,0,0,63,0,0,0,0,0,0,0,0,0,7,0,0,7,6,5,4,9,8,6,41,8,19,46,29,30,33,13,8,7,189,0,0,0,5,0,0,0,0,0,8,0,0,0,0,0,0,0,0,0,5,0,0,23,22,3,6,0,0,0,52,0,0,3,6,10,6,0,0,0,25,5,4,16,8,3,8,3,0,0,54,0,0,0,5,5,3,0,0,0,15,0,0,0,0,7,3,0,0,0,9,0,4,21,12,17,12,3,0,0,78,0,0,0,3,0,0,0,0,0,3,3,3,0,11,9,14,8,12,3,61,6,12,48,54,32,42,11,17,3,229,0,0,0,0,3,0,0,0,0,7,0,0,0,0,3,0,0,0,0,8,0,0,15,15,12,5,0,0,0,47,0,0,8,4,5,5,8,0,0,28,0,3,11,18,6,8,8,4,0,65
LGA52520,5,8,20,7,9,7,0,0,0,51,0,0,0,0,0,3,0,0,0,6,0,0,6,3,3,3,7,4,3,33,5,12,45,26,37,20,16,12,3,175,0,0,3,0,3,0,0,0,0,6,0,0,0,3,0,3,0,0,0,6,0,6,25,19,8,0,4,0,0,59,0,0,10,9,3,6,3,8,0,45,0,3,11,13,4,14,0,0,0,42,0,0,0,3,0,0,0,0,0,8,0,3,0,5,8,0,0,0,0,17,0,5,13,17,6,14,0,0,0,65,0,0,0,0,0,0,0,0,0,0,0,6,6,13,7,7,7,9,4,64,4,20,68,59,32,31,16,11,7,249,0,0,3,0,3,0,0,0,0,6,0,0,6,0,0,0,0,0,0,7,0,3,23,25,15,6,0,0,3,78,0,0,4,14,4,13,0,4,0,33,0,0,9,12,3,8,7,0,0,45
LGA52590,8,14,31,27,22,22,8,0,0,128,0,0,0,6,7,13,7,8,0,39,12,3,21,21,22,32,16,18,9,158,16,24,108,114,106,106,61,30,10,579,0,0,3,0,4,0,0,0,0,13,0,0,0,7,0,7,0,0,0,11,0,0,32,32,32,23,13,9,0,140,0,3,16,10,22,26,20,3,0,113,3,9,26,31,30,22,15,0,0,132,3,0,3,4,0,0,5,0,0,27,0,0,0,9,4,7,7,0,0,32,7,12,35,39,35,29,22,3,0,187,0,0,0,0,0,0,3,3,0,5,8,4,21,14,26,37,24,29,8,173,16,27,110,112,116,124,88,38,6,649,0,0,3,0,5,3,4,0,0,12,0,0,4,4,6,7,4,0,0,21,0,11,36,41,29,28,16,5,0,165,0,0,21,21,18,39,28,10,3,138,4,7,31,27,31,31,25,9,0,154
LGA52660,53,145,254,218,158,99,49,78,65,1120,0,3,14,26,17,13,13,9,0,94,21,23,29,41,45,22,30,5,3,209,80,212,508,530,417,239,141,114,76,2308,0,0,12,16,11,9,5,4,0,56,0,0,14,19,29,9,0,0,0,76,0,20,142,161,100,67,28,21,3,552,4,25,104,93,103,105,41,20,3,492,43,117,250,186,180,93,30,11,3,915,23,20,32,24,23,12,8,0,0,141,0,12,19,38,42,35,13,7,0,172,66,149,305,246,246,138,51,21,3,1230,4,0,4,3,0,6,3,0,3,30,28,24,70,60,58,71,77,96,73,555,103,221,647,596,545,420,207,163,84,2985,0,3,21,23,10,9,13,0,0,79,0,0,19,25,26,26,10,4,0,112,0,23,162,191,149,91,51,25,10,698,4,19,92,122,92,110,67,26,8,560,56,100,303,260,198,119,56,17,4,1112
LGA52730,14,15,47,69,64,53,29,6,0,296,0,0,5,5,8,21,15,8,0,69,8,4,10,16,31,24,18,23,10,148,24,26,146,244,279,251,176,68,21,1230,0,0,7,18,17,23,14,0,0,77,0,0,10,22,20,27,10,4,0,87,0,0,36,87,86,81,73,23,3,392,0,0,31,34,67,70,64,19,7,298,6,12,49,41,63,41,21,5,0,248,6,4,8,8,5,6,4,0,5,46,6,4,7,16,8,18,22,0,0,83,20,19,63,69,75,74,47,9,7,369,0,0,0,0,6,6,5,0,0,22,19,3,23,43,60,47,74,37,12,323,41,29,169,277,332,328,289,95,24,1570,0,0,6,30,33,32,24,11,0,128,0,0,14,23,20,22,28,10,0,110,0,3,55,99,92,115,74,39,7,488,0,5,20,55,59,81,85,36,10,357,10,18,39,55,52,68,38,13,0,296
LGA52800,16,30,70,58,42,26,7,0,0,256,0,0,3,10,3,5,3,0,0,23,40,45,102,82,67,46,21,3,6,407,62,105,322,256,207,134,33,4,6,1126,0,0,23,16,12,8,0,0,0,60,0,5,14,29,14,4,7,0,0,61,0,12,95,53,39,49,12,3,0,258,3,4,27,19,37,33,8,0,0,147,11,27,78,59,30,26,5,0,0,231,7,11,31,18,10,5,0,0,0,86,0,0,9,9,7,6,3,0,0,38,15,46,120,88,46,32,12,0,0,358,0,4,3,0,0,8,0,0,0,16,62,74,140,97,112,61,36,11,8,604,82,139,414,302,258,199,72,14,12,1498,0,0,20,18,16,9,4,0,0,65,0,0,8,17,8,7,5,0,0,43,0,37,95,36,26,35,17,3,0,257,0,7,20,24,19,25,19,0,0,122,9,17,59,50,41,28,7,0,0,209
LGA52870,17,33,54,62,79,46,14,4,0,304,0,9,5,12,16,31,7,4,0,78,0,6,11,17,25,31,26,21,12,142,22,50,134,211,243,217,108,39,21,1046,0,0,6,9,8,0,5,0,0,33,0,0,7,13,11,19,9,3,0,60,0,3,45,69,52,66,32,10,4,286,0,3,19,45,49,72,40,13,0,246,5,25,62,64,57,55,18,5,0,282,7,5,8,6,8,6,3,0,0,42,0,3,10,9,12,17,10,0,0,61,17,35,78,76,76,75,29,3,0,388,0,0,0,0,4,3,3,5,0,26,22,16,25,40,42,74,59,44,25,350,38,63,178,247,250,317,184,82,35,1390,0,0,10,12,9,11,4,3,0,60,0,4,7,12,18,19,15,0,0,73,0,12,49,77,86,65,61,25,3,365,0,3,22,57,40,69,56,19,0,275,25,22,61,80,77,76,28,7,5,382
LGA52940,0,0,6,5,8,10,3,0,0,34,0,0,0,0,0,3,0,0,0,3,0,0,0,0,4,3,0,0,3,10,0,4,21,20,14,25,12,7,0,107,0,0,0,0,0,4,0,0,0,4,0,0,0,0,0,0,0,0,0,4,0,0,11,7,6,0,4,0,0,28,0,0,5,8,4,9,0,5,0,27,0,0,9,3,0,10,0,0,0,21,0,3,0,0,0,0,5,0,0,13,0,0,0,0,0,0,0,0,0,0,4,4,8,4,0,13,6,0,0,37,0,0,0,0,0,0,0,0,0,0,0,3,4,5,0,4,4,3,6,28,4,6,29,22,12,25,12,9,6,125,0,0,0,0,0,0,0,0,0,3,0,0,0,0,0,0,3,0,0,3,0,0,5,13,9,0,0,0,0,36,0,0,5,9,7,3,7,0,0,27,0,5,0,8,5,3,6,0,0,24
LGA53010,0,0,7,10,10,0,0,0,0,29,0,0,0,0,0,0,0,0,0,3,0,0,0,0,0,0,3,0,0,11,0,6,32,21,24,15,9,0,0,105,0,0,0,0,0,0,0,0,0,0,0,0,0,0,0,0,0,0,0,5,0,7,17,16,8,3,0,0,0,49,0,0,0,7,0,3,0,0,0,15,0,0,8,5,9,4,0,0,0,26,0,0,0,0,0,0,0,0,0,0,0,0,0,0,4,4,3,0,0,14,0,0,10,8,6,9,3,0,0,39,0,0,0,0,0,0,0,0,0,0,0,0,0,8,7,8,3,6,0,35,0,4,29,27,29,31,10,6,0,140,0,0,0,0,0,0,0,0,0,0,0,0,0,0,0,0,0,0,0,4,0,0,7,13,5,4,0,0,0,37,0,0,3,5,6,3,0,0,0,16,0,3,4,8,7,7,3,0,0,26
LGA53080,0,3,9,4,4,3,5,0,0,30,0,0,0,0,0,0,0,0,0,6,6,8,11,5,10,7,4,0,0,48,5,18,38,27,17,17,9,4,0,139,0,0,5,0,0,0,0,0,0,4,0,0,0,0,0,0,0,0,0,5,0,3,3,0,3,0,0,0,0,14,0,0,0,0,0,0,3,0,0,11,0,0,0,0,4,3,0,0,0,22,0,0,3,0,0,0,0,0,0,3,0,0,4,0,0,0,0,0,0,5,0,0,13,0,5,10,0,0,0,38,0,0,0,0,0,0,0,0,0,0,0,4,12,6,9,11,10,3,0,58,0,8,29,13,23,25,14,5,0,126,0,0,3,0,0,0,0,0,0,3,0,0,0,0,0,0,0,0,0,5,0,0,3,3,0,3,0,0,0,14,0,0,0,7,0,0,4,0,0,12,0,0,9,5,5,11,3,0,0,28
LGA53150,4,24,41,47,51,34,12,7,5,220,0,6,3,10,10,15,6,4,0,52,20,21,22,30,33,25,24,40,39,253,28,111,272,433,495,303,158,87,51,1925,0,0,41,59,65,47,24,5,0,242,0,0,13,33,55,48,20,3,0,168,0,63,156,199,203,161,71,21,0,872,0,12,37,66,95,73,48,23,11,369,3,31,36,29,40,32,15,0,0,190,0,6,0,7,3,4,5,0,0,27,0,3,5,12,24,9,8,8,0,71,7,33,44,46,69,45,33,9,0,289,0,0,0,3,12,9,0,3,0,30,13,8,24,27,48,41,25,35,48,275,28,127,323,430,535,418,223,97,61,2239,0,0,48,62,88,66,45,7,0,318,0,3,19,49,50,57,30,5,0,217,0,54,169,227,227,163,102,47,11,1007,0,9,24,44,73,82,50,31,3,323,13,12,36,36,40,42,18,6,3,203
LGA53220,15,84,182,105,59,27,3,0,0,471,0,3,5,6,5,0,0,0,0,30,47,62,183,141,83,52,14,3,0,593,65,206,635,403,241,110,24,6,0,1684,0,0,17,12,7,4,0,0,0,29,0,0,13,5,3,11,0,0,0,36,0,24,119,77,38,17,5,0,0,277,0,13,68,53,42,12,3,0,0,192,4,45,146,83,54,19,0,0,0,349,4,9,29,6,7,4,5,0,0,66,0,5,17,16,6,4,0,0,0,48,8,57,190,109,65,27,3,0,0,463,0,0,12,0,3,3,0,0,0,19,32,49,168,94,114,68,17,3,4,549,41,154,588,343,278,134,31,3,4,1572,0,0,22,27,7,0,0,0,0,58,0,0,15,11,6,5,0,0,0,33,0,21,134,69,42,24,5,0,0,287,0,12,71,57,45,24,4,0,0,219,6,42,117,112,48,28,0,0,0,361
LGA53290,48,97,159,178,159,85,31,15,4,773,3,3,14,19,27,29,27,10,0,125,51,29,50,67,72,61,86,90,50,559,99,176,449,520,479,322,217,125,60,2449,0,0,14,18,8,10,6,0,0,48,0,0,18,30,28,22,11,0,0,107,0,31,146,141,98,61,39,16,5,531,0,15,88,96,97,97,50,31,0,470,33,61,145,138,147,89,24,7,3,653,16,29,28,26,27,18,5,0,0,149,0,10,14,33,30,36,17,11,3,149,47,97,193,193,202,139,50,17,8,950,0,0,0,6,3,4,12,7,0,38,79,42,102,109,145,137,126,97,59,900,129,189,567,590,587,476,287,165,74,3053,0,0,17,17,22,9,8,0,0,78,0,4,22,25,32,21,15,3,6,126,0,28,182,156,134,85,52,35,3,674,0,14,65,87,95,106,64,39,7,475,25,80,170,156,161,104,51,17,0,764
LGA53360,5,13,33,32,27,18,17,0,0,147,0,0,10,6,3,0,3,0,0,25,4,6,14,23,15,9,8,3,0,76,10,36,120,119,78,47,32,7,0,452,0,0,9,7,6,0,4,0,0,20,0,0,0,7,6,0,0,0,0,20,0,9,52,40,35,16,10,0,3,167,0,6,19,34,20,16,8,5,0,105,5,10,32,32,19,14,10,0,0,119,5,6,9,4,9,6,0,0,0,27,0,0,3,9,0,7,3,0,0,35,8,18,42,44,24,26,17,4,0,189,5,0,0,0,0,0,0,0,0,8,8,8,26,37,21,24,17,0,3,137,21,25,155,165,118,82,51,10,9,643,0,0,15,14,7,5,3,0,0,45,0,0,8,10,8,9,0,0,0,27,0,12,98,55,39,14,6,0,0,225,0,3,29,28,29,16,3,0,0,110,8,11,46,42,30,19,5,4,0,175
LGA53430,48,114,219,197,211,143,62,22,8,1033,0,6,27,33,59,52,53,24,7,262,67,49,129,126,132,150,167,208,131,1168,118,436,1559,1548,1418,1161,588,344,165,7335,0,8,217,261,257,177,89,16,3,1031,0,10,106,136,134,144,43,14,0,589,0,192,958,714,568,431,228,67,24,3194,10,60,195,174,260,231,160,52,10,1147,29,81,207,147,148,133,38,29,13,830,5,13,20,17,23,19,11,0,0,116,4,9,31,26,48,51,48,9,3,237,45,100,260,193,219,207,102,37,14,1182,0,0,19,11,26,24,28,17,7,126,52,93,230,192,183,198,188,175,120,1430,104,470,1985,1677,1658,1415,842,370,181,8710,0,5,298,368,315,272,174,43,8,1487,0,3,106,170,157,182,111,23,6,758,0,241,991,850,694,551,409,143,19,3897,7,51,194,211,259,308,226,95,12,1363,38,102,228,174,185,168,94,23,10,1022
LGA53570,9,18,48,42,35,43,23,4,0,223,0,0,9,8,4,16,6,3,0,42,15,3,15,32,16,43,27,18,5,178,28,35,111,156,123,169,90,30,5,749,0,0,3,4,6,6,4,0,0,25,0,0,0,3,4,5,3,0,0,22,0,8,33,38,36,29,26,7,0,181,3,7,20,29,35,36,21,5,0,163,0,11,44,40,46,34,19,3,0,210,3,4,6,10,3,9,0,0,0,34,0,5,6,5,14,15,9,0,0,53,3,23,58,54,58,59,30,10,5,298,0,0,12,4,0,11,9,3,0,38,15,6,20,32,49,47,63,31,10,273,19,43,160,168,191,185,152,66,15,993,0,0,10,4,6,9,7,0,0,42,0,0,10,13,9,6,8,0,0,43,0,3,52,54,52,43,18,14,0,244,0,5,30,29,35,51,44,13,0,209,4,10,59,41,47,45,28,10,0,250
LGA53640,7,13,14,12,8,9,0,0,0,56,0,0,0,0,0,8,0,0,0,11,0,4,0,6,4,4,0,5,0,32,9,11,36,47,41,33,8,3,0,186,0,0,4,0,0,0,0,0,0,3,0,0,3,0,0,0,0,0,0,11,0,4,11,16,10,5,4,0,0,47,0,0,3,4,12,9,4,0,0,42,3,8,10,3,7,5,0,0,0,43,0,3,6,0,0,3,0,0,0,8,0,0,0,7,4,3,0,0,0,7,3,14,16,10,13,15,0,0,0,71,0,0,0,0,0,0,0,0,0,0,0,5,8,5,12,16,12,0,5,61,3,20,52,37,46,39,19,3,5,232,0,0,6,0,0,3,0,0,0,9,0,0,4,5,3,0,0,0,0,12,0,6,22,15,16,3,0,0,0,60,0,0,6,4,11,8,10,0,0,31,0,3,22,9,7,9,5,0,0,52
LGA53710,4,4,16,7,17,6,0,0,0,63,0,0,0,0,5,0,0,0,0,5,0,0,0,0,10,0,6,5,0,29,5,7,36,33,33,26,9,5,4,161,0,0,0,0,0,0,0,0,0,5,0,0,0,0,4,3,0,0,0,10,0,0,11,10,7,3,4,3,0,44,0,0,8,4,7,6,10,0,0,38,0,3,8,12,12,11,3,0,0,44,0,0,4,0,0,0,0,0,0,8,0,0,0,3,0,0,0,0,0,7,4,7,11,13,18,13,5,0,0,58,0,0,0,0,0,0,0,0,0,4,3,0,5,10,7,18,7,3,8,58,11,5,36,33,38,46,21,10,8,209,0,0,0,0,0,0,0,0,0,8,0,0,0,0,0,3,0,0,0,3,0,0,4,7,3,5,6,0,0,32,0,0,0,8,3,6,11,0,0,29,0,3,9,17,8,14,4,0,0,62
LGA53780,395,778,1536,1352,1056,730,350,144,43,6377,11,45,117,143,204,172,118,61,12,881,292,209,539,487,433,417,313,334,184,3213,750,1850,5310,4345,3266,2243,1174,658,256,19860,0,40,678,558,215,96,33,4,0,1622,0,27,179,185,133,114,38,10,0,693,3,540,2464,1840,923,511,266,90,14,6654,59,311,1044,1034,824,580,284,101,26,4266,186,577,1196,1036,856,589,248,52,22,4760,94,110,168,133,125,102,32,16,4,783,24,68,155,249,247,195,125,56,15,1131,312,757,1522,1419,1227,877,410,118,37,6677,3,36,86,89,67,59,72,33,16,457,220,254,558,547,453,536,442,438,238,3686,599,1959,6535,5680,3838,2772,1539,801,331,24053,0,37,790,963,372,164,65,13,3,2413,0,27,208,308,194,156,66,21,5,976,4,591,2341,2582,1344,720,420,139,35,8175,27,312,958,1126,1018,690,395,165,45,4722,275,743,1328,1337,1118,793,382,112,17,6116
LGA53800,149,264,478,485,420,236,74,31,7,2147,5,13,20,56,68,59,26,23,5,291,152,98,157,180,186,169,181,158,66,1352,327,553,1298,1479,1274,857,444,267,97,6607,0,0,39,52,42,37,9,0,0,186,0,16,71,76,82,51,21,3,0,315,0,70,396,439,332,210,92,42,10,1588,13,86,226,294,284,261,119,39,8,1331,77,206,473,394,428,239,87,23,3,1935,49,73,72,59,50,32,26,10,0,367,18,18,54,76,66,71,45,17,4,359,138,302,598,530,550,342,155,46,4,2661,0,4,15,18,20,14,19,8,5,105,154,123,254,241,295,243,226,200,80,1816,308,604,1598,1649,1607,1161,637,338,102,8009,0,7,61,95,66,46,21,0,0,302,0,9,81,94,94,64,38,7,0,393,0,112,444,462,436,243,134,53,9,1900,15,84,248,295,321,286,185,58,16,1511,70,211,504,502,514,375,165,48,8,2399
LGA53920,3,17,39,16,20,8,3,0,0,112,0,0,3,0,0,0,0,0,0,3,11,15,26,17,15,10,3,8,4,108,17,39,121,60,71,66,12,8,4,400,0,0,9,3,9,8,5,0,0,24,0,0,0,0,0,8,0,0,0,12,0,11,30,20,16,4,3,0,0,81,0,5,11,7,9,7,3,0,0,31,0,10,18,12,14,3,0,0,0,59,0,0,3,9,3,0,0,0,0,17,0,3,5,4,9,3,0,0,0,24,0,13,26,16,23,13,0,0,0,96,0,0,0,0,0,4,0,0,0,4,46,39,110,71,52,30,20,8,3,368,43,66,180,118,102,77,29,8,3,620,0,0,9,6,4,3,0,0,0,16,0,0,7,0,3,8,5,0,0,22,0,9,25,17,23,18,7,0,0,91,0,0,3,7,3,6,0,0,0,33,3,13,32,26,19,12,0,0,0,108
LGA53990,102,187,346,376,307,169,67,23,11,1583,0,5,20,28,37,47,34,15,0,184,65,52,95,112,116,117,73,63,22,715,171,307,816,1018,863,613,300,137,32,4247,0,0,17,35,33,28,6,0,0,116,0,4,36,48,47,33,16,0,0,186,0,47,243,336,213,174,92,29,6,1132,7,37,190,191,221,169,98,39,17,966,43,126,364,351,304,200,77,18,4,1485,37,29,62,44,22,25,9,3,0,228,6,22,41,44,70,55,35,6,0,281,85,175,466,433,389,281,128,28,7,1991,0,0,12,11,12,9,14,14,0,72,120,57,128,142,159,180,186,119,44,1148,207,318,1100,1197,1070,877,539,231,70,5612,0,3,32,52,46,38,19,4,0,189,0,7,42,72,53,53,33,9,3,258,0,48,289,364,302,207,136,46,12,1404,3,27,165,228,222,248,149,55,8,1109,111,189,435,483,419,319,142,29,4,2129
LGA54060,8,14,29,51,31,34,17,3,0,195,0,0,3,0,8,4,6,0,0,23,6,0,12,19,19,15,32,22,7,127,16,23,86,141,109,107,76,37,8,600,0,0,0,0,0,0,0,0,0,10,0,0,0,5,3,6,0,0,0,26,0,7,18,36,22,15,13,3,0,115,0,5,9,27,38,33,25,9,0,141,0,15,39,40,32,24,18,3,0,168,0,4,4,7,4,8,0,0,0,35,0,4,6,6,9,13,5,8,0,42,3,16,46,53,41,44,28,15,0,250,0,0,0,0,0,0,0,0,0,0,15,0,11,20,23,36,56,21,6,190,15,26,95,145,123,137,132,46,9,724,0,0,4,0,0,3,0,0,0,18,0,0,0,4,7,11,4,4,0,28,0,3,14,34,37,18,19,5,4,131,0,4,5,19,44,31,31,6,0,148,9,15,28,40,41,34,18,7,0,192
LGA54130,3,5,25,15,10,7,0,0,0,63,0,0,0,0,0,0,0,0,0,9,6,0,3,7,5,3,0,0,0,19,6,9,51,49,34,21,8,0,0,179,0,0,0,0,5,0,0,0,0,4,0,0,4,0,0,0,0,0,0,11,0,0,11,13,12,3,6,3,0,58,0,0,5,14,9,8,4,0,0,34,0,3,17,6,12,7,0,0,0,52,0,0,0,0,3,0,4,0,0,9,0,0,0,0,0,4,0,0,0,7,0,9,22,10,15,10,3,0,0,67,0,0,0,0,3,0,0,0,0,4,4,3,17,5,6,12,3,10,0,50,4,12,62,43,43,35,18,10,0,227,0,0,3,0,0,0,0,0,0,3,0,0,0,7,0,0,0,0,0,4,0,5,27,11,17,10,4,0,0,74,0,0,7,11,5,9,0,0,0,40,0,0,20,14,7,13,0,0,0,55
LGA54170,426,891,1476,1791,1958,1246,448,213,95,8544,18,76,110,257,359,383,236,119,39,1589,321,220,352,440,542,521,394,465,254,3510,850,2585,5923,7854,7758,5075,2003,1101,467,33609,0,35,469,656,502,307,106,31,4,2110,0,45,333,562,534,380,108,15,10,1976,0,1052,2763,3324,2494,1578,750,200,42,12203,91,342,1036,1541,1971,1536,752,234,55,7559,242,581,1154,1251,1477,977,428,91,37,6244,124,87,129,165,146,161,81,19,8,913,26,79,167,342,434,444,282,93,38,1899,396,739,1450,1758,2057,1585,790,205,80,9056,4,37,72,90,122,122,126,44,25,643,251,223,426,517,591,681,644,493,362,4193,750,2472,6551,8448,8269,6188,3272,1208,580,37742,0,46,585,986,774,462,208,47,7,3113,3,44,388,659,651,537,258,58,8,2600,3,907,2889,3797,2973,1921,1178,343,64,14076,43,342,943,1447,1850,1793,1100,356,81,7959,360,626,1270,1477,1538,1318,672,172,42,7468
LGA54200,142,361,644,640,543,419,203,57,15,3025,11,23,41,74,90,128,120,44,12,539,165,100,164,225,238,236,239,242,144,1750,339,814,1980,2202,2066,1745,1050,530,219,10944,0,0,169,178,118,88,48,13,0,617,0,15,97,115,128,113,50,6,4,530,0,187,828,871,585,423,271,138,20,3329,26,133,392,494,585,457,322,136,29,2571,104,279,637,545,540,314,159,49,11,2642,53,41,67,76,60,43,40,12,0,384,15,21,69,147,138,128,91,42,12,673,171,341,771,768,742,484,285,99,26,3695,6,8,25,24,27,27,57,28,9,211,130,105,251,224,259,306,317,281,150,2016,335,790,2536,2669,2449,1898,1360,703,236,12971,0,8,163,286,201,108,69,18,3,860,0,11,104,181,142,124,83,24,4,676,0,200,832,1070,737,509,378,167,47,3939,13,125,357,523,557,524,373,180,48,2705,148,296,719,666,626,446,247,89,21,3260
LGA54280,70,259,495,339,256,114,23,7,0,1574,5,13,33,43,42,34,8,3,0,184,162,146,304,308,276,159,105,54,34,1545,243,599,1581,1329,975,478,178,72,35,5508,0,0,87,66,34,17,4,0,0,209,0,5,48,62,29,21,7,0,0,176,0,94,467,337,194,108,30,10,0,1252,3,45,236,230,187,110,32,15,6,855,49,159,415,266,247,122,18,10,0,1286,40,32,63,40,23,16,4,6,0,224,3,29,44,74,52,45,13,3,0,265,89,220,524,377,326,183,34,13,0,1773,0,3,12,15,10,4,9,0,0,60,112,118,295,240,219,219,106,65,28,1398,204,483,1680,1326,993,669,221,108,34,5726,0,11,101,108,50,31,8,3,0,306,0,4,57,62,47,39,6,3,0,222,0,112,443,375,215,131,43,18,0,1340,3,37,186,214,199,147,50,14,3,848,61,167,438,353,263,167,40,10,3,1509
LGA54310,55,163,353,267,135,64,4,0,0,1043,0,10,34,29,34,17,3,0,0,132,107,131,337,339,246,121,33,13,3,1326,164,410,1378,1131,707,305,45,11,3,4151,0,0,62,56,17,18,0,0,0,149,0,0,42,58,28,8,0,0,0,138,0,67,427,305,146,52,17,0,0,1011,3,34,218,214,124,84,12,0,0,698,19,108,306,227,158,56,8,0,0,883,12,28,65,46,20,9,0,0,0,184,5,10,57,55,39,19,0,4,0,187,33,147,428,333,212,81,7,3,0,1251,0,0,5,7,10,4,0,0,0,30,73,85,260,203,195,106,38,11,0,980,105,333,1439,1175,740,364,79,18,0,4259,0,0,89,83,54,6,3,0,0,234,0,9,64,71,46,20,4,0,0,211,0,60,415,400,200,71,20,4,0,1165,3,29,181,203,166,88,22,6,0,692,24,103,341,325,214,78,9,4,0,1106
LGA54340,10,27,45,49,42,31,5,0,0,223,0,5,0,9,0,5,7,0,0,28,10,10,19,22,24,29,27,19,16,176,18,59,137,134,119,98,50,26,17,660,0,0,0,7,0,0,0,0,0,8,0,4,8,11,3,3,0,0,0,27,0,10,50,42,26,15,10,3,0,151,0,3,12,14,16,15,13,8,4,90,0,23,44,33,37,22,10,0,0,164,6,6,10,4,4,6,3,0,0,35,0,0,0,9,4,9,4,0,0,35,14,28,55,46,49,28,14,4,0,231,0,0,0,0,0,0,0,6,0,6,16,13,40,32,49,48,47,34,22,296,25,55,159,143,146,107,79,52,32,807,0,0,6,3,5,0,0,0,0,18,0,0,3,7,5,3,0,0,0,25,0,13,33,36,22,22,15,3,0,144,0,7,18,8,24,22,10,10,3,95,9,35,51,40,22,18,12,3,0,180
LGA54410,0,8,13,14,19,6,6,5,0,59,0,0,0,5,4,0,3,0,0,12,0,0,4,4,4,7,11,4,5,39,0,9,27,31,33,25,26,11,6,176,0,0,5,0,0,0,0,0,0,4,0,0,0,0,0,0,0,0,0,3,0,0,7,9,13,12,0,9,0,48,0,0,3,6,7,7,7,3,0,33,0,9,11,8,19,8,3,6,0,52,0,0,0,0,0,0,0,0,0,7,0,0,0,0,4,0,6,0,0,11,0,9,14,9,23,13,9,6,0,71,0,0,0,3,0,0,0,3,0,10,6,9,4,6,7,12,11,14,13,86,6,13,37,36,52,38,23,31,13,246,0,0,5,0,0,0,0,0,0,4,0,0,3,0,0,0,0,0,0,3,0,0,14,14,11,8,4,5,0,53,0,0,0,0,8,5,8,0,0,25,4,6,4,8,6,13,0,5,0,54
LGA54480,0,3,8,5,4,3,0,0,0,26,0,0,0,0,0,0,0,0,0,7,0,0,0,0,0,0,0,0,0,3,0,8,34,22,17,16,3,0,0,92,0,0,0,0,0,0,0,0,0,0,0,0,0,3,0,0,0,0,0,8,0,0,7,15,3,3,5,0,0,27,0,0,6,4,4,0,3,0,0,19,0,0,3,4,5,0,3,0,0,21,0,0,0,0,0,0,0,0,0,4,0,0,0,0,0,0,0,0,0,0,0,0,4,8,10,3,7,0,0,27,0,0,0,0,4,0,0,0,0,4,0,0,4,7,0,5,10,0,0,28,0,0,23,38,17,14,23,0,0,116,0,0,0,0,0,0,0,0,0,0,0,0,0,4,0,0,0,0,0,4,0,0,13,11,7,0,0,0,0,30,0,3,0,0,4,4,0,0,0,13,0,0,4,7,3,0,3,0,0,22
LGA54550,0,11,28,20,16,9,5,0,0,98,0,0,3,3,4,0,9,0,0,23,5,3,5,3,9,9,8,10,0,52,5,22,69,78,64,50,24,19,3,345,0,0,5,0,0,0,0,0,0,5,0,0,3,0,0,3,0,0,0,11,0,5,33,22,23,16,8,3,0,119,0,0,14,15,16,16,3,5,0,71,0,11,14,23,21,11,6,0,0,84,0,0,0,0,5,0,0,0,0,3,0,0,0,3,5,8,3,0,0,22,0,9,16,28,25,16,7,0,0,109,0,0,0,3,0,0,0,3,0,9,6,3,17,18,15,16,22,8,12,115,3,24,86,86,81,70,46,21,20,433,0,0,0,3,0,0,0,0,0,8,0,0,0,5,0,0,5,0,0,13,0,8,31,39,22,18,7,6,3,138,0,0,8,17,7,16,12,7,0,65,5,9,15,11,20,9,8,3,0,72
LGA54620,0,5,12,10,3,0,0,0,0,39,0,0,0,0,5,0,0,0,0,7,0,0,7,8,3,3,0,0,0,28,3,8,34,35,22,25,13,0,0,151,0,0,0,4,0,0,0,0,0,7,0,0,0,0,4,7,0,0,0,5,0,0,19,7,5,10,0,5,0,39,0,0,5,8,0,11,5,0,0,32,0,0,13,6,6,0,0,0,0,24,0,0,0,0,0,0,0,0,0,3,0,0,0,4,5,0,0,0,0,8,3,4,13,7,10,0,0,0,0,39,0,0,0,0,0,0,0,0,0,0,5,0,6,4,7,7,7,0,0,35,4,4,42,37,25,31,13,5,0,161,0,0,0,3,3,0,0,0,0,9,0,0,0,0,0,0,0,0,0,5,0,4,11,6,8,5,7,0,0,45,0,0,6,6,4,8,9,0,0,30,0,3,8,8,5,7,5,0,0,36
LGA54690,0,0,3,4,7,4,0,0,0,18,0,0,0,0,0,0,0,0,0,0,0,0,0,0,3,0,0,0,0,6,0,0,10,11,14,7,0,4,0,50,0,0,0,0,0,0,0,0,0,0,0,0,0,3,0,0,0,0,0,5,0,0,7,5,6,3,0,0,0,13,0,0,0,3,5,0,0,0,0,3,3,0,3,4,0,4,0,0,0,18,0,0,0,0,0,0,0,0,0,0,0,0,0,0,0,0,0,0,0,3,6,0,4,10,0,4,0,0,0,25,0,0,0,0,0,0,0,0,0,0,0,0,3,0,0,0,0,4,0,16,3,3,17,13,7,8,5,7,4,67,0,0,0,0,0,0,0,0,0,0,0,0,0,0,0,0,0,0,0,0,0,0,6,0,4,0,0,0,0,12,0,0,0,0,4,0,0,0,0,9,0,0,6,4,0,3,0,0,0,17
LGA54760,0,0,9,7,8,9,6,0,0,30,0,0,0,0,0,4,0,0,0,7,0,0,0,0,0,5,4,3,0,17,0,0,32,32,28,22,8,3,4,128,0,0,0,0,0,0,0,0,0,3,0,0,5,0,6,0,0,0,0,11,0,0,15,14,3,0,0,0,0,41,0,0,7,0,4,10,5,0,0,27,3,0,9,10,4,8,4,0,0,28,0,0,0,0,0,0,0,0,0,5,0,0,0,4,6,0,0,0,0,6,3,0,6,8,10,8,4,0,0,38,0,0,0,0,0,0,0,0,0,4,3,4,0,5,6,0,9,5,8,31,5,7,32,34,25,17,16,6,8,151,0,0,0,3,0,0,0,0,0,3,0,0,0,3,4,0,0,0,0,7,0,0,12,15,12,6,3,0,0,54,0,0,7,8,5,8,0,0,0,24,0,0,5,3,7,3,0,0,0,28
LGA54830,94,282,576,379,265,136,51,24,8,1815,3,8,36,39,42,28,33,0,8,200,133,105,196,225,147,141,120,106,48,1209,237,555,1496,1116,767,493,260,151,64,5138,0,6,189,109,42,16,5,0,0,372,0,13,96,85,42,28,12,0,0,275,3,133,798,529,235,137,49,14,3,1909,14,103,402,312,235,168,66,14,10,1314,68,287,620,423,291,182,61,13,7,1957,44,67,98,43,39,27,11,5,0,328,11,36,71,91,75,50,35,8,11,386,125,390,789,558,409,261,101,26,14,2672,6,11,29,12,25,20,12,3,5,118,112,98,309,224,203,193,168,122,49,1475,266,753,2612,1830,1188,807,417,184,74,8137,0,4,205,260,101,41,13,3,0,627,0,20,113,123,80,49,17,4,0,398,0,141,870,868,409,182,114,39,0,2627,5,124,427,501,339,207,108,30,9,1755,110,340,827,638,437,304,109,21,4,2787
LGA54900,0,5,13,14,15,8,0,0,0,54,0,0,0,0,0,5,0,0,0,11,3,0,0,0,3,9,3,3,0,20,4,14,58,53,46,36,11,5,3,223,0,0,3,0,0,0,0,0,0,3,0,0,0,0,0,0,0,0,0,11,0,3,23,17,16,15,0,0,0,74,0,3,13,8,3,7,0,3,0,38,4,3,14,5,6,6,7,4,0,40,0,0,0,0,0,0,0,0,0,6,0,0,3,8,0,5,0,0,0,13,0,8,16,11,6,13,5,4,0,62,0,0,0,0,0,0,4,0,0,6,0,0,13,11,14,8,6,3,3,60,5,9,71,47,38,43,16,9,0,248,0,0,0,0,0,0,0,0,0,0,0,0,3,0,0,4,0,0,0,7,0,3,25,30,18,9,4,0,0,92,0,5,12,4,11,9,8,3,0,51,9,3,15,14,7,3,7,0,0,49
LGA54970,6,3,9,8,7,3,3,0,0,41,0,0,0,0,0,0,5,0,0,4,3,0,5,9,10,3,3,0,0,31,7,15,34,23,26,14,8,0,0,125,0,0,7,0,0,0,0,0,0,3,0,0,3,0,0,4,0,0,0,4,0,0,9,0,0,10,0,0,0,25,0,3,0,0,4,4,0,0,0,17,0,3,13,4,3,3,0,0,0,33,0,0,0,0,0,0,0,0,0,0,0,0,6,0,3,3,0,0,0,18,3,5,22,8,7,4,0,0,0,45,0,0,0,0,0,0,0,0,0,0,0,3,16,8,0,14,0,0,0,46,3,13,54,21,22,27,0,5,0,145,0,0,0,0,0,0,0,0,0,4,0,0,0,0,0,5,0,0,0,6,0,0,8,7,3,7,0,0,0,28,0,0,4,9,0,8,0,0,0,17,0,3,13,5,0,10,0,0,0,38
LGA55040,4,10,29,16,18,0,0,0,0,71,0,0,3,0,0,0,0,0,0,12,6,26,53,44,21,7,8,3,0,168,12,52,127,85,64,12,7,0,0,365,0,0,0,0,0,0,0,0,0,5,0,0,4,5,3,0,0,0,0,11,0,5,19,5,5,0,3,0,0,35,0,0,11,7,8,4,0,0,0,26,0,0,11,9,10,0,0,0,0,37,0,0,4,0,0,0,0,0,0,9,0,0,0,0,4,0,0,0,0,6,0,0,18,13,10,5,0,0,0,49,0,0,0,0,0,0,0,0,0,3,3,5,32,15,12,12,7,0,0,87,3,13,86,42,38,29,8,4,0,224,0,0,5,6,0,0,0,0,0,8,0,0,4,0,0,0,0,0,0,12,0,0,13,7,4,0,4,0,0,32,0,3,9,10,13,4,0,6,0,49,0,5,17,15,10,5,0,0,0,53
LGA55110,232,525,871,872,877,611,318,107,22,4431,8,28,56,97,128,160,160,85,32,751,212,129,266,330,331,402,505,631,315,3116,498,965,2161,2516,2437,1958,1481,1036,409,13444,0,8,120,122,114,49,40,7,0,458,0,10,89,147,124,114,55,24,0,562,0,196,752,800,600,467,305,137,40,3297,44,166,510,629,745,639,411,190,36,3375,167,497,978,843,823,629,319,101,26,4387,85,78,118,94,93,69,42,20,7,604,19,55,129,185,176,219,169,65,18,1034,265,624,1225,1125,1093,922,527,186,46,6029,4,15,18,32,59,48,76,52,11,315,183,150,331,360,430,549,693,631,356,3688,507,1162,3055,3215,3171,2784,2108,1231,501,17728,0,5,119,176,159,133,61,22,5,678,5,11,108,154,193,162,124,32,8,808,0,201,838,988,840,624,490,209,44,4234,20,162,551,717,803,868,632,248,69,4065,229,533,1208,1126,1128,966,537,178,26,5930
LGA55180,31,55,85,119,128,79,31,3,7,529,0,5,6,10,18,20,15,8,4,76,19,7,29,43,46,54,52,33,20,304,48,88,225,338,345,287,148,61,28,1574,0,4,8,17,17,9,3,0,0,57,0,0,6,19,19,17,8,0,0,66,0,12,76,67,64,59,37,19,0,338,0,7,30,42,68,70,42,11,6,281,13,39,91,88,102,63,22,4,0,421,14,12,15,12,16,10,3,0,0,91,0,6,11,13,25,27,16,0,0,98,32,64,117,119,135,97,41,11,0,613,0,0,0,4,4,4,3,0,0,28,33,21,44,49,66,83,75,75,40,479,65,100,281,313,377,346,217,112,46,1858,0,0,17,16,23,9,12,0,0,78,0,0,11,15,15,13,10,0,0,68,0,14,76,87,68,84,64,23,4,428,4,6,41,52,56,66,53,20,8,302,13,37,102,109,103,96,56,7,0,527
LGA55250,0,7,14,5,10,10,0,0,0,45,0,0,0,0,0,0,0,0,0,5,11,4,31,21,17,14,6,3,0,102,11,23,59,43,44,29,6,4,0,221,0,0,5,0,4,0,0,0,0,7,0,0,6,0,0,0,0,0,0,5,0,0,9,6,8,6,5,0,0,27,0,0,6,3,10,4,4,0,0,27,0,0,7,6,0,6,0,0,0,23,0,0,0,0,0,0,0,0,0,3,0,0,4,0,0,0,0,0,0,3,0,4,11,5,0,6,0,0,0,28,0,0,0,0,0,0,0,0,0,3,23,3,25,19,17,13,5,0,0,104,23,7,53,47,38,34,10,0,3,212,0,0,3,0,0,3,0,0,0,8,0,0,0,0,0,0,0,0,0,4,0,0,22,4,4,8,0,0,0,38,0,0,4,0,0,9,0,0,0,20,0,0,3,8,3,3,0,0,0,25
LGA55320,161,409,590,731,795,578,258,185,65,3761,9,45,77,147,227,224,177,164,77,1142,223,146,223,315,333,365,374,556,451,2990,460,1877,4220,5066,5062,3745,1917,1388,741,24472,0,35,483,737,564,370,159,41,9,2404,0,44,281,379,443,333,131,47,13,1658,3,946,2487,2437,1931,1369,756,312,96,10333,29,243,498,788,1016,992,605,305,112,4582,100,310,465,481,604,427,214,100,52,2749,51,42,50,62,65,84,42,24,10,422,17,34,72,146,240,237,199,118,46,1097,171,378,581,680,916,743,450,238,104,4272,0,12,43,66,78,109,91,41,39,478,167,140,334,317,358,428,465,603,626,3436,372,1804,4704,5406,5302,4342,2657,1581,997,27162,0,54,733,1071,795,522,268,81,12,3544,0,22,323,457,495,399,273,77,15,2061,0,853,2539,2988,2370,1558,1131,458,136,12029,33,179,431,761,964,1043,841,409,169,4821,197,338,480,536,643,568,336,132,45,3259
LGA55390,0,0,0,0,3,0,0,0,0,8,0,0,0,0,0,0,0,0,0,0,4,0,6,3,0,0,0,0,0,15,0,0,7,8,9,10,0,0,0,38,0,0,0,0,0,0,0,0,0,5,0,0,0,0,0,0,0,0,0,0,0,0,3,0,0,0,4,0,0,8,0,0,0,0,0,3,0,0,0,0,0,0,5,3,0,0,0,0,0,8,0,0,3,0,0,0,0,0,0,8,0,0,0,0,0,0,0,0,0,3,0,3,4,3,3,0,0,0,0,14,0,0,0,0,0,0,0,0,0,0,0,8,4,3,7,5,0,0,0,23,0,12,12,8,12,10,7,0,0,60,0,0,0,0,0,0,0,0,0,3,0,0,0,0,0,0,0,0,0,0,0,4,0,0,0,3,0,0,0,10,0,0,0,0,0,5,0,0,0,3,0,0,0,0,0,0,0,0,0,10
LGA55460,8,15,42,35,25,17,7,5,0,158,0,3,0,0,5,5,0,0,0,19,12,3,9,13,16,11,13,11,8,99,22,46,121,110,92,67,36,13,11,519,0,0,4,3,0,0,0,0,0,3,0,0,10,3,9,0,0,0,0,25,0,8,33,35,29,16,3,8,0,131,0,5,22,17,20,27,11,8,0,106,6,27,24,27,24,15,4,0,0,126,3,8,6,8,4,0,0,0,0,30,0,0,5,6,6,5,0,0,0,28,9,31,38,39,29,21,8,0,0,182,0,3,0,0,0,0,0,0,0,7,7,4,15,15,31,24,28,16,14,152,23,54,124,111,113,93,44,31,12,610,0,0,6,6,3,0,0,0,0,17,0,0,9,4,7,0,3,0,0,18,0,8,35,32,27,16,5,4,0,132,0,6,11,8,12,18,8,8,4,80,13,14,28,30,17,23,10,0,0,132
LGA55530,0,3,6,4,9,0,0,0,0,24,0,0,0,0,0,0,0,0,0,5,0,0,0,3,0,0,7,3,0,13,0,3,12,15,13,12,11,3,0,69,0,0,0,0,0,0,0,0,0,0,0,0,0,0,0,0,0,0,0,4,0,0,8,10,0,5,0,0,0,19,0,0,0,0,0,3,0,0,0,10,0,0,3,4,6,5,0,0,0,19,0,3,0,0,0,0,0,0,0,7,0,0,3,0,0,3,0,0,0,10,0,3,7,5,7,7,0,0,0,25,0,0,0,0,0,0,0,0,0,0,0,0,6,3,0,7,3,0,0,26,7,5,18,16,10,18,7,5,0,90,0,0,0,0,0,0,0,0,0,0,0,0,0,0,0,0,0,0,0,6,0,0,9,12,3,0,3,0,0,23,0,0,6,0,4,0,0,0,0,9,0,3,0,6,6,0,0,0,0,24
LGA55600,3,23,26,30,18,24,0,0,0,130,0,0,0,0,5,9,0,0,0,12,11,5,8,16,10,14,9,11,4,88,13,29,86,90,66,69,26,21,6,411,0,0,4,4,0,4,0,0,0,12,0,0,0,8,9,0,0,0,0,14,0,3,26,30,15,11,5,0,0,98,0,0,9,14,16,13,14,4,0,74,0,12,17,17,25,14,5,0,0,95,0,3,6,0,3,0,0,0,0,18,0,0,5,3,3,7,0,0,0,19,0,16,32,20,35,23,7,0,0,136,0,0,4,0,0,0,0,0,0,4,6,9,11,23,18,22,16,9,3,119,7,28,84,96,94,77,42,13,3,451,0,0,3,5,3,3,0,0,0,14,0,0,9,5,3,6,0,0,0,14,0,4,21,27,22,16,12,0,3,116,0,0,6,10,7,19,5,7,0,54,3,3,23,18,24,18,18,0,0,112
LGA55670,4,0,9,7,6,3,0,5,0,38,0,0,0,0,3,0,0,0,0,9,0,0,0,3,5,3,3,3,0,21,5,5,28,39,26,16,10,10,0,144,0,0,0,0,0,0,0,0,0,5,0,0,0,5,0,0,0,0,0,7,0,0,11,5,6,10,0,0,0,28,0,3,0,7,7,4,0,3,0,25,0,0,6,8,0,5,0,0,0,18,3,0,4,0,0,0,0,0,0,6,0,0,0,0,0,0,0,0,0,7,6,0,8,9,6,5,0,0,0,33,0,0,0,0,0,0,0,0,0,0,4,0,10,0,7,13,5,3,3,44,11,8,33,21,28,26,11,8,3,144,0,0,0,0,0,0,0,0,0,5,0,0,4,3,0,0,0,0,0,12,0,0,3,7,4,6,9,0,0,24,0,0,5,0,3,5,0,0,0,18,0,0,7,7,3,8,3,0,0,35
LGA55740,10,32,39,42,35,36,17,12,0,223,0,0,10,18,17,19,15,6,4,90,32,16,52,40,36,47,41,49,48,368,44,159,494,483,491,360,223,121,80,2460,0,0,87,101,85,62,26,9,0,366,0,4,34,40,42,34,17,4,0,184,0,99,282,210,230,135,88,42,8,1099,0,11,45,42,97,72,63,34,8,370,7,8,37,28,29,15,21,3,3,152,0,9,3,9,5,0,3,4,0,25,0,0,11,11,19,15,12,3,3,80,11,11,49,45,55,31,34,15,3,255,0,0,8,3,5,8,14,8,0,41,17,15,80,33,55,47,76,57,36,417,30,142,577,484,568,395,324,157,66,2739,0,4,88,135,121,77,45,15,3,489,0,0,33,48,41,43,31,16,4,212,0,74,241,257,261,170,116,67,15,1204,0,15,37,40,79,81,66,43,8,370,15,14,38,29,40,34,20,10,4,202
LGA55810,0,5,5,0,6,0,0,0,0,10,0,0,0,0,0,3,0,0,0,7,0,3,3,8,6,5,5,0,0,37,0,6,10,22,17,14,3,0,0,83,0,0,0,0,0,0,0,0,0,0,0,0,0,0,0,0,0,0,0,3,0,4,3,0,0,4,4,0,0,17,0,0,0,0,0,6,0,0,0,8,0,0,6,0,4,0,0,0,0,16,0,0,0,0,0,0,0,0,0,3,0,0,0,0,0,0,0,0,0,0,0,3,6,3,4,4,0,0,0,20,0,0,0,0,0,0,0,0,0,0,5,3,8,16,7,7,8,5,0,60,5,6,15,21,14,22,15,5,0,102,0,0,0,0,0,0,0,0,0,4,0,0,0,0,0,0,0,0,0,0,0,0,0,3,0,8,3,0,0,19,0,0,0,3,0,4,4,0,0,11,0,0,0,8,0,0,4,0,0,21
LGA55880,0,3,5,11,5,3,0,0,0,27,0,0,0,4,0,0,0,0,0,4,0,0,0,0,3,4,0,0,0,10,0,10,18,23,8,8,3,0,0,73,0,0,0,0,0,0,0,0,0,0,0,0,0,6,0,0,0,0,0,3,0,0,4,6,6,0,3,0,0,17,0,0,0,3,4,0,0,0,0,13,0,0,5,10,0,3,0,0,0,15,3,0,4,3,3,0,0,0,0,6,0,0,0,0,0,0,0,0,0,10,3,0,13,9,11,7,0,0,0,36,0,0,0,0,0,0,0,0,0,0,0,0,0,7,3,4,4,0,0,18,3,8,26,22,16,9,13,3,0,89,0,0,0,0,0,0,0,0,0,0,0,0,0,0,0,3,0,0,0,8,0,0,6,8,3,0,0,0,0,23,0,0,0,4,4,3,0,0,0,15,0,3,6,6,3,8,4,0,0,29
LGA55950,0,5,4,10,5,0,0,0,0,29,0,0,0,0,0,0,0,0,0,0,0,0,4,0,0,3,0,0,0,17,3,9,14,17,17,8,6,3,0,76,0,0,0,0,0,0,0,0,0,0,0,0,0,0,0,0,0,0,0,0,0,0,13,6,8,0,0,4,0,30,0,0,7,5,5,0,0,0,0,17,0,0,10,5,5,8,0,0,0,26,0,0,0,0,0,0,0,0,0,4,0,0,3,0,0,0,0,0,0,0,0,3,12,5,5,9,0,0,0,32,0,0,0,0,0,0,0,0,0,0,0,0,0,0,0,4,0,4,0,19,0,9,27,16,15,13,3,6,0,100,0,0,0,0,0,0,0,0,0,0,0,0,4,0,0,0,0,0,0,6,0,0,7,8,6,5,0,4,0,25,0,0,0,0,3,10,0,0,0,17,0,4,9,4,3,0,0,0,0,19
LGA56090,114,210,345,439,477,318,108,32,15,2063,5,10,19,57,89,104,73,34,11,403,131,52,78,154,180,215,161,146,80,1195,259,440,985,1680,1776,1438,708,314,125,7726,0,4,67,108,127,84,43,3,3,437,0,0,56,98,154,114,40,13,0,473,0,113,367,557,504,339,264,70,17,2244,12,62,215,280,429,386,225,84,13,1712,60,159,359,327,363,274,112,30,9,1683,30,22,27,31,47,38,24,3,0,222,3,26,44,68,101,104,75,31,4,461,92,203,431,431,511,413,204,61,19,2366,0,7,11,25,22,33,29,14,7,147,96,62,121,151,201,205,242,152,100,1324,208,454,1270,1643,1947,1581,1049,406,153,8712,0,0,79,149,154,130,68,18,0,605,0,7,74,113,141,113,53,26,3,533,0,113,430,588,598,395,326,140,25,2615,6,69,206,318,374,397,293,121,35,1822,85,174,419,411,434,383,175,48,18,2136
LGA56160,0,0,0,0,0,0,0,0,0,0,0,0,0,0,0,0,0,0,0,0,0,0,0,0,0,0,0,0,0,6,0,0,0,0,3,0,4,0,0,10,0,0,0,0,0,0,0,0,0,0,0,0,0,0,0,0,0,0,0,0,0,0,0,0,0,0,0,0,0,0,0,0,0,0,0,0,0,0,0,4,0,0,0,3,0,0,0,0,0,5,0,0,0,0,0,0,0,0,0,0,0,0,0,0,0,0,0,0,0,0,0,0,0,5,0,0,0,0,0,7,0,0,0,0,0,0,0,0,0,0,0,0,9,0,0,3,0,0,0,17,0,0,6,5,5,5,0,0,0,33,0,0,0,0,0,0,0,0,0,0,0,0,0,0,0,0,0,0,0,0,0,0,3,0,0,0,0,0,0,3,0,0,4,0,0,0,0,0,0,0,0,0,0,0,3,0,0,0,0,4
LGA56230,40,87,177,183,177,83,54,13,3,833,5,0,8,16,26,35,42,11,3,148,59,25,48,71,67,106,95,92,21,577,99,159,364,476,442,387,289,150,31,2400,0,6,14,12,8,10,4,0,0,63,0,0,18,26,20,21,8,0,0,91,0,21,108,116,94,73,51,35,8,506,8,38,64,92,129,109,91,25,10,559,24,96,195,219,175,144,52,20,5,928,16,26,33,20,19,20,6,0,0,138,3,7,12,42,45,30,43,12,0,194,46,126,238,274,233,201,103,30,4,1262,0,0,7,8,7,9,8,8,3,46,61,33,73,82,108,126,143,113,24,765,121,221,520,606,599,557,408,214,47,3288,0,4,13,22,17,19,20,4,0,89,0,4,16,27,27,30,12,0,0,124,0,30,122,125,131,67,80,35,3,596,3,24,89,129,137,129,111,36,17,675,54,102,254,274,227,204,80,24,8,1232
LGA56300,3,0,12,15,22,12,0,4,0,67,0,0,5,0,5,3,4,0,0,11,0,0,0,3,6,4,8,5,0,29,5,7,24,41,52,83,32,9,0,249,0,0,0,0,0,3,3,0,0,12,0,0,0,0,3,4,6,0,0,18,0,3,3,6,9,21,6,4,0,62,0,0,0,10,13,21,17,5,0,70,0,4,11,8,20,16,3,4,0,57,0,3,0,0,0,0,0,0,0,9,0,0,0,0,9,0,7,0,0,18,0,5,13,12,24,17,9,5,0,80,0,0,0,0,0,4,3,0,0,5,4,0,6,3,12,13,19,6,3,65,3,13,26,37,60,82,62,18,5,313,0,0,5,5,0,3,4,0,0,21,0,0,3,0,6,6,7,0,0,29,0,0,6,12,10,19,17,7,0,74,0,0,8,13,8,16,27,6,0,80,0,0,13,11,9,22,6,0,0,67
LGA56370,0,0,10,3,0,3,3,0,0,25,0,0,0,0,6,0,0,0,0,10,3,3,0,3,5,3,6,5,11,39,7,5,23,20,19,20,14,11,15,132,0,0,0,0,0,0,0,0,0,0,0,0,0,0,0,0,0,0,0,7,0,3,17,4,6,9,5,0,0,38,0,0,0,0,0,6,6,0,0,27,0,0,9,4,0,5,0,0,0,22,0,0,0,0,3,3,0,0,0,3,0,0,0,3,0,3,0,0,0,9,0,4,7,11,4,4,0,3,0,34,0,0,0,0,0,0,0,0,0,0,6,0,3,6,8,4,14,3,5,45,6,9,35,14,11,32,22,12,8,154,0,0,0,0,0,0,0,0,0,3,0,0,0,0,0,0,0,0,0,4,0,0,7,14,4,5,3,0,0,46,0,0,7,0,0,8,3,0,3,22,0,4,3,5,0,4,0,4,0,20
LGA56460,28,39,67,51,47,34,15,10,0,286,0,0,0,5,9,10,3,0,3,31,11,10,18,18,23,26,23,31,18,180,40,77,163,173,187,115,70,49,21,905,0,0,6,8,6,3,0,0,0,25,0,0,9,14,3,11,3,4,0,44,0,18,42,37,42,44,7,9,0,202,0,7,29,34,40,45,29,11,6,193,12,24,48,48,31,36,14,0,3,226,13,9,17,4,0,6,7,0,0,51,0,0,8,8,15,10,5,0,0,52,24,35,71,63,51,50,30,5,3,331,0,0,0,0,3,3,0,0,0,15,35,25,36,27,43,64,54,42,17,337,62,82,196,183,193,223,120,64,25,1149,0,0,7,3,7,0,3,0,0,29,0,0,3,5,9,13,7,0,0,38,0,22,57,50,30,54,17,11,4,246,0,8,24,32,32,44,27,14,0,185,9,19,48,59,43,47,26,6,0,260
LGA56580,17,34,45,70,100,85,38,23,12,418,0,6,7,17,40,51,56,24,19,224,33,33,32,44,76,61,47,63,99,496,59,367,680,1149,1395,1071,570,314,186,5793,0,16,108,257,295,185,106,21,4,986,0,5,36,80,114,99,68,22,5,434,0,292,452,590,657,472,297,135,44,2937,3,23,50,95,172,215,174,69,36,838,16,26,44,30,48,48,24,13,8,256,8,0,9,9,3,7,4,6,3,49,0,3,7,16,27,34,40,10,10,154,24,33,57,58,83,90,67,33,20,457,0,0,6,9,23,17,22,12,8,93,33,34,44,61,79,109,88,76,69,598,58,407,749,1153,1420,1187,817,364,191,6345,0,20,170,311,375,241,146,43,9,1324,0,0,47,83,141,129,87,40,6,536,0,259,446,618,696,490,403,191,77,3186,0,17,43,82,151,208,185,120,55,856,18,20,50,60,40,61,33,12,3,299
LGA56620,0,3,10,6,8,8,0,0,0,42,0,0,0,0,0,0,0,0,0,3,12,6,10,11,9,6,3,0,0,67,17,9,32,21,29,36,7,0,0,164,0,0,0,0,0,4,0,0,0,4,0,0,0,0,0,4,0,0,0,7,0,0,14,4,5,5,0,0,0,25,0,0,3,0,3,4,0,0,0,10,0,0,5,5,0,3,0,0,0,19,0,0,0,0,0,4,3,0,0,3,0,0,4,0,0,0,0,0,0,17,0,0,6,8,0,10,7,0,0,36,0,0,0,0,0,0,0,0,0,0,23,15,44,28,34,13,15,7,0,177,28,21,67,44,40,35,19,7,0,264,0,0,0,0,0,0,0,0,0,5,0,0,0,0,0,3,0,0,0,9,0,0,9,3,5,0,0,0,0,22,0,0,0,0,0,3,0,0,0,7,0,0,0,8,0,4,0,0,0,17
LGA56730,24,55,152,150,98,94,28,10,0,612,0,3,13,15,11,21,17,6,0,88,39,24,66,69,61,95,77,62,32,534,69,113,343,377,320,348,186,94,45,1897,0,0,13,5,10,14,4,0,0,58,0,0,5,9,13,11,7,0,0,47,0,18,83,93,61,67,28,13,0,355,0,12,48,64,74,80,54,17,7,347,15,48,124,92,98,91,38,3,6,508,18,6,33,29,14,18,0,9,0,126,4,7,12,28,24,24,13,5,0,124,38,63,168,146,141,135,55,16,7,759,0,3,3,5,3,4,6,4,0,38,40,26,58,70,82,105,100,69,54,615,84,120,389,394,379,424,252,113,60,2209,0,4,18,27,13,13,10,0,0,81,0,5,9,16,21,17,14,0,0,79,0,17,73,88,84,61,50,21,6,393,0,15,46,61,79,97,57,23,7,380,15,48,108,122,138,85,58,12,3,591
LGA56790,3,11,32,43,37,22,17,0,0,167,0,0,0,3,6,10,4,4,0,30,14,3,3,15,22,19,21,23,5,135,17,17,75,112,113,97,70,34,8,554,0,0,0,3,6,9,0,0,0,13,0,0,3,7,7,5,4,0,0,20,0,0,24,24,26,16,14,0,0,106,0,7,9,21,29,30,10,13,0,109,9,8,21,33,32,24,16,3,0,135,0,0,6,6,4,3,5,0,0,27,0,6,0,3,7,12,3,0,0,36,4,11,27,46,44,36,25,6,0,201,0,0,0,0,0,0,5,0,0,15,7,12,20,20,34,39,36,26,11,203,15,29,82,108,140,130,99,48,16,662,0,0,0,4,3,7,4,0,0,26,0,0,4,6,7,5,0,0,0,24,0,0,14,23,25,23,15,5,4,116,0,0,7,17,20,29,25,9,0,105,0,8,27,27,27,33,24,0,0,146
LGA56860,0,0,0,4,4,0,0,0,0,7,0,0,0,0,0,0,0,0,0,0,0,0,0,3,0,0,0,0,0,7,0,0,8,11,8,9,0,0,0,34,0,0,0,0,0,0,0,0,0,0,0,0,0,0,0,0,0,0,0,0,0,0,5,5,3,0,0,0,0,6,0,0,0,0,0,7,0,0,0,7,0,6,0,3,3,3,0,0,0,9,0,0,0,0,0,0,0,0,0,0,0,0,0,0,0,0,0,0,0,4,0,6,0,3,3,6,0,0,0,15,0,0,0,0,0,0,0,0,0,0,0,0,0,3,0,0,0,0,0,8,0,4,3,14,9,8,3,0,0,45,0,0,0,0,0,0,0,0,0,0,0,0,0,0,0,0,0,0,0,0,0,0,0,0,5,0,0,0,0,7,0,0,0,0,0,4,0,0,0,7,0,3,0,0,4,0,0,0,0,7
LGA56930,4,4,9,3,5,7,0,0,0,33,0,0,0,3,0,9,3,5,3,18,16,4,11,4,8,12,5,4,3,70,17,31,56,67,90,93,33,25,17,431,0,5,11,12,16,14,0,0,4,61,0,0,5,0,3,6,0,0,3,17,0,22,42,33,48,36,20,11,6,224,0,0,3,9,15,19,15,9,5,72,0,0,3,0,0,0,0,0,0,19,0,0,0,0,0,0,0,0,0,8,0,0,0,0,0,7,8,0,0,16,0,4,3,5,3,5,8,5,6,38,0,0,0,0,0,3,0,0,0,4,9,5,12,5,13,9,7,8,3,64,9,36,66,65,102,95,51,34,16,479,0,0,13,9,20,10,11,0,0,72,0,0,0,0,7,3,0,0,3,25,0,15,28,39,56,41,34,10,3,225,0,0,0,0,7,12,14,11,7,59,3,6,6,3,0,0,0,0,4,18
LGA57000,0,6,9,3,3,4,0,0,0,28,0,0,0,0,0,0,0,0,0,6,0,0,0,5,0,7,0,4,0,16,0,5,33,18,19,16,6,9,0,108,0,0,0,0,0,0,0,0,0,0,0,0,4,0,0,0,0,0,0,4,0,0,8,4,3,0,0,0,0,19,0,0,0,0,7,3,0,0,0,12,0,0,7,0,4,4,0,0,0,23,0,0,0,0,0,0,0,0,0,0,0,0,0,3,0,0,0,0,0,8,3,0,7,6,7,8,0,0,0,29,0,0,0,0,0,0,0,0,0,0,0,0,4,3,5,5,4,0,0,26,3,0,20,15,20,14,5,5,0,89,0,0,0,0,0,0,0,0,0,3,0,0,0,0,0,3,0,0,0,3,0,0,0,4,4,0,0,0,0,18,0,0,5,7,0,6,0,0,0,16,0,0,4,7,4,4,0,0,0,23
LGA57080,29,104,147,57,75,66,31,13,7,521,4,19,52,21,18,33,29,6,5,177,54,186,463,141,127,132,72,37,20,1249,99,821,2617,776,629,583,290,111,50,5970,0,19,588,273,121,78,30,15,3,1135,0,6,133,62,41,33,19,0,0,295,4,499,1623,494,222,177,116,39,10,3196,20,154,319,151,121,114,70,26,11,998,25,94,180,66,58,49,22,10,6,496,13,23,11,3,6,11,6,0,0,71,0,8,43,22,14,30,22,6,3,150,39,125,228,92,82,86,55,17,6,716,8,22,48,19,6,17,13,3,0,131,67,267,665,244,181,153,117,82,22,1795,139,1101,3596,1334,773,657,428,184,58,8272,0,54,851,475,191,127,67,19,5,1791,0,24,131,80,58,51,38,11,4,392,0,556,1670,778,328,262,169,75,16,3853,19,176,346,213,152,167,105,39,14,1226,71,142,215,86,100,70,37,13,0,741
LGA57140,0,11,15,7,10,5,5,0,4,57,0,0,0,0,0,0,0,0,0,5,5,4,3,9,8,5,3,6,4,40,3,11,31,25,32,30,17,7,3,179,0,0,0,0,0,0,0,0,0,0,0,0,0,0,0,0,0,0,0,4,0,3,7,7,4,7,7,0,0,33,0,0,3,5,10,17,5,5,0,45,4,0,17,4,3,16,10,0,0,49,0,4,0,0,3,3,0,0,0,12,0,0,0,3,5,0,0,0,0,9,4,4,15,10,14,16,12,0,0,73,0,0,0,0,0,5,0,0,0,5,5,4,5,7,6,22,13,12,0,76,8,8,38,30,35,61,35,16,5,234,0,0,0,0,0,0,0,0,0,4,0,0,5,0,0,4,0,0,0,11,0,3,4,11,5,6,7,0,0,41,0,0,10,8,10,14,6,3,0,40,0,0,6,3,8,13,5,3,0,47
LGA57210,13,24,47,63,57,47,21,4,0,286,0,0,4,4,9,13,5,0,3,40,12,3,19,19,25,30,23,19,5,154,31,33,132,163,188,178,90,40,9,865,0,0,0,9,13,0,3,0,0,25,0,0,6,9,10,4,7,0,0,36,0,8,24,36,47,53,24,10,0,196,0,7,18,31,45,55,41,16,0,200,12,26,41,56,75,44,12,4,0,269,6,11,4,10,13,11,0,0,0,48,0,5,4,5,11,24,15,0,5,63,18,37,55,73,93,77,27,4,5,380,0,0,0,3,3,3,9,0,0,19,18,14,14,32,42,44,51,31,23,258,37,56,116,186,250,237,150,58,29,1118,0,0,0,12,10,6,5,0,0,35,0,0,4,9,8,12,9,0,0,43,0,9,39,52,54,47,48,10,6,259,0,3,20,27,57,61,40,25,6,232,12,27,56,55,78,59,29,4,0,319
LGA57280,36,135,249,154,99,40,4,0,0,721,4,6,16,15,20,16,4,0,0,82,94,120,287,218,193,79,21,8,0,1020,143,353,1014,688,505,212,47,16,0,2964,0,3,22,36,16,7,3,0,0,84,0,3,45,39,15,11,0,0,0,109,0,41,277,178,93,41,13,4,0,644,4,20,179,109,105,57,12,0,0,488,15,70,244,136,74,48,8,0,0,590,19,20,40,32,14,0,0,0,0,129,0,4,23,28,22,5,3,0,0,88,28,104,299,196,109,63,13,0,0,810,0,0,18,10,7,6,0,0,0,43,77,90,265,176,177,96,40,12,4,937,112,264,1100,748,508,266,88,16,8,3110,0,4,41,47,21,20,3,0,0,121,0,5,34,32,22,14,10,0,0,116,0,49,289,251,107,61,15,3,0,772,0,12,139,148,98,65,8,0,0,484,17,59,268,205,113,69,17,0,0,747
LGA57350,0,3,0,12,9,8,6,4,0,47,0,0,0,0,4,4,0,5,0,13,0,0,5,5,7,8,4,9,3,37,3,9,24,32,38,28,21,18,0,172,0,0,0,0,5,0,0,0,0,5,0,0,3,5,0,0,0,0,0,8,0,0,7,13,9,4,4,0,0,34,0,0,0,4,10,12,7,4,0,35,0,0,9,3,16,7,3,0,0,36,0,0,0,0,0,0,3,0,0,7,0,0,0,0,4,8,0,0,0,11,0,0,11,7,19,13,3,0,0,59,0,0,0,0,0,0,0,0,0,4,0,0,3,8,14,14,9,18,9,78,0,5,24,29,49,48,26,23,9,219,0,0,0,0,0,0,0,0,0,3,0,0,0,4,0,0,0,0,0,6,0,0,7,8,8,5,3,3,0,35,0,0,3,5,8,7,0,0,0,30,3,0,3,0,11,14,6,0,7,39
LGA57420,8,13,39,23,15,10,5,0,0,116,0,0,0,4,3,4,6,0,0,16,0,4,6,7,12,14,14,11,3,70,8,21,90,79,69,43,43,14,7,367,0,0,0,0,0,0,4,0,0,5,0,0,0,0,0,3,0,0,0,13,0,0,22,14,10,11,14,3,0,68,0,5,12,11,19,8,10,9,0,77,0,0,14,11,10,13,5,0,0,54,0,5,4,0,0,0,0,0,0,12,0,0,3,3,4,3,0,0,0,19,0,8,22,14,19,16,4,4,0,88,0,0,0,0,0,0,0,0,0,3,0,3,17,12,17,22,20,8,0,108,4,15,74,60,64,61,53,20,4,352,0,0,5,4,3,0,0,0,0,16,0,0,3,3,0,0,4,0,0,11,0,3,35,30,12,10,8,7,0,114,0,5,18,8,20,15,5,5,5,80,0,11,27,16,18,12,3,4,0,94
LGA57490,423,1008,1704,1709,1290,613,238,91,16,7086,22,48,114,155,196,173,136,64,18,938,361,218,394,538,466,424,457,551,239,3655,865,1757,4153,4616,3594,2060,1236,836,311,19421,0,14,183,225,147,90,30,3,0,694,0,34,192,214,196,98,28,8,6,776,0,343,1414,1394,939,508,266,105,38,5006,67,334,1064,1226,1129,671,319,129,29,4958,277,940,2088,1538,1425,705,271,92,24,7364,122,171,252,179,134,103,49,10,3,1033,39,90,237,306,250,226,145,44,13,1348,441,1196,2585,2026,1814,1034,468,141,37,9747,7,24,52,59,88,71,52,33,12,398,332,420,798,681,737,624,596,602,319,5094,849,2364,6283,5828,5041,3092,1761,1020,435,26678,0,14,223,357,244,141,79,11,0,1072,4,34,235,324,275,191,85,21,0,1165,0,396,1522,1743,1287,740,405,157,39,6293,33,332,1143,1382,1392,971,470,188,46,5957,392,949,2501,2133,1822,1233,484,119,30,9656
LGA57630,0,0,0,0,4,0,0,0,0,4,0,0,0,0,0,0,0,0,0,0,0,0,0,0,0,0,0,0,0,6,0,0,0,0,6,0,0,0,0,16,0,0,0,0,0,0,0,0,0,0,0,0,0,0,0,0,0,0,0,0,0,0,0,0,0,0,0,0,0,3,0,0,0,0,5,0,0,0,0,6,0,0,0,0,3,3,0,0,0,5,0,0,0,0,0,0,0,0,0,0,0,0,0,0,0,0,0,0,0,0,0,0,0,0,5,3,0,0,0,4,0,0,0,0,0,0,0,0,0,0,0,0,0,0,0,5,0,0,0,7,0,0,0,0,8,7,5,0,0,22,0,0,0,0,0,0,0,0,0,0,0,0,0,0,0,0,0,0,0,0,0,0,0,0,0,0,0,0,0,4,0,0,0,0,0,0,0,0,0,0,0,0,0,0,3,4,0,0,0,6
LGA57700,73,167,283,274,207,120,47,10,3,1187,0,5,18,36,35,40,14,3,0,159,48,29,32,78,70,73,53,55,38,472,140,304,616,764,602,415,192,81,45,3156,0,5,63,57,27,18,3,0,0,178,0,8,40,54,39,25,5,0,0,166,0,82,370,284,192,95,68,22,7,1106,13,83,302,238,223,158,48,17,3,1086,59,224,492,330,236,156,49,11,3,1560,27,37,66,34,37,18,6,0,0,226,10,17,54,67,75,38,26,5,3,302,99,277,612,429,350,215,79,19,8,2086,0,3,10,9,19,6,9,4,0,64,60,74,157,150,134,107,93,54,15,834,174,524,1551,1217,983,624,312,107,35,5531,0,3,55,104,46,27,10,3,0,263,0,7,83,73,52,40,12,7,0,282,0,76,457,416,258,163,87,32,0,1486,10,71,358,359,294,241,95,39,4,1472,101,247,702,505,349,208,87,14,0,2211
LGA57770,3,6,11,11,7,8,4,0,0,54,0,0,0,0,0,0,0,0,0,9,0,0,7,0,4,7,0,0,0,18,3,8,37,34,19,26,9,3,0,155,0,0,0,0,4,0,0,0,0,10,0,0,0,0,0,0,0,0,0,3,0,6,14,12,9,7,0,0,0,51,0,0,6,9,6,5,8,0,0,28,0,6,8,8,3,5,6,0,0,40,0,3,3,4,0,3,0,0,0,14,0,0,0,0,3,4,0,0,0,13,0,10,6,15,9,13,8,0,0,64,0,0,0,0,0,3,0,0,0,6,0,0,15,6,3,4,6,3,0,43,0,12,47,41,25,24,32,7,0,198,0,3,8,4,4,0,0,0,0,16,0,0,0,0,3,0,3,0,0,9,0,3,20,15,9,11,3,0,0,60,0,0,10,11,5,4,4,3,0,42,3,6,10,8,13,9,3,0,0,46
LGA57840,57,237,285,245,250,215,103,45,24,1466,3,21,39,51,73,91,70,37,28,420,80,158,236,166,183,180,163,236,245,1654,156,1144,2805,2130,1951,1488,754,508,366,11296,0,19,478,401,274,210,82,19,4,1490,0,24,156,159,186,148,51,19,5,745,9,507,1511,1035,764,558,251,122,28,4783,17,106,313,259,343,409,220,99,44,1807,43,133,240,168,191,158,83,30,16,1067,21,27,29,19,23,27,31,4,4,177,6,19,36,46,77,93,60,30,19,372,69,174,300,237,288,270,173,61,41,1617,4,15,31,18,32,38,36,27,16,213,84,134,274,213,214,250,237,209,277,1897,181,982,3065,2319,2107,1874,1055,556,413,12551,0,47,563,524,346,264,149,34,3,1935,0,31,167,191,180,172,109,39,6,904,0,495,1455,1213,964,706,440,171,45,5488,13,113,224,295,330,395,314,156,55,1899,53,201,263,205,210,190,120,36,16,1283
LGA57910,292,1205,2105,1675,1476,1029,484,248,92,8610,19,77,267,278,323,335,286,201,78,1851,514,582,1279,958,821,933,978,1114,789,7971,878,4140,12895,9933,7613,5717,3278,2176,1131,47757,0,101,1681,1369,794,459,198,35,8,4635,0,58,730,720,669,480,189,56,10,2912,8,1650,7188,4749,2905,1853,1069,428,110,19958,68,514,2132,1906,1712,1481,842,396,116,9178,187,805,1896,1351,1205,844,379,174,69,6904,95,110,202,168,179,113,74,35,12,993,27,98,308,404,485,366,296,148,59,2183,309,1008,2410,1923,1858,1324,750,356,146,10086,14,43,205,140,131,155,139,102,43,971,316,477,1545,1084,931,1007,1075,1100,896,8431,718,3859,15889,11891,8992,6745,4262,2482,1328,56166,0,154,2367,2250,1186,682,340,113,14,7103,3,65,900,984,801,604,368,106,19,3855,5,1621,7328,6233,3815,2295,1565,678,198,23738,42,557,2052,2101,1943,1691,1237,575,204,10398,320,911,2000,1650,1421,1192,660,240,87,8481
LGA57980,6,44,77,58,72,65,43,24,7,384,0,4,13,28,19,27,33,22,6,147,23,37,106,71,68,81,77,76,69,614,35,328,1155,955,829,725,423,224,110,4784,0,23,186,252,183,122,80,21,4,861,0,4,83,80,86,80,43,11,3,390,0,196,685,466,386,291,181,76,10,2300,0,16,112,103,113,116,102,56,21,641,6,38,67,41,54,38,31,12,0,277,9,3,0,4,4,6,3,4,3,38,0,0,13,20,20,23,29,13,5,124,19,40,78,64,80,67,63,18,12,439,0,0,5,9,13,8,11,11,0,55,27,40,141,92,66,93,104,102,85,731,45,316,1285,1063,929,776,582,301,134,5425,0,18,283,305,235,182,125,44,15,1208,0,9,75,81,96,74,82,35,4,454,0,217,697,561,428,334,254,112,27,2626,7,25,77,96,125,131,117,93,28,693,26,44,68,59,45,43,34,18,6,345
LGA58050,315,827,1599,1490,1111,600,179,61,12,6195,20,33,128,178,207,172,110,66,11,925,398,289,553,679,583,504,474,352,233,4074,807,1782,4645,4812,3686,2300,1160,589,278,20054,0,16,417,335,196,132,46,12,0,1152,0,34,204,229,190,133,42,9,0,841,3,568,2194,1710,1071,600,266,75,23,6503,53,373,1276,1354,1068,705,312,120,24,5296,205,822,1860,1435,1235,727,242,53,11,6596,139,156,239,182,151,81,40,11,0,982,29,81,239,327,324,221,134,50,7,1405,368,1057,2340,1939,1702,1033,417,116,20,8982,14,31,101,91,86,82,48,26,6,487,331,429,916,881,768,632,602,448,299,5307,767,2510,7445,6541,5079,3314,1728,806,375,28560,0,32,615,693,339,220,94,20,6,2021,0,48,325,383,282,174,86,21,3,1323,4,597,2714,2471,1501,847,457,155,37,8783,26,378,1456,1592,1353,979,462,166,34,6445,347,1026,2462,1967,1611,1107,444,100,18,9094
LGA58190,6,0,5,5,0,3,0,0,0,13,0,0,0,0,0,0,0,0,0,0,0,0,0,0,4,0,0,4,0,17,6,0,13,11,13,6,0,12,0,64,0,0,0,0,0,0,0,0,0,0,0,0,4,0,0,0,0,0,0,3,0,0,3,10,3,0,0,0,0,21,0,0,0,0,8,0,0,0,0,9,0,0,0,7,0,0,6,0,0,10,0,0,0,0,0,0,0,0,0,5,0,3,0,0,0,0,0,0,0,5,0,0,0,4,5,0,0,0,0,17,0,0,0,0,0,0,0,0,0,0,0,4,5,4,5,3,5,0,0,20,0,9,21,15,17,9,8,3,0,78,0,0,0,0,0,0,0,0,0,0,0,0,0,0,0,0,0,0,0,0,0,0,4,0,9,3,3,0,0,24,0,0,0,5,0,3,0,0,0,11,3,0,5,0,3,0,0,0,0,14
LGA58260,0,0,6,9,5,7,0,0,0,32,0,0,0,0,0,3,0,0,0,7,4,3,0,0,6,3,0,3,0,21,4,8,20,26,25,22,6,0,0,106,0,0,0,0,0,0,0,0,0,4,0,0,0,0,0,0,0,0,0,0,0,0,5,12,4,4,0,0,0,23,0,0,5,5,7,3,4,0,0,18,0,0,8,7,0,0,0,0,0,18,0,0,0,0,0,0,0,0,0,0,0,0,3,4,0,5,0,0,0,11,0,0,12,13,5,8,0,0,0,34,0,0,0,0,0,0,0,0,0,0,0,0,7,3,0,11,9,0,0,33,0,7,20,30,11,21,15,0,4,112,0,0,0,3,0,0,0,0,0,5,0,0,0,0,0,0,0,0,0,8,0,0,3,6,6,4,0,0,0,18,0,0,0,10,0,3,3,0,0,17,0,0,7,3,7,4,3,0,0,24
LGA58330,15,14,27,52,65,54,21,0,0,257,0,0,0,0,17,19,11,3,0,55,8,0,8,22,43,40,26,15,0,173,27,26,86,146,231,227,92,21,8,862,0,0,5,5,5,13,7,0,0,40,0,0,4,3,14,15,10,0,0,39,0,3,24,26,43,52,22,3,0,178,0,3,18,15,61,49,39,14,0,203,7,16,24,33,46,52,19,4,0,202,4,4,5,6,6,7,3,0,0,29,0,3,4,3,14,14,17,0,0,56,13,20,34,43,64,79,38,7,0,292,0,0,0,0,0,5,0,4,0,12,15,14,19,20,53,54,60,19,0,254,26,45,96,125,243,254,175,48,8,1014,0,0,5,5,8,10,11,7,0,51,0,0,4,10,8,19,9,0,0,52,0,3,20,32,30,44,37,12,0,185,0,0,15,30,44,72,48,18,0,236,0,14,45,41,52,70,33,4,0,251
LGA58400,0,0,4,5,7,0,0,0,0,20,0,0,0,0,0,0,6,0,0,6,0,0,0,3,0,0,5,6,0,9,0,4,8,15,11,6,12,6,0,57,0,0,0,0,5,0,0,0,0,5,0,0,0,0,0,0,0,0,0,6,0,0,0,3,0,0,3,0,0,9,0,0,0,0,0,0,0,0,0,8,0,0,0,0,6,5,0,0,0,8,0,0,0,0,3,0,0,0,0,0,0,3,0,0,0,0,0,0,0,5,0,3,5,0,3,5,4,0,0,16,0,0,0,0,0,0,0,0,0,0,0,0,0,3,5,7,4,5,0,31,0,4,4,10,16,13,8,5,0,60,0,0,0,0,0,0,0,0,0,0,0,0,0,0,0,0,0,0,0,4,0,0,0,0,0,3,0,0,0,4,0,0,0,0,3,0,4,0,0,7,0,5,5,0,0,0,0,0,0,13
LGA58470,0,0,0,0,0,0,0,0,0,3,0,0,0,0,0,0,0,0,0,0,0,3,0,0,0,0,0,0,0,9,0,3,4,0,8,4,0,0,0,25,0,0,6,0,0,0,0,0,0,4,0,0,0,0,0,0,0,0,0,0,0,0,0,0,0,0,0,0,0,3,0,0,0,0,0,0,0,0,0,0,0,0,0,0,0,0,0,0,0,4,0,0,0,0,0,0,0,0,0,0,0,0,0,0,0,0,0,0,0,0,0,3,0,0,0,0,0,0,0,10,0,0,0,0,0,0,0,0,0,0,7,3,4,0,3,3,0,0,0,14,7,0,10,0,8,8,0,0,0,35,0,0,0,0,0,0,0,0,0,3,0,0,0,0,0,0,0,0,0,0,0,0,0,0,3,0,0,0,0,9,0,0,0,5,0,0,0,0,0,5,0,0,0,0,0,0,0,0,0,3
LGA58510,54,175,370,269,210,127,45,41,20,1310,16,26,49,34,46,48,36,26,20,289,88,150,272,190,164,148,138,240,383,1776,168,929,2792,1736,1131,758,366,398,459,8737,0,27,432,318,144,76,34,5,6,1040,0,17,141,134,84,70,22,11,0,483,0,364,1520,839,407,229,117,46,18,3540,17,139,418,285,267,201,99,38,12,1479,33,135,318,201,182,117,50,23,13,1073,20,27,30,23,19,21,11,5,3,149,6,13,59,39,54,47,29,19,15,283,58,173,406,258,258,185,89,45,31,1505,4,12,29,18,21,21,14,11,4,135,64,133,427,239,210,189,174,234,380,2050,148,863,3379,2096,1385,962,559,389,449,10227,0,26,571,487,221,129,59,15,3,1514,0,22,171,154,128,89,55,13,0,636,0,355,1555,1052,558,327,199,79,21,4145,11,167,357,303,283,230,162,58,24,1590,84,208,329,259,226,174,82,32,7,1403
LGA58540,0,7,14,9,4,4,0,0,0,42,0,0,3,0,0,5,0,0,0,10,0,0,3,3,0,0,5,0,0,18,3,9,36,39,32,21,13,4,0,147,0,0,0,0,0,0,0,0,0,7,0,0,0,0,3,0,0,0,0,4,0,3,7,11,9,0,0,0,0,39,0,0,4,4,12,3,8,0,0,31,0,0,5,4,13,9,0,0,0,29,0,0,0,0,0,0,0,0,0,8,0,0,0,0,0,0,0,0,0,3,0,0,7,10,12,6,0,0,0,38,0,0,0,0,5,0,0,0,0,5,3,0,0,6,5,6,7,7,0,42,3,10,33,35,42,18,20,9,0,163,0,0,0,0,4,0,0,0,0,4,0,0,0,0,0,0,0,0,0,6,0,0,5,12,11,5,0,0,0,37,0,0,8,5,3,11,4,4,0,36,0,0,5,7,9,4,0,0,0,32
LGA58570,29,184,313,243,183,102,27,17,10,1101,0,13,49,41,36,35,23,13,7,219,47,137,352,173,154,147,107,134,118,1363,97,867,3098,2043,1327,812,317,230,146,8940,0,22,438,383,208,128,60,12,0,1261,0,11,194,199,140,107,29,0,5,685,0,381,1833,1015,555,333,133,49,11,4309,6,97,403,261,271,191,77,35,13,1365,21,144,278,157,138,87,41,19,15,894,14,17,32,15,18,13,9,0,5,128,0,22,41,46,57,49,27,13,8,266,36,187,353,226,214,149,70,26,17,1287,3,8,34,18,14,10,11,4,9,104,97,146,437,227,169,159,120,109,111,1571,143,861,3690,2331,1571,1073,492,240,165,10573,0,31,642,534,305,171,105,15,3,1807,0,19,236,209,184,138,66,8,0,856,0,397,1805,1261,758,466,234,69,15,5005,9,123,368,293,282,255,133,41,17,1532,42,155,278,198,172,121,50,21,15,1068
LGA58610,3,4,19,14,20,17,5,0,0,86,0,0,3,3,7,3,10,0,4,25,6,0,9,3,13,7,14,14,4,61,10,10,46,38,57,52,30,17,7,275,0,0,0,0,0,0,0,0,0,0,0,0,0,0,0,8,0,0,0,11,0,0,16,20,6,13,11,0,0,67,0,0,9,7,8,12,5,4,0,43,3,10,14,17,12,20,3,0,3,81,0,4,5,4,3,0,0,0,0,13,0,0,0,3,3,7,3,0,0,20,7,12,21,20,24,28,11,3,3,117,0,0,0,0,0,0,0,0,0,0,11,5,10,10,20,28,21,15,12,123,12,19,48,61,57,93,42,25,16,374,0,0,0,0,0,0,0,0,0,9,0,0,0,4,6,0,4,0,0,17,0,0,23,20,5,7,11,4,0,83,0,0,11,7,5,17,10,0,0,42,0,7,13,13,16,21,13,0,0,83
LGA58680,0,6,4,5,7,6,0,0,0,21,0,0,0,0,0,3,0,0,0,6,0,0,0,6,0,4,0,0,0,6,3,5,8,24,11,13,5,0,0,74,0,0,0,0,0,0,0,0,0,0,0,0,0,0,0,0,0,0,0,0,0,0,4,3,3,0,0,0,0,16,0,0,0,0,3,3,0,0,0,13,0,0,0,3,7,4,0,0,0,21,3,0,5,0,0,0,0,0,0,7,0,0,0,3,6,0,0,0,0,7,3,4,3,6,8,3,0,0,0,32,0,0,0,0,0,0,0,0,0,4,0,0,7,3,0,4,8,0,0,26,3,6,14,23,24,18,7,5,0,95,0,0,0,0,0,0,0,0,0,0,0,0,0,0,0,0,0,0,0,0,0,0,0,6,6,0,0,0,0,18,0,0,7,3,5,3,5,0,0,24,0,0,8,8,4,3,3,0,0,31
LGA58760,516,1111,2348,2251,1584,820,349,207,139,9323,23,79,189,270,279,222,181,69,17,1335,455,310,676,753,635,481,455,383,224,4371,1072,2567,7449,7340,4877,2748,1458,839,422,28770,0,40,528,503,281,124,61,12,0,1552,5,51,393,390,240,137,42,18,0,1266,10,859,3365,2819,1622,727,328,134,25,9888,100,588,1987,2188,1756,905,447,146,48,8166,363,1126,2666,2060,1818,883,341,113,31,9383,185,170,294,275,199,111,48,17,4,1311,41,128,352,487,442,348,214,58,18,2091,594,1423,3311,2822,2461,1335,601,188,55,12787,14,34,127,118,135,118,79,44,3,662,489,478,1083,972,992,768,706,595,413,6500,1207,3467,10787,9810,7491,4120,2260,1127,545,40818,0,41,633,897,485,236,110,24,4,2435,5,62,479,590,449,234,111,26,4,1952,7,886,3631,3754,2387,1159,590,218,40,12664,49,595,2038,2350,2243,1527,710,234,70,9828,476,1297,3042,2628,2356,1487,603,150,29,12074
LGA58820,15,26,60,43,56,18,5,10,0,231,0,0,4,3,6,9,11,3,0,40,7,5,6,12,11,8,27,16,7,103,19,39,104,118,107,79,69,32,12,569,0,0,3,3,9,0,0,0,0,12,0,0,5,3,4,4,3,0,0,23,0,5,19,35,29,13,9,4,0,114,5,9,14,20,33,33,20,7,4,133,9,24,59,42,45,33,7,0,0,214,9,3,5,3,9,0,6,0,0,35,0,5,0,6,10,4,8,0,0,41,14,30,73,56,61,40,20,6,6,293,0,0,0,0,3,0,0,0,0,5,18,8,25,29,25,44,56,51,24,287,35,50,138,143,154,136,105,72,33,861,0,0,5,5,7,0,4,0,0,12,0,0,0,5,5,9,4,0,0,23,0,0,24,35,22,27,9,5,3,132,4,3,15,28,34,40,27,12,4,155,13,22,56,69,59,52,19,3,0,295
LGA58890,0,5,9,6,12,0,0,0,0,34,0,0,0,0,4,0,0,0,0,7,0,0,0,3,3,4,3,0,0,20,3,10,26,37,39,17,9,8,0,147,0,0,0,0,0,0,0,0,0,0,0,0,0,0,0,0,0,0,0,9,0,0,9,11,14,4,0,0,0,36,0,0,3,6,9,10,0,0,0,24,3,3,6,10,8,7,0,0,0,37,0,0,0,0,0,0,0,0,0,4,0,0,0,0,0,0,0,0,0,11,3,4,10,8,12,10,0,0,0,47,0,0,0,0,0,0,0,0,0,0,0,0,8,5,3,6,3,4,0,36,3,3,29,35,32,29,8,4,4,158,0,0,0,0,5,0,0,0,0,4,0,0,0,0,5,0,0,0,0,6,0,0,7,8,12,4,4,0,0,39,0,0,0,3,6,10,0,3,0,27,0,0,7,8,8,7,0,0,0,33
LGA59030,0,0,3,6,3,0,0,0,0,15,0,0,0,0,0,0,0,0,0,5,0,0,0,0,0,0,4,3,0,5,0,0,14,10,3,0,5,3,0,42,0,0,0,0,0,0,0,0,0,0,0,0,0,3,0,0,0,0,0,3,0,0,7,8,3,0,0,0,0,16,0,0,3,0,4,0,0,0,0,10,0,0,0,3,0,0,0,0,0,6,0,0,0,0,3,0,0,0,0,3,0,0,0,0,0,0,0,0,0,0,0,0,0,3,5,0,0,0,0,12,0,0,0,0,0,0,0,0,0,0,0,0,3,4,4,0,6,4,0,15,0,0,11,19,9,4,3,0,0,57,0,0,0,0,0,0,0,0,0,0,0,0,0,0,0,0,0,0,0,0,0,0,5,0,5,0,0,0,0,12,0,0,0,0,3,7,3,0,0,8,0,0,6,5,0,4,0,0,0,17
LGA59100,3,8,11,4,4,4,0,0,0,37,0,0,0,5,6,0,0,0,0,11,3,0,0,0,3,5,3,7,0,26,3,7,26,26,27,17,3,10,0,128,0,0,0,0,0,0,0,0,0,0,0,0,0,0,0,3,0,0,0,9,0,0,8,5,6,5,0,0,0,24,0,0,6,3,9,8,6,0,0,31,0,3,8,0,10,3,0,0,0,30,0,0,0,0,0,0,0,0,0,5,0,0,3,4,0,0,0,0,0,8,0,3,13,5,10,8,4,0,0,43,0,0,0,0,0,0,0,0,0,0,0,0,0,6,0,6,10,3,0,29,0,3,31,20,28,23,13,9,0,134,0,0,0,0,0,0,0,0,0,0,0,0,0,0,0,0,0,0,0,3,0,0,8,9,3,3,5,0,0,31,0,0,6,6,8,9,6,0,0,26,3,4,3,14,4,9,0,0,0,35
LGA59170,4,5,11,12,6,4,3,0,0,37,0,0,0,0,3,0,0,0,0,4,0,0,3,8,0,5,3,7,0,27,7,7,29,44,31,20,10,5,0,158,0,0,0,4,0,0,0,0,0,3,0,0,0,0,3,9,0,0,0,14,0,0,14,22,4,10,3,0,0,51,0,0,3,5,3,9,4,0,0,28,4,3,11,4,9,10,0,0,0,41,0,0,3,0,0,0,0,0,0,9,0,0,0,0,6,5,0,0,0,13,4,3,14,3,16,18,6,0,0,53,0,0,0,0,0,3,0,0,0,3,0,0,5,4,3,10,9,3,0,44,4,6,43,39,35,48,20,8,0,196,0,0,0,7,3,0,0,0,0,8,0,0,0,0,0,4,0,0,0,11,0,3,19,16,13,6,3,0,0,65,0,0,9,11,3,9,3,0,0,41,3,0,11,8,11,13,6,0,0,55
LGA59250,0,7,12,3,3,0,0,0,0,26,0,0,0,0,0,0,0,0,0,5,4,3,12,9,9,3,0,0,0,36,4,21,47,28,21,8,6,0,0,127,0,0,0,0,0,0,0,0,0,0,0,0,0,0,0,0,0,0,0,0,0,0,14,5,5,0,0,0,0,30,0,0,0,0,0,0,0,0,0,7,0,4,3,0,0,4,0,0,0,11,0,0,0,5,0,0,0,0,0,9,0,0,0,0,0,0,0,0,0,3,0,4,10,3,3,0,0,0,0,20,0,0,0,0,0,0,0,0,0,5,0,6,10,11,4,3,0,0,0,30,0,10,34,22,12,14,0,0,0,92,0,0,0,0,0,0,0,0,0,5,0,0,0,0,0,0,0,0,0,0,0,0,8,0,0,0,0,4,0,11,0,0,0,3,0,0,0,0,0,8,0,5,4,4,3,0,0,0,0,16
LGA59310,0,10,24,13,17,8,0,0,6,75,0,0,3,0,0,0,0,0,0,6,5,0,11,6,5,3,3,4,0,38,7,21,61,43,41,35,13,9,10,232,0,0,0,0,0,0,0,0,0,3,0,0,0,4,5,0,0,0,0,10,0,0,14,20,9,6,5,0,0,48,0,5,7,6,6,15,3,0,0,43,0,5,19,15,14,6,0,0,0,57,0,0,4,0,0,0,0,0,0,9,0,0,3,3,5,0,0,0,0,8,0,5,27,16,15,11,0,0,0,80,0,0,4,0,0,0,0,0,0,9,0,0,3,4,3,10,8,6,6,37,3,9,60,45,42,42,16,3,4,236,0,3,0,0,0,0,0,0,0,5,0,0,0,4,3,4,0,0,0,14,0,0,9,20,12,6,0,4,0,47,0,0,6,6,7,12,19,3,0,47,0,6,14,18,10,10,0,0,0,66
LGA59320,0,0,4,6,5,0,0,0,0,26,0,0,0,0,0,0,0,0,0,0,0,0,0,0,0,0,0,0,0,3,0,0,14,11,13,10,8,0,0,69,0,0,0,0,0,0,0,0,0,0,0,0,0,0,0,0,0,0,0,6,0,0,7,10,9,3,4,0,0,25,0,0,3,0,5,0,0,0,0,15,0,0,3,3,10,0,0,0,0,18,0,0,0,0,0,0,0,0,0,6,0,0,0,6,0,0,0,0,0,4,0,0,6,10,11,6,0,0,0,24,0,0,0,0,0,0,0,0,0,0,0,0,0,4,7,0,0,0,0,18,0,5,18,21,24,13,6,0,0,86,0,0,0,0,0,0,0,0,0,0,0,0,0,0,0,0,0,0,0,3,0,0,4,8,5,4,4,0,0,23,0,0,0,4,5,5,7,0,0,22,0,4,6,7,3,7,5,0,0,28
LGA59330,0,3,6,5,12,0,0,0,0,26,0,0,0,0,0,0,0,0,0,0,0,3,0,3,3,6,10,4,3,29,0,7,18,12,19,11,12,7,5,85,0,0,0,0,0,0,0,0,0,0,0,0,0,0,0,0,0,0,0,0,0,0,4,3,6,3,0,0,0,16,0,0,6,0,5,0,4,0,0,12,0,0,0,4,4,5,0,0,0,18,0,0,0,0,0,0,0,0,0,0,0,0,0,0,0,0,0,0,0,4,0,0,0,7,9,11,0,0,0,26,0,0,0,0,0,0,0,0,0,0,0,0,0,0,6,10,5,4,8,36,0,3,16,13,17,22,9,12,11,105,0,0,0,0,0,0,0,0,0,0,0,0,0,0,0,0,0,0,0,0,0,0,9,6,6,3,0,0,0,22,0,0,5,0,7,0,0,0,0,12,0,0,3,9,7,8,0,0,0,24
LGA59340,9,42,102,76,70,31,8,0,0,343,0,5,6,5,15,7,0,0,0,46,48,39,81,85,63,42,12,6,0,373,58,130,446,368,285,165,43,7,4,1512,0,0,22,6,11,6,4,0,0,48,0,7,17,19,9,16,0,0,0,72,0,27,139,119,67,45,8,0,0,402,0,6,60,44,62,33,15,0,0,222,8,33,71,66,35,26,7,0,0,251,14,8,15,4,12,12,0,0,0,70,0,5,13,7,13,12,3,0,0,61,20,43,100,79,66,55,17,0,0,376,0,0,3,4,3,5,0,0,0,21,42,39,116,92,100,67,33,9,4,506,65,121,461,371,312,223,82,17,3,1654,0,4,34,26,17,12,0,0,0,98,0,0,27,16,17,9,0,0,0,68,0,27,163,96,80,57,14,4,0,435,0,8,42,47,44,65,19,3,0,228,11,28,72,65,69,38,11,0,0,290
LGA59350,0,3,13,0,0,3,0,0,0,19,0,0,0,0,0,0,0,0,0,0,0,3,3,9,6,3,0,0,0,23,0,6,16,13,11,11,3,0,0,67,0,0,0,0,0,0,0,0,0,0,0,0,0,0,0,0,0,0,0,0,0,0,0,0,3,4,0,0,0,6,0,0,0,4,5,3,0,0,0,12,0,0,3,6,0,0,0,0,0,9,0,0,0,0,0,0,0,0,0,4,0,0,0,0,0,0,0,0,0,0,0,0,8,6,0,0,0,0,0,12,0,0,0,0,0,0,0,0,0,0,3,3,5,0,6,9,0,0,0,27,4,3,15,7,15,11,0,3,0,65,0,0,0,0,0,0,0,0,0,0,0,0,0,0,0,0,0,0,0,0,0,0,4,0,0,0,0,0,0,4,0,0,0,0,0,0,0,0,0,0,0,0,0,3,0,0,0,0,0,8
LGA59360,0,16,26,14,6,4,0,0,0,72,0,0,0,0,4,0,4,0,0,10,5,7,4,14,12,3,9,7,0,59,8,30,55,53,39,27,11,8,0,232,0,0,0,0,0,0,0,0,0,3,0,0,0,0,6,0,0,0,0,5,0,5,7,9,13,0,3,0,0,39,0,0,4,5,9,4,0,0,0,26,0,6,8,6,5,4,0,0,0,34,0,0,0,0,3,0,0,0,0,7,0,0,0,0,3,0,0,0,0,7,0,3,10,12,15,6,0,0,0,47,0,0,0,0,0,0,0,0,0,3,0,0,12,7,18,12,7,5,5,71,3,10,35,36,53,29,12,11,6,196,0,0,3,0,0,0,0,0,0,3,0,0,0,0,0,0,0,0,0,3,0,0,11,8,14,8,3,0,0,46,0,0,7,10,9,6,0,0,0,34,0,0,6,13,10,7,0,0,0,39
LGA59370,4,10,29,42,35,48,13,0,0,189,0,0,0,0,3,13,11,3,0,30,3,0,4,11,23,25,17,15,7,110,15,24,74,123,132,174,76,41,9,666,0,0,0,0,0,11,7,0,0,21,0,0,6,4,3,4,11,0,0,26,0,9,34,31,26,34,25,10,4,177,0,0,13,19,37,45,24,13,0,156,3,11,26,28,33,29,14,3,0,147,0,0,9,8,0,7,0,0,0,31,0,0,6,4,15,10,3,0,0,41,8,10,40,40,47,50,20,9,3,220,0,4,0,0,3,0,3,0,0,7,0,9,16,16,22,42,65,36,12,228,13,28,104,119,147,191,149,68,23,841,0,3,8,9,4,7,11,0,0,38,0,0,6,9,4,6,15,3,0,42,0,5,31,30,31,25,23,12,5,161,0,0,9,23,32,35,47,23,7,171,3,6,17,28,33,46,28,3,0,173
LGA59499,13,49,101,47,71,67,21,0,0,358,0,8,18,6,9,23,5,5,0,80,23,35,94,96,66,72,24,15,4,430,37,165,488,294,251,309,99,17,5,1661,0,4,22,4,9,4,4,0,0,54,0,0,7,5,8,11,4,0,0,33,0,36,133,48,32,24,21,0,0,304,0,11,44,14,20,47,22,0,0,161,4,26,53,30,33,56,17,0,0,221,3,3,6,8,4,5,4,0,0,39,0,8,18,9,5,19,12,0,0,65,5,38,77,39,47,78,35,5,0,319,0,0,3,0,3,3,4,3,0,20,20,61,157,102,105,84,57,16,3,612,25,153,441,223,217,264,141,23,6,1492,0,0,42,18,8,10,7,0,0,90,0,0,7,12,9,11,10,0,0,49,0,40,140,80,27,36,13,0,0,340,0,8,48,44,27,45,16,5,0,190,3,25,65,69,48,47,22,0,0,286
LGA59799,0,0,0,3,0,0,0,0,0,10,0,0,0,0,0,0,0,0,0,0,0,0,0,0,0,0,0,0,0,6,0,0,12,0,4,0,0,0,0,27,0,0,0,0,0,0,0,0,0,0,0,0,0,0,0,0,0,0,0,0,0,0,0,0,0,0,0,0,0,3,0,0,0,0,0,0,0,0,0,0,0,0,0,0,0,0,0,0,0,3,0,0,0,0,0,0,0,0,0,0,0,0,0,0,0,0,0,0,0,0,0,3,0,0,0,0,0,0,0,3,0,0,0,0,0,0,0,0,0,0,0,0,3,0,6,0,0,0,0,4,0,3,5,0,3,0,0,0,0,19,0,0,0,0,0,0,0,0,0,0,0,0,0,0,0,0,0,0,0,0,0,0,4,0,0,0,0,0,0,9,0,0,4,0,4,0,0,0,0,7,0,4,3,0,0,0,0,0,0,3
