LGA_CODE_2021,C11_SH_FH_CF_no_ch,C11_SH_FH_CF_w_ch,C11_SH_FH_One_PFam,C11_SH_FH_oth_fa,C11_SH_FH_Tot,C11_SH_LP_H,C11_SH_GH,C11_SH_OH,C11_SH_Tot,C11_SDRTHT1S_FH_CF_no_ch,C11_SDRTHT1S_FH_CF_w_ch,C11_SDRTHT1S_FH_One_PFam,C11_SDRTHT1S_FH_oth_fa,C11_SDRTHT1S_FH_Tot,C11_SDRTHT1S_LP_H,C11_SDRTHT1S_GH,C11_SDRTHT1S_OH,C11_SDRTHT1S_Tot,C11_SDRTHT2S_FH_CF_no_ch,C11_SDRTHT2S_FH_CF_w_ch,C11_SDRTHT2S_FH_One_PFam,C11_SDRTHT2S_FH_oth_fa,C11_SDRTHT2S_FH_Tot,C11_SDRTHT2S_LP_H,C11_SDRTHT2S_GH,C11_SDRTHT2S_OH,C11_SDRTHT2S_Tot,C11_SDRTHT_FH_CF_no_ch,C11_SDRTHT_FH_CF_w_ch,C11_SDRTHT_FH_One_PFam,C11_SDRTHT_FH_oth_fa,C11_SDRTHT_FH_Tot,C11_SDRTHT_LP_H,C11_SDRTHT_GH,C11_SDRTHT_OH,C11_SDRTHT_Tot,C11_F_a_1_2_FH_CF_no_ch,C11_F_a_1_2_FH_CF_w_ch,C11_F_a_1_2_FH_One_PFam,C11_F_a_1_2_FH_oth_fa,C11_F_a_1_2_FH_Tot,C11_F_a_1_2_LP_H,C11_F_a_1_2_GH,C11_F_a_1_2_OH,C11_F_a_1_2_Tot,C11_F_a_3_FH_CF_no_ch,C11_F_a_3_FH_CF_w_ch,C11_F_a_3_FH_One_PFam,C11_F_a_3_FH_oth_fa,C11_F_a_3_FH_Tot,C11_F_a_3_LP_H,C11_F_a_3_GH,C11_F_a_3_OH,C11_F_a_3_Tot,C11_F_a_4_8_FH_CF_no_ch,C11_F_a_4_8_FH_CF_w_ch,C11_F_a_4_8_FH_One_PFam,C11_F_a_4_8_FH_oth_fa,C11_F_a_4_8_FH_Tot,C11_F_a_4_8_LP_H,C11_F_a_4_8_GH,C11_F_a_4_8_OH,C11_F_a_4_8_Tot,C11_F_a_9m_FH_CF_no_ch,C11_F_a_9m_FH_CF_w_ch,C11_F_a_9m_FH_One_PFam,C11_F_a_9m_FH_oth_fa,C11_F_a_9m_FH_Tot,C11_F_a_9m_LP_H,C11_F_a_9m_GH,C11_F_a_9m_OH,C11_F_a_9m_Tot,C11_F_a_a_h_FH_CF_no_ch,C11_F_a_a_h_FH_CF_w_ch,C11_F_a_a_h_FH_One_PFam,C11_F_a_a_h_FH_oth_fa,C11_F_a_a_h_FH_Tot,C11_F_a_a_h_LP_H,C11_F_a_a_h_GH,C11_F_a_a_h_OH,C11_F_a_a_h_Tot,C11_F_a_Tot_FH_CF_no_ch,C11_F_a_Tot_FH_CF_w_ch,C11_F_a_Tot_FH_One_PFam,C11_F_a_Tot_FH_oth_fa,C11_F_a_Tot_FH_Tot,C11_F_a_Tot_LP_H,C11_F_a_Tot_GH,C11_F_a_Tot_OH,C11_F_a_Tot_Tot,C11_OD_C_c_hb_FH_CF_no_ch,C11_OD_C_c_hb_FH_CF_w_ch,C11_OD_C_c_hb_FH_One_PFam,C11_OD_C_c_hb_FH_oth_fa,C11_OD_C_c_hb_FH_Tot,C11_OD_C_c_hb_LP_H,C11_OD_C_c_hb_GH,C11_OD_C_c_hb_OH,C11_OD_C_c_hb_Tot,C11_OD_Ih_t_s_FH_CF_no_ch,C11_OD_Ih_t_s_FH_CF_w_ch,C11_OD_Ih_t_s_FH_One_PFam,C11_OD_Ih_t_s_FH_oth_fa,C11_OD_Ih_t_s_FH_Tot,C11_OD_Ih_t_s_LP_H,C11_OD_Ih_t_s_GH,C11_OD_Ih_t_s_OH,C11_OD_Ih_t_s_Tot,C11_OD_H_f_so_FH_CF_no_ch,C11_OD_H_f_so_FH_CF_w_ch,C11_OD_H_f_so_FH_One_PFam,C11_OD_H_f_so_FH_oth_fa,C11_OD_H_f_so_FH_Tot,C11_OD_H_f_so_LP_H,C11_OD_H_f_so_GH,C11_OD_H_f_so_OH,C11_OD_H_f_so_Tot,C11_OD_Tot_FH_CF_no_ch,C11_OD_Tot_FH_CF_w_ch,C11_OD_Tot_FH_One_PFam,C11_OD_Tot_FH_oth_fa,C11_OD_Tot_FH_Tot,C11_OD_Tot_LP_H,C11_OD_Tot_GH,C11_OD_Tot_OH,C11_OD_Tot_Tot,C11_DS_ns_FH_CF_no_ch,C11_DS_ns_FH_CF_w_ch,C11_DS_ns_FH_One_PFam,C11_DS_ns_FH_oth_fa,C11_DS_ns_FH_Tot,C11_DS_ns_LP_H,C11_DS_ns_GH,C11_DS_ns_OH,C11_DS_NS_Tot,C11_Tot_FH_CF_no_ch,C11_Tot_FH_CF_w_ch,C11_Tot_FH_One_PFam,C11_Tot_FH_oth_fa,C11_Tot_FH_Tot,C11_Tot_LP_H,C11_Tot_GH,C11_Tot_OH,C11_Tot_Tot,C16_SH_FH_CF_no_ch,C16_SH_FH_CF_w_ch,C16_SH_FH_One_PFam,C16_SH_FH_oth_fa,C16_SH_FH_Tot,C16_SH_LP_H,C16_SH_GH,C16_SH_OH,C16_SH_Tot,C16_SDRTHT1S_FH_CF_no_ch,C16_SDRTHT1S_FH_CF_w_ch,C16_SDRTHT1S_FH_One_PFam,C16_SDRTHT1S_FH_oth_fa,C16_SDRTHT1S_FH_Tot,C16_SDRTHT1S_LP_H,C16_SDRTHT1S_GH,C16_SDRTHT1S_OH,C16_SDRTHT1S_Tot,C16_SDRTHT2S_FH_CF_no_ch,C16_SDRTHT2S_FH_CF_w_ch,C16_SDRTHT2S_FH_One_PFam,C16_SDRTHT2S_FH_oth_fa,C16_SDRTHT2S_FH_Tot,C16_SDRTHT2S_LP_H,C16_SDRTHT2S_GH,C16_SDRTHT2S_OH,C16_SDRTHT2S_Tot,C16_SDRTHT_Tot_FH_CF_no_ch,C16_SDRTHT_Tot_FH_CF_w_ch,C16_SDRTHT_Tot_FH_One_PFam,C16_SDRTHT_Tot_FH_oth_fa,C16_SDRTHT_Tot_FH_Tot,C16_SDRTHT_Tot_LP_H,C16_SDRTHT_Tot_GH,C16_SDRTHT_Tot_OH,C16_SDRTHT_Tot_Tot,C16_F_a_1_2_FH_CF_no_ch,C16_F_a_1_2_FH_CF_w_ch,C16_F_a_1_2_FH_One_PFam,C16_F_a_1_2_FH_oth_fa,C16_F_a_1_2_FH_Tot,C16_F_a_1_2_LP_H,C16_F_a_1_2_GH,C16_F_a_1_2_OH,C16_F_a_1_2_Tot,C16_F_a_3_FH_CF_no_ch,C16_F_a_3_FH_CF_w_ch,C16_F_a_3_FH_One_PFam,C16_F_a_3_FH_oth_fa,C16_F_a_3_FH_Tot,C16_F_a_3_LP_H,C16_F_a_3_GH,C16_F_a_3_OH,C16_F_a_3_Tot,C16_F_a_4_8_FH_CF_no_ch,C16_F_a_4_8_FH_CF_w_ch
LGA50080,3578,3492,1207,104,8380,2455,293,396,11521,121,47,50,4,216,399,24,24,663,32,19,5,0,59,31,6,12,109,146,66,60,10,278,431,26,34,773,70,28,36,4,142,311,9,30,489,3,5,0,0,5,8,0,0,12,0,0,0,0,0,0,0,0,0,..,..,..,..,..,..,..,..,..,0,0,0,0,0,9,0,4,13,67,36,36,4,150,327,9,32,521,32,3,5,0,42,93,8,81,230,6,0,0,0,5,3,0,6,15,10,3,0,0,11,0,0,0,16,44,10,12,0,63,100,9,87,261,3,0,0,0,3,0,0,0,8,3847,3599,1311,114,8872,3317,336,553,13075,3974,3556,1312,111,8959,2807,326,659,12754,158,43,50,3,250,661,19,90,1025,18,4,13,0,31,46,9,15,97,175,49,58,4,285,708,21,108,1123,3,6,0,0,8,28,0,10,52,0,0,0,0,0,0,0,0,0,0,0
LGA50210,5543,7116,2588,227,15470,3500,541,882,20395,260,173,183,20,628,557,63,63,1314,4,6,4,0,16,36,0,3,61,268,178,183,20,644,597,64,67,1375,188,118,177,17,497,460,48,67,1065,3,0,6,0,11,13,5,9,34,0,0,0,0,0,4,0,0,4,..,..,..,..,..,..,..,..,..,0,0,0,0,5,4,0,0,9,197,120,181,21,513,474,47,74,1112,16,0,4,0,18,65,0,27,110,0,4,0,0,10,5,0,6,10,0,3,0,0,4,0,0,0,6,17,7,5,0,29,68,0,32,130,0,0,0,0,0,4,0,5,9,6025,7423,2962,263,16669,4642,658,1055,23025,6280,9456,3020,315,19077,4148,676,1274,25178,662,606,458,45,1767,1250,113,242,3368,21,22,8,0,46,22,4,7,77,681,627,463,48,1814,1267,114,249,3446,27,16,18,0,67,83,5,18,178,11,7,13,0,37,26,3,14,69,0,0
LGA50250,380,777,128,9,1292,285,41,204,1827,53,15,10,0,75,74,0,22,170,0,0,0,0,5,12,0,7,29,52,14,10,0,78,83,3,29,194,9,0,0,0,9,25,4,8,45,0,0,0,0,0,0,0,0,0,0,0,0,0,0,0,0,0,0,..,..,..,..,..,..,..,..,..,0,0,0,0,0,0,0,0,0,9,0,0,0,9,25,4,8,45,30,11,0,0,45,45,0,529,623,0,0,0,0,0,3,0,37,42,0,0,0,0,0,0,0,6,7,37,11,0,0,52,53,0,572,673,3,0,0,0,7,3,0,49,65,482,805,140,13,1434,455,54,857,2802,364,764,113,13,1260,334,32,182,1805,57,13,7,0,77,54,0,31,168,0,0,0,0,0,3,0,0,11,56,17,7,0,82,61,5,30,175,6,6,4,0,11,29,0,32,70,8,0,0,0,8,9,0,0,14,0,0
LGA50280,1219,1294,381,26,2919,799,142,382,4250,28,16,17,0,59,90,8,10,169,18,0,5,0,20,17,5,10,56,40,20,23,0,81,106,16,16,221,7,8,4,0,18,33,4,5,62,0,0,0,0,0,0,0,0,0,0,0,0,0,0,0,0,0,0,..,..,..,..,..,..,..,..,..,0,0,0,0,0,4,0,0,0,7,8,4,0,18,35,4,7,63,14,0,0,0,19,41,0,76,141,0,0,0,0,0,0,0,14,17,4,4,0,0,6,3,0,4,14,22,6,4,0,30,49,4,92,170,0,0,0,0,0,0,0,12,11,1294,1327,411,26,3053,993,163,509,4717,1454,1551,477,19,3507,984,172,452,5120,23,14,22,3,66,73,4,10,145,0,6,4,0,6,22,0,3,35,24,18,22,3,74,92,4,11,182,11,3,4,0,23,39,0,5,62,0,0,0,0,0,0,0,0,0,0,0
LGA50350,1256,1418,549,81,3301,1112,202,170,4784,101,40,56,6,205,246,18,18,489,24,21,13,5,62,23,9,9,102,131,60,75,8,266,268,26,25,589,94,59,84,5,247,256,24,36,556,0,0,0,0,0,0,0,0,0,0,0,0,0,0,0,0,0,0,..,..,..,..,..,..,..,..,..,4,0,0,0,0,0,0,0,5,94,59,79,5,250,256,26,36,559,0,0,0,0,0,0,0,0,0,0,0,0,0,0,0,0,0,0,0,0,0,0,0,4,0,0,5,0,0,0,0,0,4,0,0,4,0,0,0,0,0,0,0,0,0,1485,1532,700,98,3817,1641,254,227,5940,1247,1513,527,75,3364,1107,187,200,4851,175,122,113,10,426,382,45,63,919,34,32,16,0,87,33,0,7,131,217,158,135,17,516,417,48,70,1048,19,11,20,0,51,117,9,9,181,5,0,4,0,7,24,0,0,33,9,0
LGA50420,4954,5727,1836,260,12782,3585,794,600,17761,730,513,347,56,1646,1432,200,166,3439,277,168,100,28,575,414,129,97,1210,1008,682,443,82,2220,1839,325,264,4650,381,166,119,18,688,844,121,115,1765,172,81,44,11,306,401,94,85,890,197,65,41,9,310,435,63,91,906,..,..,..,..,..,..,..,..,..,6,4,0,0,7,3,0,0,10,752,313,202,39,1315,1684,278,293,3566,0,0,0,0,0,0,0,0,0,0,0,0,0,0,0,0,7,7,3,0,0,0,4,7,0,0,11,3,0,0,0,4,7,0,5,15,4,0,0,0,7,9,4,0,19,6723,6729,2483,379,16325,7123,1404,1163,26005,5186,6080,1854,284,13403,3555,902,748,18610,840,574,377,47,1836,1471,208,255,3769,438,281,131,28,880,630,166,132,1811,1285,858,509,74,2720,2094,374,390,5579,254,117,70,16,456,627,86,117,1284,137,50,19,17,228,273,37,47,580,159,67
LGA50490,2662,2808,1193,211,6875,2479,634,599,10589,321,255,149,31,765,738,109,107,1719,131,77,39,16,261,134,63,45,502,457,333,184,49,1025,872,176,151,2222,168,108,105,23,404,434,65,68,974,113,54,30,8,208,245,58,60,567,76,17,11,3,116,40,21,23,198,..,..,..,..,..,..,..,..,..,0,0,0,0,0,0,0,0,0,358,186,151,32,727,719,144,150,1738,3,0,0,0,4,5,0,33,51,0,0,0,0,0,0,0,4,8,0,0,0,0,3,0,0,0,3,3,3,4,0,6,13,0,41,60,5,0,0,0,10,8,3,0,22,3488,3336,1528,294,8646,4090,958,940,14636,2555,2891,1126,199,6772,2423,665,797,10649,429,415,218,41,1102,901,130,276,2405,336,195,83,28,633,286,132,147,1205,761,613,298,67,1738,1187,259,425,3613,104,28,31,8,174,227,22,120,545,109,30,18,6,164,219,63,120,570,267,50
LGA50560,245,144,40,10,433,176,10,25,654,0,0,4,0,4,9,0,3,18,0,0,0,0,0,0,0,0,0,0,0,4,0,4,9,0,3,18,0,0,0,0,0,3,0,0,3,0,0,0,0,0,0,0,0,0,0,0,0,0,0,0,0,0,0,..,..,..,..,..,..,..,..,..,0,0,0,0,0,0,0,0,0,0,0,0,0,0,3,0,0,3,0,0,0,0,0,4,0,0,5,0,0,0,0,0,0,0,0,4,0,0,0,0,0,0,0,0,3,0,0,0,0,3,7,0,4,15,0,0,0,0,0,3,0,0,3,249,144,48,10,442,198,8,31,684,254,143,40,3,444,191,11,75,714,0,0,0,0,0,3,0,0,3,0,0,0,0,0,0,0,0,0,0,0,0,0,0,3,0,0,3,4,0,0,0,4,9,0,0,17,0,0,0,0,0,0,0,0,0,0,0
LGA50630,165,197,43,3,408,103,7,29,549,6,4,0,0,17,3,0,6,25,0,0,0,0,0,0,0,0,0,6,4,0,0,17,3,0,6,25,3,0,0,0,10,7,5,0,17,0,0,0,0,0,0,0,0,0,0,0,0,0,0,0,0,0,0,..,..,..,..,..,..,..,..,..,0,0,0,0,0,0,0,0,0,3,0,0,0,10,7,5,0,17,6,0,0,0,6,10,0,8,22,0,3,0,0,3,0,0,0,3,0,0,0,0,0,0,0,0,0,10,7,0,0,10,8,0,8,29,0,0,0,0,0,0,0,0,0,179,211,50,5,446,121,10,43,621,183,211,60,0,456,128,9,55,655,4,3,7,0,7,3,0,5,14,0,0,0,0,0,0,0,0,0,4,3,7,0,7,3,0,5,14,0,0,0,0,0,9,0,3,12,0,0,0,0,0,0,0,0,0,0,0
LGA50770,222,173,40,4,437,168,10,18,622,0,0,0,0,0,3,0,0,3,0,0,0,0,0,0,0,0,0,0,0,0,0,0,3,0,0,3,0,0,0,0,0,0,0,0,0,0,0,0,0,0,0,0,0,0,0,0,0,0,0,0,0,0,0,..,..,..,..,..,..,..,..,..,0,0,0,0,0,0,0,0,0,0,0,0,0,0,0,0,0,0,0,0,0,0,0,0,0,0,0,0,0,0,0,0,0,0,0,0,0,0,0,0,0,0,0,0,0,0,0,0,0,0,0,0,0,0,3,0,0,0,3,0,0,0,3,227,173,42,4,444,169,7,18,631,247,165,45,3,450,175,10,55,693,0,0,0,0,0,6,0,0,5,0,0,0,0,0,0,0,0,0,0,0,0,0,0,6,0,0,5,0,0,0,0,0,0,0,0,0,0,0,0,0,0,0,0,0,0,0,0
LGA50840,612,438,151,11,1205,407,31,38,1684,9,0,4,0,14,34,0,0,53,3,0,0,0,3,0,0,0,7,13,0,4,0,16,40,0,0,50,0,0,0,0,0,4,0,0,6,0,0,0,0,0,0,0,0,0,0,0,0,0,0,0,0,0,0,..,..,..,..,..,..,..,..,..,0,0,0,0,0,0,0,0,0,0,0,0,0,0,4,0,0,9,4,4,0,0,5,3,0,7,12,3,0,0,0,3,4,4,4,12,0,3,0,0,3,3,0,0,5,7,3,0,0,12,8,4,10,28,0,0,0,0,6,0,0,0,6,631,443,150,11,1233,456,32,50,1774,669,419,137,7,1236,495,44,141,1917,7,0,0,0,7,40,0,3,52,0,0,0,0,0,0,0,0,0,7,0,0,0,7,40,0,3,52,3,0,0,0,3,9,0,0,16,0,0,0,0,0,0,0,0,0,0,0
LGA50910,110,92,12,3,223,83,0,18,326,5,3,0,0,5,15,0,0,22,0,0,0,0,0,0,0,0,0,5,3,0,0,5,15,0,0,22,0,0,0,0,0,0,0,0,0,0,0,0,0,0,0,0,0,0,0,0,0,0,0,0,0,0,0,..,..,..,..,..,..,..,..,..,0,0,0,0,0,0,0,0,0,0,0,0,0,0,0,0,0,0,0,0,0,0,0,6,0,3,11,0,0,0,0,0,0,0,0,0,0,0,0,0,0,0,0,4,3,4,0,0,0,4,6,0,0,11,0,0,0,0,0,0,0,0,0,114,97,17,3,237,100,0,24,359,124,95,25,0,234,101,3,30,375,0,0,3,0,3,3,0,0,4,0,0,0,0,0,0,0,0,0,0,0,3,0,3,3,0,0,4,0,0,4,0,6,10,0,0,16,0,0,0,0,0,0,0,0,0,0,0
LGA50980,822,1264,460,43,2592,450,202,399,3631,66,57,62,7,195,166,20,58,438,33,9,7,0,45,29,9,20,107,101,64,66,7,239,194,24,79,540,77,40,34,7,160,154,32,84,429,0,0,0,0,0,3,0,13,18,0,0,0,0,0,0,0,0,0,..,..,..,..,..,..,..,..,..,0,0,0,0,0,0,0,3,3,83,40,34,7,160,153,32,104,448,145,35,21,4,202,179,19,1784,2184,11,6,3,0,16,16,3,96,138,17,16,0,0,34,17,6,19,67,167,53,24,4,248,215,29,1890,2383,5,4,8,0,19,20,3,62,110,1185,1426,590,62,3259,1038,291,2530,7120,939,1417,555,60,2980,729,176,658,4539,43,24,31,6,104,100,13,59,281,53,8,13,0,84,50,18,51,203,101,32,48,8,190,156,32,116,488,76,54,29,5,162,123,29,80,400,3,0,0,0,3,0,0,3,4,0,0
LGA51080,121,138,40,3,299,82,6,13,398,0,4,0,0,3,4,0,0,11,0,0,0,0,0,0,0,0,0,0,4,0,0,3,4,0,0,11,0,0,0,0,0,0,0,0,0,0,0,0,0,0,0,0,0,0,0,0,0,0,0,0,0,0,0,..,..,..,..,..,..,..,..,..,0,0,0,0,0,0,0,0,0,0,0,0,0,0,0,0,0,0,0,0,0,0,0,0,0,3,3,0,0,0,0,0,0,0,0,0,0,0,0,0,0,0,0,0,4,0,0,0,0,0,0,0,3,9,0,0,0,0,0,0,0,0,0,121,140,41,3,306,94,6,18,414,118,109,36,4,263,83,4,52,400,0,0,0,0,0,0,0,0,0,0,0,0,0,0,0,0,0,0,0,0,0,0,0,0,0,0,0,0,0,0,0,0,0,0,0,0,0,0,0,0,0,0,0,0,0,0,0
LGA51120,137,99,29,0,267,103,4,17,378,0,0,0,0,0,0,0,0,0,0,0,0,0,0,0,0,0,0,0,0,0,0,0,0,0,0,0,0,0,0,0,0,16,4,0,24,0,0,0,0,0,0,0,0,0,0,0,0,0,0,0,0,0,0,..,..,..,..,..,..,..,..,..,0,0,0,0,0,0,0,0,0,0,0,0,0,0,16,4,0,24,0,0,0,0,0,0,0,0,0,0,0,0,0,0,0,0,0,0,3,0,0,0,3,0,0,0,3,3,0,0,0,3,0,0,0,3,0,0,0,0,0,0,0,0,3,144,99,29,0,269,121,3,18,408,119,93,25,0,236,101,3,22,366,3,0,0,0,3,16,0,4,23,0,0,0,0,0,0,0,0,0,3,0,0,0,3,16,0,4,23,0,0,0,0,0,4,0,0,4,0,0,0,0,0,0,0,0,0,0,0
LGA51190,2923,2737,1266,90,7016,2173,360,496,10042,317,132,171,14,640,887,75,95,1692,69,28,16,5,122,80,23,34,251,389,163,191,16,761,960,96,124,1942,122,62,54,11,259,376,29,71,737,26,6,8,0,35,69,15,36,161,11,4,0,0,16,17,0,8,38,..,..,..,..,..,..,..,..,..,0,0,0,0,0,0,0,0,0,163,79,57,17,311,463,49,112,937,47,6,0,0,55,79,4,52,182,0,0,0,0,0,0,0,3,3,6,0,0,0,7,0,0,0,6,48,4,0,0,57,79,4,54,198,4,4,0,0,8,0,0,0,5,3523,2983,1519,125,8151,3678,504,784,13120,2897,2635,1251,91,6868,2109,343,596,9918,332,158,227,13,731,995,77,140,1948,137,51,43,0,229,116,28,57,430,468,209,268,13,963,1109,107,200,2375,120,34,25,0,179,410,7,64,656,24,7,9,0,43,34,4,9,89,20,6
LGA51260,3175,3360,1011,50,7596,1770,267,450,10087,155,25,71,7,260,414,20,23,717,49,26,17,0,82,37,9,0,129,202,52,81,9,344,448,28,24,849,68,15,33,0,124,172,8,25,333,0,0,0,0,0,0,0,0,0,0,0,0,0,0,11,0,0,7,..,..,..,..,..,..,..,..,..,4,0,0,0,8,0,0,0,11,76,22,40,0,132,184,8,27,346,72,8,4,0,82,93,4,81,268,0,4,0,0,9,4,0,12,26,3,4,0,0,4,0,0,0,8,77,18,4,0,98,105,3,96,302,5,4,0,0,7,0,0,5,17,3531,3451,1135,61,8180,2505,311,596,11595,3732,3925,1188,69,8906,2099,310,735,12056,234,70,86,7,403,546,27,109,1078,47,29,14,0,92,45,5,19,165,283,102,97,7,494,594,33,123,1244,0,5,0,0,7,23,0,8,40,0,0,0,0,0,0,0,0,0,0,0
LGA51310,1817,3304,492,69,5687,1190,258,208,7338,145,65,34,3,242,266,16,28,546,124,53,22,8,201,173,25,25,415,263,111,55,12,441,434,39,51,965,64,16,13,0,95,166,25,20,309,62,6,6,0,83,128,20,37,268,87,10,8,11,119,226,21,22,387,..,..,..,..,..,..,..,..,..,0,0,0,0,4,0,0,0,6,219,33,28,14,294,522,67,81,966,0,0,0,0,0,0,0,0,0,0,0,0,0,0,0,0,0,0,0,0,0,0,0,0,0,0,3,0,0,0,0,0,0,0,0,3,0,0,0,0,0,7,3,0,11,2303,3451,571,95,6418,2156,362,337,9280,1788,3459,519,76,5841,1092,203,279,7418,111,94,38,0,247,204,26,35,506,185,138,50,6,379,165,23,45,617,299,235,85,10,627,365,52,81,1126,116,26,13,3,154,250,15,30,449,74,18,12,4,109,136,18,29,291,120,30
LGA51330,6142,9465,2410,553,18566,4250,1167,726,24703,757,627,339,94,1814,1261,288,224,3582,89,101,60,17,264,79,107,48,495,844,731,397,112,2080,1333,394,272,4079,435,320,168,85,1006,750,204,174,2135,3,11,0,0,12,4,8,4,28,36,6,9,0,49,184,0,25,264,..,..,..,..,..,..,..,..,..,3,0,0,0,4,7,0,0,16,474,330,183,89,1081,950,212,200,2445,0,0,0,0,0,19,0,0,22,0,0,0,0,0,0,0,0,0,3,0,0,0,3,7,0,0,9,5,0,0,0,6,27,0,3,41,0,5,0,0,3,9,3,0,12,7463,10535,2989,747,21735,6566,1771,1199,31271,6214,10004,2391,438,19054,4152,1254,923,25382,1010,1066,405,161,2640,1636,465,314,5054,131,113,39,23,300,123,119,36,589,1141,1179,444,183,2942,1765,583,356,5647,145,195,70,19,427,266,56,54,802,7,5,0,5,16,7,10,7,44,17,0
LGA51400,1340,2036,472,26,3877,603,107,203,4786,0,0,0,0,0,7,0,0,6,0,0,0,0,0,3,0,3,8,0,0,0,0,6,8,0,3,15,7,0,6,0,13,18,0,0,33,0,0,0,0,0,0,0,0,0,0,0,0,0,0,0,0,0,0,..,..,..,..,..,..,..,..,..,0,0,0,0,0,0,0,0,0,7,0,8,0,15,18,0,0,32,3,0,0,0,5,0,0,3,10,0,3,0,0,3,4,0,0,7,0,0,0,0,0,0,0,0,4,3,9,0,0,11,4,0,3,21,0,3,0,0,3,0,0,5,11,1352,2052,485,26,3914,637,107,216,4864,1547,2274,632,27,4482,690,119,299,5590,21,12,19,0,60,67,9,8,133,0,0,0,0,3,8,0,5,13,24,12,18,0,61,77,9,15,151,22,0,9,0,28,85,5,4,129,0,0,0,0,0,0,0,0,0,0,0
LGA51470,64,55,13,0,136,65,8,25,232,0,0,0,0,0,4,0,0,4,0,0,0,0,0,0,0,0,0,0,0,0,0,0,4,0,0,4,0,0,0,0,0,0,0,0,0,0,0,0,0,0,0,0,0,0,0,0,0,0,0,0,0,0,0,..,..,..,..,..,..,..,..,..,0,0,0,0,0,0,0,0,0,0,0,0,0,0,0,0,0,0,0,0,0,0,0,0,0,0,0,0,0,0,0,0,0,0,0,0,0,0,0,0,0,0,0,0,3,0,0,0,0,0,0,0,0,6,0,0,0,0,0,0,0,0,0,69,55,13,0,137,77,8,30,245,74,48,12,0,132,67,6,23,232,0,0,0,0,0,0,0,0,0,0,0,0,0,0,0,0,0,0,0,0,0,0,0,0,0,0,0,0,0,0,0,0,5,0,0,5,0,0,0,0,0,0,0,0,0,0,0
LGA51540,413,509,188,13,1118,315,35,205,1674,21,13,15,0,48,88,3,27,165,3,0,0,0,6,6,0,8,16,27,11,14,0,56,90,3,30,181,6,4,9,0,19,41,4,11,68,0,0,0,0,0,0,0,0,0,0,0,0,0,0,0,0,0,0,..,..,..,..,..,..,..,..,..,0,0,0,0,0,0,0,4,4,6,4,9,0,19,41,4,12,74,90,9,5,5,111,113,6,1086,1318,0,0,0,0,4,6,0,110,117,5,0,4,0,3,3,0,3,7,95,14,6,5,118,122,6,1194,1444,6,4,0,0,14,5,0,38,59,548,541,214,20,1326,579,51,1478,3429,412,447,187,25,1071,321,52,283,1728,13,10,9,3,38,96,5,51,198,0,0,0,0,0,3,0,0,3,14,10,9,3,39,101,5,51,201,3,9,5,0,14,27,4,13,55,0,0,0,0,0,0,0,0,0,0,0
LGA51610,132,161,17,3,318,70,8,22,417,4,0,0,0,10,0,0,0,9,0,0,0,0,3,0,0,0,3,4,3,0,0,8,0,0,0,9,0,0,0,0,0,0,0,0,0,0,0,0,0,0,0,0,0,0,0,0,0,0,0,0,0,0,0,..,..,..,..,..,..,..,..,..,0,0,0,0,0,0,0,0,0,0,0,0,0,0,0,0,0,0,6,0,0,0,7,10,0,35,48,0,0,0,0,0,0,0,6,3,0,0,0,0,0,0,0,0,3,3,0,0,0,7,11,0,44,56,0,0,0,0,0,0,0,0,6,149,161,18,3,330,81,8,68,486,155,183,23,0,362,62,4,60,494,0,0,0,0,0,0,0,0,0,0,0,0,0,0,0,0,0,0,0,0,0,0,0,0,0,0,0,0,0,0,0,0,0,0,0,0,0,0,0,0,0,0,0,0,0,0,0
LGA51680,526,560,107,5,1201,227,29,60,1511,5,3,3,0,11,10,0,0,21,0,0,0,0,0,0,0,0,0,5,3,3,0,11,10,0,0,21,0,0,0,0,0,0,0,0,0,0,0,0,0,0,0,0,0,0,0,0,0,0,0,0,0,0,0,..,..,..,..,..,..,..,..,..,0,0,0,0,0,0,0,0,0,0,0,0,0,0,0,0,0,0,3,3,0,0,8,8,0,0,10,3,6,0,0,12,6,0,3,23,4,0,0,0,4,0,0,0,5,12,10,0,0,23,10,0,4,35,4,0,0,0,4,0,0,0,5,545,578,108,5,1234,251,29,65,1572,644,676,99,7,1428,256,25,144,1861,0,0,0,0,4,0,0,0,4,0,0,0,0,0,0,0,0,0,0,0,0,0,4,0,0,0,4,4,0,3,0,11,3,0,0,11,0,0,0,0,0,0,0,0,0,0,0
LGA51710,58,95,9,0,161,22,4,30,210,16,17,7,0,39,19,3,17,76,4,0,0,0,4,0,0,0,3,20,17,7,0,42,20,3,17,85,15,20,5,0,39,44,4,35,124,34,36,6,4,85,23,7,12,126,0,3,0,0,3,3,0,0,8,..,..,..,..,..,..,..,..,..,0,0,0,0,0,0,0,0,0,50,59,12,4,132,68,10,49,261,0,0,0,0,0,0,0,0,0,0,0,0,0,0,0,0,0,0,0,0,3,0,3,0,0,0,3,0,0,3,0,3,0,0,0,5,0,0,0,0,0,0,0,0,3,126,167,32,9,338,113,14,101,565,59,94,13,0,168,28,0,21,216,13,21,8,0,38,16,0,9,60,7,10,3,0,17,12,0,9,37,14,28,11,0,56,26,0,20,101,5,9,5,0,15,29,0,23,62,14,25,7,4,50,8,0,16,77,0,0
LGA51750,624,853,232,43,1749,514,78,105,2446,58,16,30,10,106,79,4,15,211,60,24,15,0,106,71,18,15,209,118,44,44,10,214,149,21,31,418,79,26,21,9,131,213,29,22,390,44,7,0,0,53,132,12,17,215,77,34,17,12,136,139,29,58,361,..,..,..,..,..,..,..,..,..,0,0,0,0,0,0,0,0,0,203,63,32,22,318,487,72,98,969,0,0,0,0,0,0,0,0,0,0,0,0,0,0,0,0,0,0,0,0,0,0,0,0,0,0,0,0,0,0,0,0,0,0,0,0,0,0,0,0,0,0,0,0,3,947,957,312,71,2277,1148,170,234,3832,566,820,177,20,1588,385,55,90,2113,132,80,35,5,256,191,17,37,494,117,99,44,8,267,117,23,34,436,245,182,81,13,519,304,40,73,932,53,14,15,9,85,148,14,33,288,60,10,11,4,86,158,15,76,337,102,43
LGA51820,7340,11330,3084,390,22140,4460,894,883,28376,540,361,315,18,1244,1101,104,123,2570,106,68,40,5,221,112,24,37,392,646,432,363,29,1465,1220,123,157,2963,150,71,89,15,323,373,36,42,785,134,50,31,22,238,277,53,63,631,37,11,3,0,55,34,7,18,120,..,..,..,..,..,..,..,..,..,8,3,0,0,17,16,0,0,28,333,139,124,36,633,701,97,128,1563,29,4,4,0,30,52,0,53,139,0,0,0,0,0,0,0,4,8,0,7,0,0,8,6,0,0,16,28,5,5,0,40,60,0,60,160,0,0,0,0,7,3,0,0,7,8349,11904,3573,457,24282,6443,1120,1231,33073,7978,12654,3261,339,24236,4661,936,1370,31204,790,677,446,49,1959,1640,170,363,4138,258,217,103,10,587,249,46,87,975,1048,891,544,59,2547,1892,219,453,5111,69,20,33,6,130,172,17,42,362,137,72,40,18,269,341,45,111,764,252,58
LGA51860,41,86,5,0,131,6,5,6,148,0,0,0,0,0,0,0,0,0,0,0,0,0,0,0,0,0,0,0,0,0,0,0,0,0,0,0,0,0,0,0,0,0,0,0,0,0,0,0,0,0,0,0,0,0,0,0,0,0,0,0,0,0,0,..,..,..,..,..,..,..,..,..,0,0,0,0,0,0,0,0,0,0,0,0,0,0,0,0,0,0,0,0,0,0,0,0,0,9,9,0,0,0,0,0,0,0,0,0,0,0,0,0,0,0,0,0,0,0,0,0,0,0,0,0,9,9,0,0,0,0,0,0,0,0,0,41,86,5,0,131,6,5,17,157,43,74,6,0,119,6,0,12,140,0,0,0,0,0,0,0,0,0,0,0,0,0,0,0,0,0,0,0,0,0,0,0,0,0,0,0,0,0,0,0,0,0,0,0,0,0,0,0,0,0,0,0,0,0,0,0
LGA51890,906,986,339,32,2259,748,65,118,3190,15,5,4,0,24,55,5,3,85,0,0,0,0,0,0,0,0,0,15,5,4,0,24,55,5,3,85,17,0,6,0,13,39,0,3,62,0,0,0,0,0,0,0,0,0,0,0,0,0,0,0,0,0,0,..,..,..,..,..,..,..,..,..,4,0,0,0,8,19,0,4,28,11,0,3,0,19,57,0,9,87,5,0,0,0,8,17,0,18,49,0,0,0,0,0,0,0,0,0,3,6,0,0,6,9,0,5,16,11,9,0,0,22,23,0,25,68,0,0,0,0,0,0,0,0,0,943,1004,342,32,2327,884,70,152,3436,925,916,348,29,2227,817,57,225,3330,15,5,7,0,24,87,0,14,126,0,0,0,0,0,0,0,0,0,15,5,7,0,24,87,0,14,126,0,0,0,0,4,18,0,0,17,0,0,0,0,0,0,0,0,0,0,0
LGA51960,265,421,135,8,830,253,31,123,1229,3,0,0,0,10,19,0,0,32,8,0,0,0,8,14,0,14,38,12,0,0,0,18,32,4,18,66,18,5,3,0,28,23,3,15,68,0,0,0,0,0,0,0,0,0,0,0,0,0,0,0,0,0,0,..,..,..,..,..,..,..,..,..,0,0,0,0,0,0,0,0,0,18,5,3,0,28,23,3,15,68,12,0,0,0,13,7,0,23,50,0,0,0,0,0,3,0,4,10,0,0,0,0,0,3,0,0,8,11,0,0,0,17,19,0,32,68,0,0,0,0,0,0,0,7,6,304,433,138,5,883,325,32,202,1446,272,373,127,5,776,271,31,132,1206,13,6,5,0,29,34,4,23,82,4,0,0,0,3,6,3,3,13,14,8,9,0,32,42,4,23,98,0,0,3,0,7,19,0,9,34,0,0,0,0,0,0,0,0,0,0,0
LGA52030,157,97,24,0,278,118,7,42,437,0,0,0,0,0,0,0,0,0,0,0,0,0,0,0,0,0,0,0,0,0,0,0,0,0,0,0,0,0,0,0,3,5,0,3,11,0,0,0,0,0,0,0,0,0,0,0,0,0,0,0,0,0,0,..,..,..,..,..,..,..,..,..,0,0,0,0,0,0,0,0,0,0,0,0,0,4,5,0,3,13,0,0,0,0,4,14,0,16,27,0,0,0,0,0,0,0,0,0,3,0,0,0,0,0,0,0,3,3,0,0,0,3,12,0,16,33,0,0,0,0,0,0,0,0,0,159,96,26,0,283,134,7,56,481,182,72,20,4,273,131,5,36,448,0,0,0,0,0,6,0,0,8,0,0,0,0,0,0,0,0,0,0,0,0,0,0,6,0,0,8,0,0,0,0,0,3,0,0,0,0,0,0,0,0,0,0,0,0,0,0
LGA52100,163,100,19,0,285,121,6,12,422,0,0,0,0,0,7,0,0,12,0,0,0,0,0,0,0,0,0,0,0,0,0,0,7,0,0,12,0,0,0,0,4,16,0,0,15,0,0,0,0,0,0,0,0,0,0,0,0,0,0,0,0,0,0,..,..,..,..,..,..,..,..,..,0,0,0,0,0,0,0,0,0,0,0,0,0,4,16,0,0,15,0,0,0,0,0,0,0,6,4,0,0,0,0,0,0,0,0,0,0,0,0,0,0,4,0,0,5,0,0,0,0,0,7,0,6,12,0,0,0,0,0,0,0,0,0,164,98,23,0,292,146,6,17,454,153,90,28,0,278,108,14,33,431,5,0,0,0,4,8,0,0,9,0,0,0,0,0,0,0,0,0,5,0,0,0,4,8,0,0,9,0,0,0,0,0,0,0,0,0,0,0,0,0,0,0,0,0,0,0,0
LGA52170,499,779,141,34,1451,367,89,153,2068,28,13,0,0,44,37,9,8,97,80,43,19,0,146,70,10,24,245,108,56,24,0,190,104,18,32,344,49,9,8,7,77,66,25,28,191,67,8,12,4,94,194,20,64,368,27,6,4,0,34,34,12,23,107,..,..,..,..,..,..,..,..,..,0,0,0,0,0,0,0,0,0,141,26,18,13,203,296,55,115,667,0,0,0,0,0,0,0,0,0,0,0,0,0,0,0,0,0,0,0,0,0,0,0,0,0,0,0,0,0,0,0,0,0,0,0,0,0,0,0,0,0,0,0,0,0,749,861,186,46,1845,764,168,302,3083,511,777,158,21,1463,343,58,99,1965,31,34,16,0,81,56,7,15,158,98,70,9,0,182,64,22,29,301,134,100,28,0,262,121,27,40,455,51,6,10,3,69,50,16,12,156,81,8,10,0,104,169,25,30,335,24,3
LGA52240,141,114,39,0,289,107,3,25,428,3,0,0,0,5,3,0,0,9,0,0,0,0,0,0,0,0,0,3,0,0,0,5,3,0,0,9,0,0,0,0,0,0,0,0,0,0,0,0,0,0,0,0,0,0,0,0,0,0,0,0,0,0,0,..,..,..,..,..,..,..,..,..,0,0,0,0,0,0,0,0,0,0,0,0,0,0,0,0,0,0,0,0,0,0,0,0,0,0,0,0,0,0,0,0,0,0,0,0,0,0,0,0,0,0,0,0,0,0,0,0,0,0,0,0,0,4,0,0,0,0,0,0,0,0,0,144,116,39,0,294,109,3,26,433,145,111,19,0,277,95,9,33,401,0,0,3,0,4,0,0,0,6,0,0,0,0,0,0,0,0,0,0,0,3,0,4,0,0,0,6,0,0,0,0,0,3,0,0,8,0,0,0,0,0,0,0,0,0,0,0
LGA52310,128,99,24,0,250,75,0,10,342,0,0,0,0,0,0,0,0,0,0,0,0,0,0,0,0,0,0,0,0,0,0,0,0,0,0,0,0,0,0,0,0,0,0,0,0,0,0,0,0,0,0,0,0,0,0,0,0,0,0,0,0,0,0,..,..,..,..,..,..,..,..,..,0,0,0,0,0,0,0,0,0,0,0,0,0,0,0,0,0,0,0,0,0,0,0,0,0,9,7,0,0,0,0,0,0,0,0,0,0,0,0,0,0,0,0,0,0,0,0,0,0,0,0,0,7,11,0,0,0,0,0,0,0,0,0,131,99,24,0,251,81,0,14,355,124,71,11,7,211,83,3,42,341,0,0,0,0,0,0,0,0,0,0,0,0,0,0,0,0,0,0,0,0,0,0,0,0,0,0,0,0,0,0,0,0,0,0,0,0,0,0,0,0,0,0,0,0,0,0,0
LGA52380,26,13,4,0,52,37,3,13,104,0,0,0,0,0,0,0,0,0,0,0,0,0,0,0,0,0,0,0,0,0,0,0,0,0,0,0,0,0,0,0,0,0,0,0,0,0,0,0,0,0,0,0,0,0,0,0,0,0,0,0,0,0,0,..,..,..,..,..,..,..,..,..,0,0,0,0,0,0,0,0,0,0,0,0,0,0,0,0,0,0,4,0,0,0,5,4,0,61,69,0,0,0,0,0,0,0,4,3,0,0,0,0,0,0,0,0,0,4,3,0,0,9,6,0,63,74,0,0,0,0,0,0,0,0,0,31,12,4,0,57,41,3,78,182,13,4,3,0,24,31,5,18,74,0,0,0,0,0,0,0,0,0,0,0,0,0,0,0,0,0,0,0,0,0,0,0,0,0,0,0,0,0,0,0,0,0,0,4,4,0,0,0,0,0,0,0,0,0,0,0
LGA52450,160,136,34,4,332,110,13,22,480,0,0,0,0,4,4,0,0,10,0,0,0,0,0,0,0,0,0,0,0,4,0,8,4,0,0,13,0,0,0,0,0,6,0,0,6,0,0,0,0,0,0,0,0,0,0,0,0,0,0,0,0,0,0,..,..,..,..,..,..,..,..,..,0,0,0,0,0,0,0,0,0,0,0,0,0,0,3,0,0,3,0,0,0,0,0,5,0,4,12,0,0,0,0,0,0,0,0,0,0,0,0,0,0,6,0,0,4,0,0,0,0,0,5,0,4,12,0,0,0,0,0,0,0,0,0,162,138,36,3,344,125,11,29,510,144,144,36,3,318,108,5,47,482,0,0,0,0,0,0,0,0,0,0,0,0,0,0,0,0,0,0,0,0,0,0,0,0,0,0,0,0,0,0,0,3,10,0,0,13,0,0,0,0,0,0,0,0,0,0,0
LGA52520,143,157,24,6,330,126,10,17,486,0,0,0,0,0,0,0,0,0,0,0,0,0,0,0,0,0,0,0,0,0,0,0,0,0,0,0,0,0,0,0,0,0,0,0,0,0,0,0,0,0,0,0,0,0,0,0,0,0,0,0,0,0,0,..,..,..,..,..,..,..,..,..,0,0,0,0,0,0,0,0,0,0,0,0,0,0,0,0,0,0,3,0,0,0,3,0,0,11,10,0,0,0,0,0,0,0,4,5,0,0,0,0,0,0,0,0,6,0,0,0,0,0,0,0,14,16,0,0,0,0,0,0,0,7,4,144,157,24,6,332,132,10,31,509,145,159,21,3,330,117,17,50,508,4,5,0,0,7,8,0,3,18,0,0,0,0,0,0,0,0,0,4,5,0,0,7,8,0,3,18,0,0,0,0,5,0,0,0,3,0,0,0,0,0,0,0,0,0,0,0
LGA52590,412,281,77,9,777,259,14,140,1191,0,0,0,0,0,3,0,9,21,0,0,0,0,0,0,0,0,0,0,0,0,0,9,3,0,9,24,3,3,0,0,3,15,0,11,31,0,0,0,0,0,0,0,0,0,0,0,0,0,0,0,0,0,0,..,..,..,..,..,..,..,..,..,0,0,0,0,0,0,0,0,0,3,3,0,0,3,15,0,11,31,6,0,0,0,13,15,0,74,102,7,5,0,0,10,5,6,12,29,0,0,0,0,5,4,0,4,4,16,4,3,0,19,29,6,83,133,0,0,0,0,4,0,0,6,11,436,287,80,9,814,300,22,247,1385,443,278,85,10,814,299,32,122,1270,9,0,3,0,8,11,0,7,32,0,0,0,0,0,0,0,0,5,6,4,3,0,16,13,0,9,36,0,0,0,0,0,0,0,5,9,0,0,0,0,0,0,0,0,0,0,0
LGA52660,1224,1572,414,29,3237,617,97,149,4104,100,10,8,0,120,93,4,7,212,0,0,0,0,0,0,0,0,4,100,15,8,0,118,90,4,7,215,7,4,3,0,16,11,3,0,28,0,0,0,0,0,0,0,0,0,0,0,0,0,0,0,0,0,0,..,..,..,..,..,..,..,..,..,0,0,0,0,0,0,0,0,0,7,4,3,0,16,11,3,0,28,17,3,3,0,30,50,5,25,106,5,0,0,0,5,0,0,0,0,5,0,4,0,5,0,0,0,4,24,3,9,0,33,55,5,25,114,0,0,0,0,0,0,0,0,0,1353,1590,438,29,3406,772,113,176,4468,1412,1674,496,35,3615,773,104,251,4749,75,19,25,3,120,111,10,25,268,0,0,0,0,0,0,0,0,3,73,19,25,3,124,115,10,31,270,0,0,0,0,0,0,0,5,4,0,0,0,0,0,0,0,0,0,0,0
LGA52730,684,474,197,5,1366,490,44,109,2011,21,7,6,0,34,59,0,0,94,4,0,0,0,3,0,0,0,3,22,5,6,0,31,59,0,0,94,0,0,0,0,7,0,0,0,5,0,0,0,0,0,0,0,0,0,0,0,0,0,0,0,0,0,0,..,..,..,..,..,..,..,..,..,0,0,0,0,0,0,0,0,3,3,0,0,0,3,5,0,0,10,7,3,0,0,14,15,0,21,41,0,3,3,0,5,0,0,5,12,0,0,0,0,0,4,0,0,9,9,3,0,0,19,14,0,28,64,0,0,0,0,0,0,0,0,0,723,488,209,10,1424,565,44,145,2185,752,530,198,12,1492,531,49,233,2311,19,0,5,0,23,56,0,0,89,0,0,0,0,0,0,0,0,0,19,0,5,0,23,59,0,0,90,0,0,0,0,0,4,0,0,4,0,0,0,0,0,0,0,0,0,0,0
LGA52800,280,491,281,49,1103,274,41,269,1685,7,4,6,0,18,23,3,25,71,3,4,0,0,6,3,0,7,21,6,7,3,0,24,28,3,35,89,19,4,7,0,30,23,4,13,76,0,0,0,0,0,0,0,0,0,0,0,0,0,0,0,0,0,0,..,..,..,..,..,..,..,..,..,0,0,0,0,0,0,0,0,0,19,4,7,0,30,23,4,13,76,37,6,0,0,44,50,3,401,495,3,0,0,0,3,4,0,224,235,0,0,0,0,5,0,0,0,8,42,9,6,4,50,56,3,625,737,9,0,0,0,9,5,0,121,141,360,511,295,52,1220,397,49,1061,2725,350,543,309,85,1294,296,30,185,1811,34,29,18,11,89,100,8,48,243,0,4,0,0,7,4,0,0,13,35,27,20,11,95,104,8,50,251,23,5,10,0,40,33,3,29,110,0,0,0,0,0,0,0,0,0,0,0
LGA52870,726,584,165,10,1486,393,29,81,1994,0,0,0,0,0,4,0,0,7,0,0,0,0,0,0,0,0,0,0,0,0,0,0,4,0,0,7,7,0,0,0,8,22,0,0,36,0,0,0,0,0,0,0,0,0,0,0,0,0,0,0,0,0,0,..,..,..,..,..,..,..,..,..,0,0,0,0,0,0,0,0,0,7,0,0,0,8,22,0,0,36,0,0,0,0,4,3,0,10,14,0,0,0,0,0,3,0,0,5,0,0,0,0,0,0,0,0,6,3,3,0,0,4,5,0,12,22,0,0,0,0,0,0,0,0,0,734,592,165,10,1508,432,29,87,2059,779,570,151,14,1519,462,47,199,2230,8,3,3,0,11,37,5,10,71,0,0,0,0,0,0,0,0,0,8,3,3,0,11,37,4,10,71,0,0,0,0,0,3,0,0,7,0,0,0,0,0,0,0,0,0,0,0
LGA52940,104,74,15,0,194,74,4,5,282,0,0,0,0,0,0,0,0,0,0,0,0,0,0,0,0,0,0,0,0,0,0,0,0,0,0,0,0,0,0,0,3,7,0,0,11,0,0,0,0,0,0,0,0,0,0,0,0,0,0,0,0,0,0,..,..,..,..,..,..,..,..,..,0,0,0,0,0,0,0,0,0,0,0,0,0,3,7,0,0,11,0,0,0,0,0,0,0,0,0,0,0,0,0,0,0,0,0,0,0,0,0,0,0,0,0,0,0,0,0,0,0,0,0,0,0,0,0,0,0,0,0,0,0,0,0,107,76,18,0,198,80,4,7,296,82,76,19,0,181,76,3,13,275,0,0,0,0,0,3,0,4,4,0,0,0,0,0,0,0,0,0,0,0,0,0,0,3,0,4,4,0,0,0,0,0,0,0,0,0,0,0,0,0,0,0,0,0,0,0,0
LGA53010,87,68,14,0,171,74,0,4,255,0,0,0,0,0,3,0,0,3,0,0,0,0,0,0,0,0,0,0,0,0,0,0,3,0,0,3,0,0,0,0,0,0,0,0,0,0,0,0,0,0,0,0,0,0,0,0,0,0,0,0,0,0,0,..,..,..,..,..,..,..,..,..,0,0,0,0,0,0,0,0,0,0,0,0,0,0,0,0,0,0,0,0,0,0,0,0,0,0,0,0,0,0,0,0,0,0,0,0,3,0,0,0,3,0,0,0,3,3,0,0,0,3,0,0,0,7,0,0,0,0,0,0,0,0,0,94,68,17,0,176,80,0,6,260,93,72,15,0,172,86,5,33,290,0,0,0,0,0,0,0,4,7,0,0,0,0,0,0,0,0,0,0,0,0,0,0,0,0,4,7,0,0,0,0,0,0,0,0,0,0,0,0,0,0,0,0,0,0,0,0
LGA53080,82,74,44,0,201,113,10,30,353,0,0,0,0,0,3,0,5,11,0,0,0,0,0,0,0,0,0,0,0,0,0,0,3,0,5,11,0,0,0,0,0,0,0,0,0,0,0,0,0,0,0,0,0,0,0,0,0,0,0,0,0,0,0,..,..,..,..,..,..,..,..,..,0,0,0,0,0,0,0,0,0,0,0,0,0,0,0,0,0,0,7,0,0,0,7,9,0,93,112,0,0,0,0,0,0,0,0,0,3,0,0,0,3,0,0,0,3,12,0,5,0,16,8,0,93,118,0,0,0,0,0,0,0,35,35,99,73,49,0,224,125,11,157,517,68,35,31,0,137,117,5,31,299,0,0,0,0,0,5,0,0,5,0,0,0,0,0,0,0,0,0,0,0,0,0,0,5,0,0,5,0,0,0,0,0,3,0,0,3,0,0,0,0,0,0,0,0,0,0,0
LGA53150,493,802,147,7,1446,345,63,67,1922,53,26,19,4,97,72,14,11,194,77,35,23,6,136,91,17,20,256,127,57,41,7,238,163,27,31,453,23,7,6,0,36,34,7,14,86,18,7,6,4,30,102,5,10,148,25,12,5,6,41,49,16,24,127,..,..,..,..,..,..,..,..,..,0,0,0,0,0,0,0,0,0,66,22,16,11,112,182,27,46,368,0,0,0,0,0,0,0,0,0,0,0,0,0,0,0,0,0,0,0,0,0,0,0,0,0,0,5,0,0,0,0,0,6,0,0,4,0,0,0,0,0,0,0,0,0,687,878,208,27,1797,694,115,145,2753,483,841,142,10,1483,281,45,73,1881,53,34,27,0,118,77,11,12,212,105,58,38,5,200,98,23,21,340,156,88,67,4,318,177,27,28,557,10,3,6,0,17,42,0,3,66,26,0,4,5,31,96,3,5,137,60,11
LGA53220,309,731,116,16,1171,228,53,314,1769,23,5,6,0,34,39,3,34,104,0,0,0,0,0,0,0,0,0,23,5,6,0,34,39,3,34,104,33,4,0,0,45,46,6,45,142,3,0,0,0,3,0,0,0,0,6,0,0,0,6,5,0,0,12,..,..,..,..,..,..,..,..,..,5,4,0,0,7,8,0,0,13,44,6,6,0,53,56,10,48,165,14,3,4,0,17,6,0,99,126,0,0,0,0,0,0,0,26,29,0,0,0,0,0,4,0,0,6,16,4,4,0,24,13,0,123,156,3,0,0,0,11,7,0,84,99,392,746,130,16,1288,344,64,595,2289,349,651,120,15,1134,269,26,255,1680,9,4,9,0,22,25,3,32,77,0,0,0,0,0,9,0,9,20,9,3,11,0,24,38,3,34,100,3,0,0,0,8,11,0,63,76,0,0,0,0,0,0,0,0,0,0,0
LGA53290,1250,1407,429,29,3123,827,87,265,4305,42,11,9,0,58,142,5,14,213,55,51,10,0,118,36,0,4,155,95,65,13,0,177,174,3,16,368,30,19,19,3,73,112,9,43,227,0,0,0,0,0,0,0,0,0,7,0,4,0,10,17,0,0,23,..,..,..,..,..,..,..,..,..,0,0,0,0,4,0,0,0,5,39,20,23,3,85,127,9,41,256,22,13,8,4,39,47,0,120,204,0,3,0,0,10,6,0,5,22,3,3,5,0,12,5,0,5,16,30,21,11,6,61,63,0,125,245,0,4,0,0,3,4,0,9,17,1410,1517,478,35,3442,1188,103,461,5187,1318,1414,412,36,3180,947,109,483,4714,49,28,31,6,115,237,11,51,409,7,5,6,0,18,11,0,10,33,62,29,36,3,130,243,12,62,448,13,4,12,0,30,33,3,12,80,0,0,0,0,0,0,0,0,0,0,0
LGA53360,222,217,53,0,491,123,37,127,775,8,5,10,0,23,23,6,7,55,0,0,0,0,0,0,0,4,7,8,6,10,0,24,21,4,15,65,10,0,0,0,10,38,3,35,89,0,0,0,0,0,0,0,0,0,0,0,0,0,0,0,0,0,0,..,..,..,..,..,..,..,..,..,0,0,0,0,0,0,0,0,0,10,0,0,0,10,38,3,35,89,42,8,0,0,47,32,4,785,868,5,3,0,0,4,0,0,92,99,10,3,5,0,14,7,0,6,25,49,11,5,0,66,41,4,883,998,0,3,0,0,3,0,3,12,14,296,239,61,0,598,224,45,1070,1943,251,272,62,4,593,171,37,172,971,13,6,0,0,15,27,0,5,50,0,0,0,0,0,0,0,11,12,13,6,0,0,20,27,4,15,58,0,0,0,0,0,0,0,0,0,0,0,0,0,0,0,0,0,0,0,0
LGA53430,1937,2105,815,86,4935,1670,421,291,7320,297,140,148,17,604,651,91,80,1426,307,134,96,13,548,351,85,84,1072,605,274,244,29,1154,1011,175,163,2498,117,26,30,0,182,363,44,95,687,121,21,32,3,187,273,39,112,604,96,21,15,8,143,241,14,59,455,..,..,..,..,..,..,..,..,..,4,0,0,0,4,0,0,0,7,342,72,78,15,512,877,98,267,1753,39,3,11,0,55,71,0,67,198,0,0,0,0,0,0,0,68,68,6,4,5,0,12,16,7,8,45,47,13,12,0,69,88,11,143,312,0,0,0,0,3,0,0,3,11,2927,2468,1149,128,6673,3645,709,864,11890,1961,2225,785,74,5048,1612,430,413,7500,322,189,146,21,674,695,84,104,1560,429,201,164,16,804,519,97,175,1601,751,387,305,35,1480,1214,180,281,3156,71,25,18,0,112,201,13,78,404,122,33,23,8,179,258,28,125,594,195,45
LGA53570,657,454,103,7,1225,349,24,152,1759,6,0,3,0,11,6,0,3,13,4,3,0,0,5,0,0,0,11,7,4,4,0,14,8,0,3,23,9,0,4,0,12,20,3,3,46,0,0,0,0,0,0,0,0,0,0,0,0,0,0,0,0,0,0,..,..,..,..,..,..,..,..,..,0,0,0,0,0,0,0,0,0,9,0,4,0,12,20,3,3,46,11,3,0,0,13,3,0,18,32,5,3,0,0,9,5,0,0,16,3,0,0,0,3,0,0,0,3,19,5,0,0,27,7,0,23,57,0,3,0,0,3,0,0,3,4,691,465,117,8,1278,387,36,180,1882,670,461,126,15,1272,432,61,230,1997,11,0,4,0,23,16,4,12,48,0,0,0,0,0,0,0,0,7,10,4,4,0,25,13,0,10,51,0,0,0,0,7,5,0,0,9,0,0,0,0,0,0,0,0,0,0,0
LGA53640,138,148,34,3,320,128,5,31,484,0,0,0,0,5,5,0,0,6,0,0,0,0,0,0,0,0,0,0,0,0,0,5,5,0,0,6,0,0,0,0,0,4,0,0,4,0,0,0,0,0,0,0,0,0,0,0,0,0,0,0,0,0,0,..,..,..,..,..,..,..,..,..,0,0,0,0,0,0,0,0,0,0,0,0,0,0,4,0,0,4,0,0,0,0,0,0,0,0,3,0,0,0,0,0,0,0,0,4,0,0,0,0,0,0,0,0,3,0,0,0,0,6,0,0,4,10,0,0,0,0,0,0,0,0,5,140,149,32,3,325,140,6,38,514,136,123,30,5,293,107,11,66,469,0,0,0,0,6,3,0,0,13,0,0,0,0,0,0,0,0,0,0,0,0,0,6,3,0,0,13,0,0,0,0,0,0,0,0,0,0,0,0,0,0,0,0,0,0,0,0
LGA53710,131,104,23,0,270,108,14,17,406,0,0,0,0,0,0,0,0,0,0,0,0,0,0,0,0,0,0,0,0,0,0,0,0,0,0,0,0,0,0,0,0,0,0,0,0,0,0,0,0,0,0,0,0,0,0,0,0,0,0,0,0,0,0,..,..,..,..,..,..,..,..,..,0,0,0,0,0,0,0,0,0,0,0,0,0,0,0,0,0,0,0,0,0,0,4,0,0,8,10,0,0,0,0,0,0,0,0,0,0,0,0,0,0,0,0,0,0,0,0,0,0,4,0,0,8,10,0,0,0,0,0,0,0,0,0,139,104,26,0,271,111,14,27,419,126,103,27,0,257,104,5,29,395,0,0,0,0,0,4,0,0,4,0,0,0,0,0,0,0,0,0,0,0,0,0,0,4,0,0,4,0,0,0,0,0,0,0,0,0,0,0,0,0,0,0,0,0,0,0,0
LGA53780,8383,13068,4117,532,26101,5585,1139,1509,34328,398,202,183,27,814,793,58,76,1734,22,28,13,0,53,18,8,10,86,417,222,193,27,868,812,64,86,1824,253,143,161,25,583,695,54,94,1425,9,7,0,0,14,18,4,4,43,0,0,0,0,0,0,0,0,0,..,..,..,..,..,..,..,..,..,0,0,0,0,4,4,0,0,11,269,146,159,25,599,723,60,99,1482,18,3,0,0,23,84,3,9,119,0,0,0,0,0,0,0,0,0,7,14,9,0,26,13,0,0,39,28,13,15,0,53,87,6,12,161,9,0,0,0,6,9,0,3,14,9099,13451,4481,584,27615,7220,1260,1713,37809,8286,14386,4114,518,27303,5830,1179,1434,35752,806,722,432,64,2025,1493,119,281,3915,71,79,32,5,191,88,17,18,320,884,796,463,72,2219,1581,139,302,4232,88,61,45,7,205,139,27,29,396,11,19,6,8,46,46,14,9,107,0,0
LGA53800,3313,3999,1446,99,8863,2299,324,439,11928,122,58,101,8,284,355,25,52,713,8,10,14,0,35,15,0,10,63,131,69,111,8,317,372,24,59,779,141,46,57,7,257,472,34,66,827,4,0,4,0,11,19,6,0,37,0,0,0,0,0,0,0,0,0,..,..,..,..,..,..,..,..,..,0,0,0,0,0,3,0,0,4,143,45,63,7,267,497,32,68,867,79,16,9,0,102,138,8,269,513,4,0,0,0,4,4,0,25,35,9,0,0,0,11,3,0,7,16,90,15,9,0,112,144,11,296,564,3,0,0,0,3,5,0,18,29,3685,4131,1630,114,9565,3318,398,881,14165,3512,3804,1533,132,8975,2391,327,838,12530,204,72,124,16,411,670,41,155,1282,85,82,22,5,193,98,15,19,322,286,157,144,21,607,763,51,172,1597,39,17,23,5,82,142,10,65,301,5,0,0,0,7,10,0,7,25,0,0
LGA53920,89,212,151,18,468,104,16,30,619,4,3,4,0,11,14,3,0,27,5,0,0,0,7,3,0,0,10,5,3,3,0,14,14,3,5,37,0,0,0,0,0,5,0,0,7,0,0,0,0,0,0,0,0,0,0,0,0,0,0,0,0,0,0,..,..,..,..,..,..,..,..,..,0,0,0,0,0,0,0,0,0,0,0,0,0,0,5,0,0,7,15,10,4,3,31,24,5,110,168,0,0,0,0,0,0,0,48,50,0,0,0,0,7,0,0,5,5,17,8,4,3,41,25,5,156,226,4,4,0,0,13,18,4,81,111,123,228,163,23,536,165,28,270,1000,86,165,130,23,403,116,14,178,706,12,14,15,5,46,40,3,34,123,3,0,5,0,6,7,0,9,25,16,18,17,5,51,43,3,38,144,5,0,6,0,12,11,0,14,31,0,0,0,0,0,0,0,0,0,0,0
LGA53990,2377,2936,739,40,6092,1195,146,402,7835,51,17,13,0,86,77,6,3,171,0,3,3,0,6,5,0,0,14,54,22,16,0,89,81,8,5,187,19,24,31,0,74,83,7,13,175,0,0,0,0,0,0,0,0,0,0,0,0,0,0,0,0,0,0,..,..,..,..,..,..,..,..,..,0,3,0,0,3,0,0,0,3,18,28,31,0,76,83,7,13,176,25,0,6,0,37,75,11,79,202,0,0,0,0,0,6,0,3,10,7,0,0,0,4,0,0,0,4,36,3,9,0,46,78,11,82,218,9,0,0,0,9,3,0,0,12,2489,2986,789,44,6309,1442,173,497,8424,2652,3269,821,54,6801,1473,153,546,8969,92,32,38,0,156,178,15,40,383,4,7,0,0,13,0,0,0,8,96,36,38,0,170,178,15,40,395,10,11,10,0,23,28,0,17,64,0,0,0,0,0,0,0,0,0,0,0
LGA54060,444,379,95,9,924,263,27,63,1276,9,5,8,0,14,11,0,0,29,3,0,0,0,3,0,0,3,3,8,8,8,0,15,11,0,3,37,14,3,0,0,15,24,0,11,40,0,0,0,0,0,0,0,0,0,0,0,0,0,0,0,0,0,0,..,..,..,..,..,..,..,..,..,0,0,0,0,0,0,0,0,0,14,3,0,0,15,24,0,11,40,12,0,0,0,16,16,0,76,106,0,0,0,0,6,0,0,3,6,0,0,0,0,0,0,0,0,9,19,3,0,0,22,15,0,79,118,0,0,0,0,0,4,0,10,19,479,391,107,9,979,317,29,166,1490,489,336,101,10,930,303,28,87,1362,10,0,4,0,17,22,0,0,41,0,0,0,0,0,0,0,0,0,10,0,4,0,17,22,0,0,41,10,0,0,0,13,34,0,6,46,0,0,0,0,0,0,0,0,0,0,0
LGA54130,109,135,14,0,259,88,10,24,393,0,0,0,0,3,11,0,0,13,0,0,0,0,0,0,0,0,0,0,0,0,0,3,11,0,0,13,0,0,0,0,0,0,0,0,0,0,0,0,0,0,0,0,0,0,0,0,0,0,0,0,0,0,0,..,..,..,..,..,..,..,..,..,0,0,0,0,0,0,0,0,0,0,0,0,0,0,0,0,0,0,0,0,0,0,0,0,0,10,12,0,0,0,0,0,0,0,0,0,0,0,0,0,0,3,0,3,10,0,0,0,0,3,8,0,10,19,0,0,0,0,0,0,0,0,0,115,135,20,0,269,109,10,41,432,129,105,27,3,260,95,5,73,431,3,0,0,0,9,9,0,6,19,0,0,0,0,0,0,0,0,0,3,0,0,0,9,9,0,6,20,0,0,0,0,0,0,0,0,0,0,0,0,0,0,0,0,0,0,0,0
LGA54170,13520,21618,4796,507,40446,6798,1167,1217,49623,554,228,218,27,1028,898,75,62,2066,196,128,91,15,434,151,75,35,695,754,360,307,41,1463,1052,151,101,2765,253,63,69,8,390,613,32,56,1086,136,46,40,15,237,160,61,62,518,63,17,17,4,107,73,19,39,236,..,..,..,..,..,..,..,..,..,15,3,0,0,26,35,0,20,81,469,139,126,24,750,881,111,175,1921,39,4,4,0,47,110,3,28,186,0,0,0,0,0,0,0,4,4,3,3,0,0,4,0,0,9,14,45,4,4,0,53,112,5,35,207,3,0,0,0,10,5,0,0,12,14793,22117,5229,573,42717,8851,1439,1533,54528,13900,21333,4548,437,40218,6687,997,1462,49366,783,431,374,42,1628,1488,83,151,3346,417,249,138,20,829,326,86,76,1320,1201,684,516,58,2451,1818,174,226,4672,114,17,24,6,156,338,10,44,547,116,30,35,14,188,134,43,38,399,99,24
LGA54200,5544,6657,1936,173,14312,3011,477,699,18495,182,58,60,3,307,378,5,30,722,29,35,7,3,68,9,0,3,77,212,90,64,4,378,382,12,32,804,53,8,13,0,71,133,6,5,219,0,0,0,0,0,3,0,0,3,0,0,0,0,7,0,0,0,10,..,..,..,..,..,..,..,..,..,4,0,0,0,0,0,0,0,4,54,9,16,0,81,142,3,7,237,27,0,0,0,30,34,0,56,121,0,0,0,0,0,0,0,4,7,0,0,0,0,3,0,0,0,5,26,3,4,0,32,38,0,61,137,5,0,0,0,5,0,0,0,5,5841,6757,2023,180,14804,3580,492,807,19679,5672,7097,2057,198,15031,3383,458,854,19727,222,80,75,8,389,546,26,70,1030,10,4,5,0,21,23,4,4,55,235,84,78,8,411,570,31,77,1087,5,0,0,0,6,38,0,0,45,0,0,0,0,0,0,0,0,0,0,0
LGA54280,2140,3225,789,91,6249,1401,350,849,8849,185,182,98,13,471,333,48,190,1051,20,13,17,3,49,26,11,27,108,205,194,108,12,519,359,55,221,1160,144,105,62,7,315,260,48,152,777,0,0,3,0,4,4,0,0,7,0,0,0,0,0,0,0,0,0,..,..,..,..,..,..,..,..,..,0,0,0,0,0,0,0,0,4,144,107,60,7,320,262,48,159,791,65,19,3,0,85,155,6,174,421,0,0,0,0,4,0,0,79,80,7,3,0,0,12,0,3,5,20,70,15,6,0,99,160,10,258,528,10,8,6,0,14,13,0,9,38,2568,3549,967,115,7204,2202,467,1491,11370,2026,3255,773,86,6141,1516,316,690,8665,306,248,146,13,710,590,59,215,1585,42,38,21,3,109,66,14,51,240,348,293,160,22,821,662,76,270,1818,36,14,11,3,64,117,15,37,236,0,0,0,0,0,0,0,0,0,0,0
LGA54310,1017,2009,294,43,3360,440,187,976,4967,173,138,46,8,373,209,38,279,895,16,7,0,0,27,12,7,43,85,191,145,49,8,392,226,40,318,975,61,27,9,0,100,119,4,178,409,12,5,0,0,17,13,5,10,46,0,0,0,0,0,0,0,0,0,..,..,..,..,..,..,..,..,..,0,0,0,0,0,0,0,0,0,69,35,9,4,116,135,11,189,451,166,43,9,0,221,101,10,546,877,3,0,0,0,3,3,0,48,52,0,4,0,0,4,0,0,3,15,175,50,9,0,224,106,14,597,943,9,6,0,0,13,8,0,36,62,1459,2240,357,48,4112,921,258,2119,7406,1267,2474,388,51,4185,742,183,670,5787,149,110,74,15,348,274,25,128,780,13,10,8,0,33,30,0,23,85,168,117,78,15,383,305,25,153,861,39,15,5,0,59,71,0,77,214,0,0,0,0,0,20,0,4,29,16,0
LGA54340,396,429,148,18,995,359,35,56,1448,8,14,0,0,20,15,7,0,37,0,0,0,0,0,0,0,0,0,8,14,0,0,20,15,7,0,37,8,14,0,0,29,38,5,5,73,0,0,0,0,0,0,0,0,0,0,0,0,0,0,0,0,0,0,..,..,..,..,..,..,..,..,..,0,0,0,0,0,0,0,0,0,8,14,0,0,29,38,5,5,75,0,0,0,0,0,0,0,3,6,0,0,0,0,0,0,0,0,0,0,5,0,0,3,0,0,0,3,0,5,0,0,6,0,0,3,15,0,0,0,0,0,0,0,0,0,420,463,150,18,1052,419,44,63,1575,394,352,128,20,893,326,53,165,1443,21,12,12,4,47,46,8,22,113,0,0,0,0,0,0,0,0,0,21,12,12,4,47,46,8,22,113,0,0,0,0,5,10,4,7,23,0,0,0,0,0,0,0,0,0,0,0
LGA54410,135,126,32,4,298,101,7,8,416,0,0,0,0,0,0,0,0,0,0,0,0,0,0,0,0,0,0,0,0,0,0,0,0,0,0,0,0,0,3,5,9,17,0,0,27,0,0,0,0,0,0,0,0,0,0,0,0,0,0,0,0,0,0,..,..,..,..,..,..,..,..,..,0,0,0,0,0,0,0,0,0,0,0,3,5,9,17,0,0,27,0,0,0,0,0,0,0,0,0,0,0,0,0,0,0,0,0,0,0,0,0,0,0,0,0,0,0,0,0,0,0,3,0,0,0,3,0,0,0,0,0,0,0,0,0,141,130,35,4,309,120,7,6,451,148,113,40,5,299,106,7,45,460,0,0,0,0,9,11,0,0,19,0,0,0,0,0,0,0,0,0,0,0,0,0,9,11,0,0,19,0,0,0,0,0,0,0,0,0,0,0,0,0,0,0,0,0,0,0,0
LGA54480,66,69,6,0,146,39,3,7,197,0,0,0,0,0,0,0,0,3,0,0,0,0,0,0,0,0,0,0,0,0,0,0,0,0,0,3,0,0,0,0,0,9,0,0,12,0,0,0,0,0,0,0,0,0,0,0,0,0,0,0,0,0,0,..,..,..,..,..,..,..,..,..,0,0,0,0,0,0,0,0,0,0,0,0,0,0,9,0,0,12,0,0,0,0,0,0,0,0,0,0,0,0,0,0,0,0,0,0,0,0,0,0,0,0,0,0,4,0,0,0,0,0,0,0,0,4,0,0,0,0,0,0,0,0,0,74,71,6,0,150,47,3,8,213,48,73,6,0,129,48,0,32,206,0,0,0,0,0,4,0,0,5,0,0,0,0,0,0,0,0,0,0,0,0,0,0,4,0,0,5,0,0,0,0,0,5,0,0,4,0,0,0,0,0,0,0,0,0,0,0
LGA54550,249,218,61,6,533,155,17,13,716,0,3,3,0,8,9,0,0,16,0,0,0,0,0,0,0,0,0,0,3,3,0,8,9,0,0,16,0,0,0,0,4,15,0,0,20,0,0,0,0,0,0,0,0,0,0,0,0,0,0,0,0,0,0,..,..,..,..,..,..,..,..,..,0,0,0,0,0,0,0,0,0,0,0,0,0,4,15,0,0,20,0,0,0,0,0,8,0,4,15,0,0,0,0,0,0,0,0,0,0,0,0,0,0,0,0,0,0,0,0,0,0,4,8,0,4,18,0,0,0,0,0,0,0,0,0,254,222,68,8,544,188,17,18,765,247,203,49,3,507,185,5,53,756,0,0,0,0,9,7,0,0,12,0,0,0,0,0,0,0,0,0,0,0,0,0,9,7,0,0,12,0,0,0,0,4,22,0,4,28,0,0,0,0,0,0,0,0,0,0,0
LGA54620,115,92,20,3,228,78,0,7,314,0,0,0,0,0,6,0,0,8,0,0,0,0,0,0,0,0,0,0,0,0,0,0,6,0,0,8,0,0,0,0,0,11,0,0,17,0,0,0,0,0,0,0,0,0,0,0,0,0,0,0,0,0,0,..,..,..,..,..,..,..,..,..,0,0,0,0,0,0,0,0,0,0,0,0,0,0,11,0,0,17,0,0,0,0,0,0,0,13,15,0,0,0,0,0,0,0,0,0,3,0,0,0,4,0,0,0,4,5,0,0,0,3,0,0,13,18,0,0,0,0,0,0,0,0,0,122,96,19,3,231,97,4,27,362,94,89,21,3,204,71,8,23,310,0,0,0,0,0,0,0,0,8,0,0,0,0,0,0,0,0,0,0,0,0,0,0,0,0,0,8,4,0,0,0,5,9,4,0,17,0,0,0,0,0,0,0,0,0,0,0
LGA54690,54,53,14,0,118,54,8,7,187,0,0,0,0,0,0,0,0,0,0,0,0,0,0,0,0,0,0,0,0,0,0,0,0,0,0,0,0,0,0,0,0,0,0,0,0,0,0,0,0,0,0,0,0,0,0,0,0,0,0,0,0,0,0,..,..,..,..,..,..,..,..,..,0,0,0,0,0,0,0,0,0,0,0,0,0,0,0,0,0,0,0,0,0,0,0,0,0,0,0,0,0,0,0,0,0,0,0,0,0,0,0,0,0,0,0,0,0,0,0,0,0,0,0,0,0,0,0,0,0,0,0,0,0,0,0,54,53,14,0,118,54,8,7,187,55,44,17,0,116,47,0,15,187,0,0,0,0,0,0,0,0,0,0,0,0,0,0,0,0,0,0,0,0,0,0,0,0,0,0,0,0,0,0,0,0,0,0,0,0,0,0,0,0,0,0,0,0,0,0,0
LGA54760,106,106,11,4,223,76,4,4,311,3,0,0,0,3,7,0,0,8,0,0,0,0,0,0,0,0,0,3,0,0,0,3,7,0,0,8,0,0,0,0,3,3,3,0,12,0,0,0,0,0,0,0,0,0,0,0,0,0,0,0,0,0,0,..,..,..,..,..,..,..,..,..,0,0,0,0,0,0,0,0,0,0,0,0,0,3,3,3,0,12,0,0,0,0,0,0,0,6,6,0,0,0,0,0,0,0,0,0,0,0,0,0,0,0,0,0,0,0,0,0,0,0,0,0,6,6,0,0,0,0,0,0,0,0,0,110,106,16,4,229,87,8,7,335,107,80,9,0,198,78,0,29,304,4,0,4,0,4,8,4,3,21,0,0,0,0,0,0,0,0,0,4,0,4,0,4,8,4,3,21,0,0,0,0,0,0,0,0,0,0,0,0,0,0,0,0,0,0,0,0
LGA54830,2376,3202,1302,119,7003,1775,302,570,9651,79,115,44,5,242,158,18,29,443,12,10,9,3,30,16,3,8,67,91,128,56,4,279,178,24,39,510,26,8,29,4,63,145,8,23,237,32,26,29,6,82,95,12,27,220,4,0,0,0,4,8,0,0,8,..,..,..,..,..,..,..,..,..,0,0,0,0,0,0,0,0,3,63,30,57,6,153,247,24,53,468,0,0,0,0,0,0,0,0,3,0,0,0,0,0,3,0,0,10,0,0,0,0,0,0,0,0,0,0,0,3,0,3,3,0,3,14,0,0,0,0,0,6,0,0,4,2532,3365,1417,131,7438,2213,343,660,10650,2940,4425,1632,161,9165,2121,367,742,12389,140,94,59,14,300,255,17,47,615,17,23,26,5,65,51,5,12,128,160,111,84,12,367,304,16,53,746,48,16,33,3,99,190,18,64,375,31,17,13,0,63,65,11,34,167,0,0
LGA54900,181,147,24,4,349,137,3,21,513,3,3,0,0,10,22,0,0,29,0,0,0,0,0,0,0,0,0,4,0,0,0,7,22,0,0,32,0,0,0,0,0,6,0,0,9,0,0,0,0,0,0,0,0,0,0,0,0,0,0,0,0,0,0,..,..,..,..,..,..,..,..,..,0,0,0,0,0,0,0,0,0,0,0,0,0,0,6,0,0,9,0,0,0,0,0,3,0,12,20,0,0,0,0,0,0,0,0,0,0,0,0,0,3,0,0,0,3,6,0,0,0,3,6,0,12,26,0,0,0,0,0,0,0,0,0,186,152,24,6,365,173,3,31,574,131,137,24,0,290,135,13,46,484,0,0,0,0,3,12,0,5,18,0,0,0,0,0,0,0,0,0,0,0,0,0,3,12,0,5,18,0,0,0,0,0,0,0,0,0,0,0,0,0,0,0,0,0,0,0,0
LGA54970,38,43,23,4,107,45,8,18,183,0,0,0,0,5,4,0,3,8,0,0,0,0,0,0,0,0,0,0,0,0,0,5,4,0,3,8,6,0,3,0,6,7,0,0,18,0,0,0,0,0,0,0,0,0,0,0,0,0,0,0,0,0,0,..,..,..,..,..,..,..,..,..,0,0,0,0,0,0,0,0,0,6,0,3,0,6,7,0,0,18,8,0,0,0,8,14,0,30,50,0,0,0,0,0,0,0,4,9,5,0,0,0,5,0,0,0,7,11,0,0,0,11,15,0,38,56,0,0,0,0,0,0,0,11,15,53,44,25,4,125,72,8,75,285,42,38,24,0,110,45,0,39,198,0,0,0,0,0,4,0,6,8,0,0,0,0,0,0,0,0,0,0,0,0,0,0,4,0,6,8,0,0,0,0,0,0,0,0,0,0,0,0,0,0,0,0,0,0,0,0
LGA55040,87,139,25,0,252,68,8,73,393,6,5,0,0,10,16,0,12,34,0,0,0,0,0,0,0,0,0,6,5,0,0,10,16,0,12,34,0,0,0,0,0,9,0,0,8,0,0,0,0,0,0,0,0,0,0,0,0,0,0,0,0,0,0,..,..,..,..,..,..,..,..,..,0,0,0,0,0,0,0,0,0,0,0,0,0,0,9,0,0,8,8,0,0,0,8,15,0,51,81,0,0,0,0,0,0,0,0,5,0,0,0,0,0,0,0,0,3,11,0,0,0,11,18,0,60,87,0,0,0,0,0,4,0,3,8,97,142,29,0,272,109,8,149,540,66,81,33,4,181,74,3,73,328,0,0,0,0,0,16,0,8,23,0,0,0,0,0,0,0,0,0,0,0,0,0,0,16,0,8,23,0,0,0,0,0,0,0,0,0,0,0,0,0,0,0,0,0,0,0,0
LGA55110,7321,6633,2619,181,16754,4173,569,968,22465,749,136,227,8,1117,1339,93,93,2647,217,64,53,5,341,189,32,69,636,968,197,284,17,1464,1531,124,161,3282,357,72,116,13,554,631,39,85,1315,52,20,4,0,77,36,13,37,162,61,21,14,0,100,48,8,40,198,..,..,..,..,..,..,..,..,..,3,0,0,0,0,3,0,0,8,472,113,133,13,734,721,69,161,1678,98,4,18,5,120,180,3,29,335,0,4,0,0,4,0,0,35,38,0,3,3,0,5,0,0,0,4,103,14,18,5,131,181,3,62,377,12,3,0,0,13,0,0,0,13,8865,6963,3054,205,19098,6596,761,1357,27815,8196,7783,3016,206,19192,5010,678,1303,26181,910,197,268,16,1386,1623,83,204,3304,303,136,118,11,561,344,45,76,1030,1217,332,389,19,1952,1966,132,278,4332,267,19,33,4,329,516,20,74,938,66,12,13,0,90,44,4,12,153,103,39
LGA55180,1079,980,330,22,2412,781,64,144,3396,0,0,6,0,10,16,0,0,25,0,0,0,0,0,0,0,0,0,4,0,6,0,15,16,0,0,27,24,5,16,3,48,125,5,14,196,0,0,0,0,0,0,0,0,0,0,0,0,0,0,0,0,0,0,..,..,..,..,..,..,..,..,..,0,0,0,0,0,0,0,0,0,24,5,16,3,48,125,5,14,196,5,3,0,0,5,5,0,46,60,0,0,0,0,0,0,0,24,26,0,0,0,0,0,0,0,0,0,7,3,0,0,8,6,0,67,88,3,0,0,0,3,3,0,0,13,1116,988,350,27,2480,934,68,226,3710,1110,872,305,28,2318,809,63,306,3499,8,7,14,0,31,77,4,21,140,0,0,0,0,0,0,0,0,3,8,7,20,0,31,79,4,19,139,17,0,7,0,26,79,3,7,121,0,0,0,0,0,0,0,0,0,0,0
LGA55250,54,68,37,8,162,72,9,48,289,5,0,0,0,6,5,0,3,21,0,0,0,0,0,0,0,0,0,5,0,0,0,6,5,0,3,21,3,0,0,0,7,5,0,5,20,0,0,0,0,0,0,0,0,0,0,0,0,0,0,0,0,0,0,..,..,..,..,..,..,..,..,..,0,0,0,0,0,0,0,0,0,3,0,0,0,7,5,0,5,20,3,0,0,0,4,8,0,29,35,0,0,0,0,0,0,0,10,10,3,0,0,0,3,0,0,0,5,3,0,0,0,8,6,0,31,51,0,0,0,0,3,9,0,21,37,69,72,36,7,189,106,8,112,415,48,32,34,0,119,48,9,51,221,0,0,0,0,0,0,0,0,3,0,0,0,0,0,0,0,0,0,0,0,0,0,0,0,0,0,3,4,3,0,0,8,19,0,7,32,0,0,0,0,0,0,0,0,0,0,0
LGA55320,7998,11522,2690,444,22653,5098,917,881,29546,809,388,299,45,1543,1751,186,149,3628,253,194,69,13,527,248,43,40,866,1062,584,369,64,2075,1998,232,190,4495,450,184,144,32,812,1151,185,110,2260,60,11,8,3,91,136,21,23,268,60,16,7,0,84,56,47,46,238,..,..,..,..,..,..,..,..,..,0,0,0,0,0,6,0,0,6,573,202,163,43,982,1356,246,179,2761,0,0,0,0,0,0,0,0,0,0,0,0,0,0,0,0,0,0,0,0,0,0,6,0,0,0,7,0,0,0,0,6,4,0,8,9,4,10,0,0,10,4,3,5,27,9641,12316,3224,546,25720,8454,1402,1263,36839,7680,11192,2563,384,21815,4576,779,919,28091,1290,800,616,71,2778,2683,230,365,6056,472,542,134,22,1168,357,67,71,1668,1758,1340,747,96,3945,3039,304,435,7723,138,51,35,9,232,532,27,89,880,70,9,6,5,92,131,3,50,284,108,22
LGA55390,9,17,15,3,42,20,4,10,75,0,0,0,0,0,0,0,0,0,0,0,0,0,0,0,0,0,0,0,0,0,0,0,0,0,0,0,0,0,0,0,0,0,0,0,0,0,0,0,0,0,0,0,0,0,0,0,0,0,0,0,0,0,0,..,..,..,..,..,..,..,..,..,0,0,0,0,0,0,0,0,0,0,0,0,0,0,0,0,0,0,0,0,0,0,5,3,0,13,23,0,0,0,0,0,0,0,0,4,0,0,0,0,0,0,0,0,0,0,0,0,0,5,4,0,18,21,3,0,0,0,4,0,0,8,11,14,21,15,3,48,30,4,32,115,9,12,8,6,34,26,0,15,75,0,0,0,0,3,0,0,0,5,0,0,0,0,0,0,0,0,0,0,0,0,0,3,0,0,0,5,0,0,0,0,0,0,0,0,0,0,0,0,0,0,0,0,0,0,0,0
LGA55460,354,340,89,11,797,285,25,58,1167,11,5,4,0,22,41,6,3,70,0,0,0,0,0,0,0,0,0,11,5,4,0,22,41,6,3,70,0,0,0,0,3,13,0,0,17,0,0,0,0,0,0,0,0,0,0,0,0,0,0,0,0,0,0,..,..,..,..,..,..,..,..,..,0,0,0,0,0,0,0,0,0,0,0,0,0,3,13,0,0,17,0,0,0,0,0,14,0,26,43,0,0,0,0,0,0,0,0,0,0,0,0,0,0,0,0,0,3,0,0,0,0,5,13,0,28,45,0,0,0,0,0,3,0,0,4,366,349,94,13,823,363,27,90,1310,367,308,115,15,807,299,40,102,1245,5,0,3,0,13,39,0,4,52,0,0,0,0,0,0,0,0,0,5,0,3,0,13,39,0,4,52,0,0,0,0,0,6,5,0,13,0,0,0,0,0,0,0,0,0,0,0
LGA55530,50,54,17,4,126,47,0,6,173,0,0,0,0,0,0,0,0,0,0,0,0,0,0,0,0,0,0,0,0,0,0,0,0,0,0,0,0,0,0,0,0,8,0,0,5,0,0,0,0,0,0,0,0,0,0,0,0,0,0,0,0,0,0,..,..,..,..,..,..,..,..,..,0,0,0,0,0,0,0,0,0,0,0,0,0,0,8,0,0,5,0,0,0,0,0,4,0,7,8,0,0,0,0,0,4,0,0,3,0,0,0,0,0,0,0,0,5,0,0,0,0,0,7,0,7,14,0,0,0,0,0,0,0,0,0,57,54,19,4,132,57,0,16,201,56,49,13,0,118,42,3,12,179,0,0,0,0,0,0,0,0,0,0,0,0,0,0,0,0,0,0,0,0,0,0,0,0,0,0,0,0,0,0,0,0,0,0,0,6,0,0,0,0,0,0,0,0,0,0,0
LGA55600,270,279,82,0,632,178,24,28,862,3,4,0,0,7,17,0,0,23,0,0,0,0,0,0,0,0,0,3,4,0,0,7,17,0,0,23,0,0,4,0,7,23,0,7,33,0,0,0,0,0,0,0,0,0,0,0,0,0,0,0,0,0,0,..,..,..,..,..,..,..,..,..,0,0,0,0,0,0,0,0,0,0,0,4,0,7,23,0,7,33,0,0,0,0,0,0,0,0,0,0,0,0,0,0,0,0,0,3,5,0,0,0,4,0,0,0,9,5,4,0,0,7,4,3,0,12,0,0,0,0,0,0,0,0,4,279,288,84,0,651,218,28,33,925,251,253,77,9,585,233,22,95,935,0,0,0,0,3,10,0,4,19,0,0,0,0,0,0,0,0,0,0,0,0,0,3,10,0,4,19,0,0,0,0,0,0,0,0,0,0,0,0,0,0,0,0,0,0,0,0
LGA55670,74,86,28,0,197,91,5,23,311,0,3,0,0,3,0,0,0,5,0,0,0,0,0,0,0,0,0,0,3,0,0,3,0,0,0,5,0,0,0,0,0,0,0,0,0,0,0,0,0,0,0,0,0,0,0,0,0,0,0,0,0,0,0,..,..,..,..,..,..,..,..,..,0,0,0,0,0,0,0,0,0,0,0,0,0,0,0,0,0,0,0,0,0,0,0,0,0,11,12,0,0,0,0,0,0,0,0,0,0,0,0,0,0,0,0,0,0,0,0,0,0,0,0,0,11,13,0,0,0,0,0,0,0,0,0,79,92,28,0,204,89,8,29,328,71,64,26,4,168,87,3,29,285,0,0,0,0,0,0,0,0,0,0,0,0,0,0,0,0,0,0,0,0,0,0,0,0,0,0,0,0,0,0,0,0,0,0,0,0,0,0,0,0,0,0,0,0,0,0,0
LGA55740,542,829,212,24,1603,352,72,70,2103,47,22,20,3,88,133,7,14,247,29,17,24,0,78,93,10,9,196,75,42,48,5,170,228,22,26,438,45,9,3,3,60,93,9,15,182,60,9,7,0,78,275,18,49,427,87,27,8,8,134,187,45,58,428,..,..,..,..,..,..,..,..,..,0,0,0,0,0,0,0,0,0,194,48,18,15,272,560,76,126,1035,0,0,0,0,0,0,0,0,0,0,0,0,0,0,0,0,0,0,0,0,0,0,0,0,0,0,3,0,0,0,0,0,0,0,0,3,0,0,0,0,0,0,0,0,0,812,925,280,36,2046,1139,174,223,3582,540,895,184,24,1650,319,39,79,2089,60,14,32,0,112,169,15,24,315,58,30,28,5,120,101,10,20,255,120,49,56,0,229,267,26,44,567,12,5,6,0,30,48,4,8,83,65,6,10,4,83,227,20,73,399,108,28
LGA55810,42,52,19,6,120,65,9,15,203,0,0,0,0,0,0,0,0,0,0,0,0,0,0,0,0,0,0,0,0,0,0,0,0,0,0,0,0,0,0,0,0,0,0,0,0,0,0,0,0,0,0,0,0,0,0,0,0,0,0,0,0,0,0,..,..,..,..,..,..,..,..,..,0,0,0,0,0,0,0,0,0,0,0,0,0,0,0,0,0,0,3,0,0,0,3,0,0,20,24,0,0,0,0,0,0,0,0,0,0,0,0,0,0,0,0,4,4,6,0,0,0,6,0,0,20,27,0,0,0,0,0,0,0,7,7,41,52,19,6,119,65,9,44,242,38,25,9,3,77,51,6,55,188,0,0,0,0,0,0,0,0,6,0,0,0,0,0,0,0,0,0,0,0,0,0,0,0,0,0,6,0,0,0,0,0,0,0,0,0,0,0,0,0,0,0,0,0,0,0,0
LGA55880,62,60,8,0,139,54,5,9,201,0,0,0,0,0,0,0,0,0,0,0,0,0,0,0,0,0,0,0,0,0,0,0,0,0,0,0,0,0,0,0,0,0,0,0,0,0,0,0,0,0,0,0,0,0,0,0,0,0,0,0,0,0,0,..,..,..,..,..,..,..,..,..,0,0,0,0,0,0,0,0,0,0,0,0,0,0,0,0,0,0,0,0,0,0,0,0,0,7,7,0,0,0,0,0,0,0,0,0,0,0,0,0,0,0,0,0,0,0,0,0,0,0,0,0,7,7,0,0,0,0,0,0,0,0,0,62,60,8,0,139,54,5,18,209,56,69,6,0,139,49,5,16,215,0,0,0,0,0,0,0,4,7,0,0,0,0,0,0,0,0,0,0,0,0,0,0,0,0,4,7,0,0,0,0,0,0,0,3,3,0,0,0,0,0,0,0,0,0,0,0
LGA55950,85,55,12,0,148,31,0,9,194,0,0,0,0,0,15,0,0,17,0,0,0,0,0,0,0,0,0,0,0,0,0,0,15,0,0,17,0,0,0,0,0,0,0,0,0,0,0,0,0,0,0,0,0,0,0,0,0,0,0,0,0,0,0,..,..,..,..,..,..,..,..,..,0,0,0,0,0,0,0,0,0,0,0,0,0,0,0,0,0,0,0,0,0,0,0,0,0,10,10,0,0,0,0,0,0,0,0,0,0,0,0,0,4,0,0,0,4,0,0,0,0,4,0,0,10,9,0,0,0,0,0,0,0,0,0,85,60,12,0,156,51,0,14,222,78,56,11,0,150,47,0,13,205,0,0,0,0,0,5,0,0,10,0,0,0,0,0,0,0,0,0,0,0,0,0,0,5,0,0,10,0,0,0,0,0,0,0,0,0,0,0,0,0,0,0,0,0,0,0,0
LGA56090,3808,4536,1251,91,9685,2038,214,530,12465,56,18,27,0,104,172,6,11,292,18,19,4,0,44,5,0,0,47,75,34,31,0,144,175,6,8,338,24,0,4,0,35,54,0,6,87,0,0,0,0,0,0,0,0,0,0,0,0,0,0,0,0,0,0,..,..,..,..,..,..,..,..,..,0,0,0,0,0,4,0,0,11,27,5,4,0,35,57,0,4,99,0,0,0,0,3,13,0,12,24,0,0,0,0,0,0,0,0,4,0,0,0,0,5,6,0,0,6,8,0,0,0,10,21,0,13,38,0,3,0,0,4,0,0,0,4,3912,4582,1295,94,9878,2300,217,555,12946,3926,4560,1252,98,9840,2202,240,595,12874,107,33,45,3,190,271,5,16,488,0,0,0,0,0,0,0,0,4,114,34,45,3,196,270,5,16,489,0,0,0,0,0,9,0,0,16,0,0,0,0,4,9,0,0,9,0,0
LGA56160,14,5,3,0,27,5,0,11,45,0,0,0,0,0,0,0,0,0,0,0,0,0,0,0,0,0,0,0,0,0,0,0,0,0,0,0,0,0,0,0,0,0,0,0,0,0,0,0,0,0,0,0,0,0,0,0,0,0,0,0,0,0,0,..,..,..,..,..,..,..,..,..,0,0,0,0,0,0,0,0,0,0,0,0,0,0,0,0,0,0,0,0,0,0,0,0,0,0,0,0,0,0,0,0,0,0,0,0,0,0,0,0,0,0,0,0,0,0,0,0,0,0,0,0,0,0,0,0,0,0,0,0,0,0,0,15,5,3,0,27,8,0,14,49,5,7,0,0,16,11,0,12,39,0,0,0,0,0,0,0,0,0,0,0,0,0,0,0,0,0,0,0,0,0,0,0,0,0,0,0,0,0,0,0,0,0,0,0,0,0,0,0,0,0,0,0,0,0,0,0
LGA56230,1724,1494,453,32,3708,976,95,251,5025,35,6,8,0,54,71,0,11,136,4,6,0,0,9,0,0,0,16,43,12,15,0,68,73,0,11,154,11,3,15,0,26,41,0,4,74,0,0,0,0,0,0,0,0,0,0,0,0,0,0,0,0,0,0,..,..,..,..,..,..,..,..,..,0,0,0,0,0,0,0,0,0,11,4,15,0,30,41,0,4,78,43,5,10,0,63,100,5,40,201,0,8,0,0,14,4,0,7,23,3,0,0,0,5,0,0,3,11,55,13,10,0,80,101,4,51,232,0,0,0,0,0,0,0,0,9,1839,1523,492,34,3882,1193,98,314,5488,1928,1706,613,33,4273,1031,114,364,5787,95,11,23,0,138,199,4,47,388,7,0,0,0,9,8,0,0,12,101,11,23,5,143,204,4,51,403,6,5,3,0,13,9,0,4,24,0,0,0,0,0,0,0,0,0,0,0
LGA56300,197,104,35,0,346,126,16,17,507,0,0,0,0,0,7,0,0,6,0,0,0,0,0,0,0,0,0,0,0,0,0,0,7,0,0,6,0,0,0,0,0,0,0,0,0,0,0,0,0,0,0,0,0,0,0,0,0,0,0,0,0,0,0,..,..,..,..,..,..,..,..,..,0,0,0,0,0,0,0,0,0,0,0,0,0,0,0,0,0,0,0,0,0,0,0,3,0,23,28,5,0,0,0,4,4,0,4,11,0,3,4,0,5,0,0,0,12,3,9,3,0,8,10,0,27,48,0,0,0,0,0,0,0,0,0,207,111,37,0,357,147,17,46,565,197,96,40,7,337,142,17,62,556,0,0,0,0,0,0,0,0,0,0,0,0,0,0,0,0,0,0,0,0,0,0,0,0,0,0,0,0,0,0,0,0,0,0,0,0,0,0,0,0,0,0,0,0,0,0,0
LGA56370,124,89,19,4,225,71,0,10,312,0,0,0,0,0,6,0,0,13,0,0,0,0,0,0,0,0,0,0,0,0,0,0,6,0,0,13,0,0,0,0,3,4,0,0,10,0,0,0,0,0,0,0,0,0,0,0,0,0,0,0,0,0,0,..,..,..,..,..,..,..,..,..,0,0,0,0,0,0,0,0,0,0,0,0,0,3,4,0,0,10,0,0,0,0,0,0,0,0,0,0,0,0,0,0,0,0,0,0,0,0,0,0,0,0,0,0,0,0,0,0,0,0,0,0,0,0,0,0,0,0,0,0,0,0,0,129,89,19,4,235,84,0,12,333,116,79,15,3,214,77,4,26,323,0,0,0,0,0,7,0,0,6,0,0,0,0,0,0,0,0,0,0,0,0,0,0,7,0,0,6,0,0,0,0,0,0,0,0,0,0,0,0,0,0,0,0,0,0,0,0
LGA56460,496,508,173,17,1195,365,46,65,1679,11,4,12,0,29,48,0,0,75,0,0,0,0,0,0,0,0,0,12,4,12,0,28,48,0,0,77,25,6,12,0,44,81,0,6,128,0,0,0,0,0,0,0,0,0,0,0,0,0,0,0,0,0,0,..,..,..,..,..,..,..,..,..,0,0,0,0,0,0,0,0,0,25,6,12,0,44,81,0,3,126,0,0,0,0,0,4,0,0,4,0,0,0,0,0,0,0,0,0,0,0,0,0,4,0,0,0,3,4,0,0,0,3,3,0,0,10,0,0,0,0,0,5,0,0,3,536,523,194,17,1269,501,53,78,1898,465,480,196,21,1154,449,36,154,1795,20,10,11,3,43,51,5,25,120,0,0,0,0,0,0,0,0,0,20,10,11,3,43,51,5,25,120,4,0,0,0,5,10,4,0,18,0,0,0,0,0,0,0,0,0,0,0
LGA56580,1486,2810,490,85,4870,889,208,177,6142,63,37,26,11,137,184,18,15,360,69,52,17,7,147,105,16,17,282,133,92,37,20,282,288,40,35,641,79,31,20,0,124,225,42,27,430,3,0,0,0,10,4,0,0,11,17,9,0,0,24,16,0,3,37,..,..,..,..,..,..,..,..,..,0,0,0,0,0,0,0,0,0,89,41,18,0,154,244,44,38,477,0,0,0,0,0,0,0,0,0,0,0,0,0,0,0,0,0,0,0,0,0,0,0,0,0,0,9,0,0,0,0,0,0,0,0,9,0,0,0,0,0,4,0,4,3,1705,2942,545,113,5307,1427,289,247,7274,1512,2742,440,80,4777,817,167,202,5958,91,76,39,7,211,206,29,13,461,135,142,43,4,321,140,28,18,502,226,217,84,10,531,345,53,31,962,67,22,15,6,114,217,34,14,380,6,3,4,0,10,15,0,6,30,30,6
LGA56620,46,117,73,4,239,75,8,19,349,0,0,0,0,0,0,0,0,0,0,0,0,0,0,0,0,0,0,0,0,0,0,0,0,0,0,0,0,0,5,0,4,6,0,11,23,0,0,0,0,0,0,0,0,0,0,0,0,0,0,0,0,0,0,..,..,..,..,..,..,..,..,..,0,0,0,0,0,0,0,0,0,0,0,5,0,4,6,0,11,23,0,0,0,0,0,0,0,4,5,0,0,0,0,0,0,0,11,17,0,0,0,0,0,0,0,0,0,0,0,0,0,0,6,0,17,22,0,0,0,0,0,4,0,9,11,52,117,71,4,245,92,8,62,406,55,136,73,20,282,55,5,63,401,0,0,0,0,0,0,0,0,5,0,0,0,0,0,0,0,0,0,0,0,0,0,0,0,0,0,5,5,0,0,0,3,12,0,28,41,0,0,0,0,0,0,0,0,0,0,0
LGA56730,1102,1023,433,27,2585,814,92,252,3740,6,3,10,0,21,32,3,6,65,3,0,0,0,6,0,0,0,12,17,3,8,0,31,36,5,12,74,23,0,11,0,37,101,8,17,169,0,0,0,0,0,0,0,0,0,0,0,0,0,0,0,0,0,0,..,..,..,..,..,..,..,..,..,0,0,0,0,0,0,0,0,0,23,0,11,0,37,101,8,17,169,22,0,0,0,26,36,0,20,78,0,0,0,0,0,0,0,0,4,0,0,0,0,0,0,0,0,0,22,5,0,0,29,36,0,20,79,0,5,3,0,9,4,0,0,7,1160,1037,465,32,2688,983,102,302,4077,1130,980,454,24,2587,984,91,328,3990,7,0,8,0,22,35,5,18,79,0,0,0,0,0,0,0,0,0,10,0,8,0,24,35,5,18,83,8,8,4,0,29,49,4,13,95,0,0,0,0,0,0,0,0,0,0,0
LGA56790,434,284,91,7,823,267,14,58,1162,9,4,0,0,18,33,0,18,64,4,0,0,0,0,4,0,7,17,13,10,0,0,20,34,0,25,80,3,6,0,0,13,16,0,15,40,0,0,0,0,0,0,0,0,0,0,0,0,0,0,0,0,0,0,..,..,..,..,..,..,..,..,..,0,0,0,0,0,0,0,0,0,3,6,0,0,13,16,0,15,40,31,3,0,0,36,25,0,322,388,0,0,0,0,3,0,0,26,30,5,0,0,0,6,6,0,0,16,37,8,3,0,50,31,0,350,436,0,0,0,0,0,0,0,9,14,489,302,98,8,902,351,24,456,1728,432,273,76,5,796,258,22,149,1224,10,3,0,0,16,28,0,14,60,3,0,0,0,8,0,0,3,8,16,3,3,0,22,35,0,17,67,15,0,0,0,15,44,0,9,68,0,0,0,0,0,0,0,0,0,0,0
LGA56860,25,25,11,0,57,31,4,3,91,0,0,0,0,0,0,0,0,0,0,0,0,0,0,0,0,0,0,0,0,0,0,0,0,0,0,0,0,0,0,0,0,0,0,0,0,0,0,0,0,0,0,0,0,0,0,0,0,0,0,0,0,0,0,..,..,..,..,..,..,..,..,..,0,0,0,0,0,0,0,0,0,0,0,0,0,0,0,0,0,0,0,0,0,0,0,0,0,0,0,0,0,0,0,0,0,0,0,0,0,0,0,0,0,0,0,0,0,0,0,0,0,0,0,0,0,0,0,0,0,0,0,0,0,0,0,22,25,11,0,53,27,4,3,92,32,30,4,0,61,29,0,11,102,0,0,0,0,0,0,0,0,0,0,0,0,0,0,0,0,0,0,0,0,0,0,0,0,0,0,0,0,0,0,0,0,0,0,0,0,0,0,0,0,0,0,0,0,0,0,0
LGA56930,122,174,35,5,337,47,7,25,415,0,3,0,0,3,0,0,0,3,0,0,0,0,0,0,0,0,6,0,3,0,0,6,0,0,0,9,16,3,4,0,22,32,5,12,72,3,0,0,0,9,16,3,4,35,0,0,0,0,0,0,0,0,0,..,..,..,..,..,..,..,..,..,0,0,0,0,0,0,0,0,0,21,5,4,0,29,47,11,19,110,0,0,0,0,0,0,0,0,0,0,0,0,0,0,0,0,0,0,0,0,0,0,0,0,0,0,0,0,0,0,0,0,0,0,0,0,0,0,0,0,0,0,0,0,0,149,187,37,6,373,98,18,47,533,107,192,32,5,335,58,3,32,423,0,0,0,0,0,6,0,0,4,11,7,9,3,31,16,0,7,53,13,7,9,3,31,18,0,7,57,10,0,0,0,10,3,3,3,21,6,4,0,0,12,26,11,9,47,0,0
LGA57000,68,69,14,0,147,41,6,9,199,0,0,0,0,0,0,0,0,0,0,0,0,0,0,0,0,0,0,0,0,0,0,0,0,0,0,0,0,0,0,0,0,0,0,0,0,0,0,0,0,0,0,0,0,0,0,0,0,0,0,0,0,0,0,..,..,..,..,..,..,..,..,..,0,0,0,0,0,0,0,0,0,0,0,0,0,0,0,0,0,0,0,0,0,0,0,0,0,7,12,0,0,0,0,0,0,0,0,0,0,0,0,0,0,0,0,0,0,0,0,0,0,0,4,0,7,12,0,0,0,0,0,0,0,0,0,68,74,14,0,148,42,6,15,210,51,48,8,0,107,50,0,14,179,0,0,0,0,0,3,0,0,3,0,0,0,0,0,0,0,0,0,0,0,0,0,0,3,0,0,3,0,0,0,0,0,0,0,0,0,0,0,0,0,0,0,0,0,0,0,0
LGA57080,103,79,22,7,209,78,43,31,366,16,6,0,0,22,19,17,9,61,215,98,48,22,386,319,110,108,924,229,107,54,23,411,337,127,116,987,123,57,16,19,219,178,73,53,523,469,138,57,47,708,692,252,374,2030,1697,369,107,92,2265,2113,442,1346,6169,..,..,..,..,..,..,..,..,..,0,0,0,0,0,3,0,0,3,2286,562,187,154,3194,2987,770,1779,8723,0,0,0,0,0,0,0,0,0,0,0,0,0,0,0,0,139,139,29,6,0,3,37,19,11,20,92,29,6,0,3,37,19,11,164,233,9,4,0,0,13,6,5,3,31,2649,756,262,195,3860,3428,959,2099,10345,89,65,11,5,166,61,50,25,306,14,10,5,0,30,17,5,9,65,234,142,40,16,432,194,141,61,835,248,155,43,13,463,211,146,72,895,126,56,24,15,222,218,92,159,687,407,124,51,26,608,620,207,247,1688,2399,619
LGA57140,157,105,50,4,320,88,10,11,431,0,0,0,0,0,0,0,0,4,0,0,0,0,0,0,0,0,0,0,0,0,0,0,0,0,0,4,0,0,0,0,0,20,0,0,25,0,0,0,0,0,0,0,0,0,0,0,0,0,0,0,0,0,0,..,..,..,..,..,..,..,..,..,0,0,0,0,0,0,0,0,0,0,0,0,0,0,20,0,0,25,0,0,0,0,0,0,0,0,7,0,0,0,0,0,0,0,0,0,0,0,0,0,4,0,0,0,4,0,0,0,0,4,3,0,0,8,0,0,0,0,0,0,0,0,0,160,110,50,4,324,118,10,14,462,160,88,39,4,290,117,11,50,469,0,0,0,0,0,0,0,0,8,0,0,0,0,0,0,0,0,0,0,0,0,0,0,0,0,0,8,0,0,3,0,3,13,0,0,21,0,0,0,0,0,0,0,0,0,0,0
LGA57210,608,461,175,14,1260,383,25,86,1749,20,22,10,6,53,38,5,3,102,0,0,0,0,0,0,0,0,0,20,24,10,6,54,38,5,3,99,9,0,0,0,3,3,0,0,11,0,0,0,0,0,0,0,0,0,0,0,0,0,0,0,0,0,0,..,..,..,..,..,..,..,..,..,0,0,0,0,0,0,0,0,0,9,0,0,0,3,3,0,0,10,3,0,4,0,9,7,0,10,28,6,5,0,0,8,3,0,0,9,0,0,0,0,3,0,0,0,3,12,3,4,0,14,8,0,8,35,0,0,0,0,4,0,0,0,4,645,488,189,17,1340,431,30,100,1901,633,467,170,15,1290,491,33,165,1988,0,0,0,0,0,4,0,0,4,0,0,0,0,0,0,0,0,0,0,0,0,0,0,4,0,0,4,3,0,0,0,0,0,0,6,8,0,0,0,0,0,0,0,0,0,0,0
LGA57280,686,1133,228,49,2088,352,132,693,3264,85,90,31,6,212,100,20,100,433,66,81,12,0,163,45,14,59,273,144,177,41,13,373,151,29,154,706,68,26,17,4,117,115,16,130,372,0,0,0,0,0,0,0,0,0,16,10,3,0,28,28,10,38,105,..,..,..,..,..,..,..,..,..,0,0,0,0,0,0,0,0,0,76,35,25,6,141,139,21,167,477,72,30,3,3,108,59,10,321,503,6,9,0,0,19,15,6,33,72,14,9,0,0,27,26,10,37,89,97,44,6,8,154,99,20,386,661,9,3,0,0,12,8,0,38,58,1012,1388,300,66,2769,744,203,1448,5163,880,1370,303,42,2601,559,118,571,3845,39,45,26,5,110,79,5,61,255,37,58,15,0,106,24,8,32,167,75,102,40,4,223,106,11,87,425,141,50,14,0,212,203,17,187,616,19,3,0,0,19,14,0,36,70,14,11
LGA57350,163,88,30,5,285,109,10,6,414,0,0,0,0,4,0,0,0,7,0,0,0,0,0,0,0,0,0,0,0,0,0,4,0,0,0,7,0,0,0,0,0,6,0,0,6,0,0,0,0,0,0,0,0,0,0,0,0,0,0,0,0,0,0,..,..,..,..,..,..,..,..,..,0,0,0,0,0,0,0,0,0,0,0,0,0,0,6,0,0,6,0,0,0,0,0,4,0,6,10,0,0,0,0,0,0,0,0,0,0,0,0,0,0,0,0,0,3,0,0,0,0,0,4,0,4,10,0,0,0,0,0,0,0,0,0,164,88,36,3,292,119,10,12,432,133,71,36,3,243,127,10,59,430,0,0,0,0,0,0,0,0,0,0,0,0,0,0,0,0,0,0,0,0,0,0,0,0,0,0,0,0,0,0,0,0,11,0,0,11,0,0,0,0,0,0,0,0,0,0,0
LGA57420,221,216,32,4,474,149,11,57,694,7,0,0,0,14,13,0,18,44,5,0,0,0,5,5,0,0,8,11,0,0,0,18,22,0,15,57,0,0,0,0,0,0,0,0,3,0,0,0,0,0,8,0,0,8,0,0,0,0,0,0,0,0,0,..,..,..,..,..,..,..,..,..,0,0,0,0,0,0,0,0,0,0,0,0,0,0,8,0,0,14,0,0,0,0,3,18,0,16,43,3,0,0,0,3,5,0,7,16,3,0,0,0,5,0,0,3,9,12,5,0,0,15,21,0,25,61,0,0,0,0,0,0,0,0,0,244,217,35,4,503,196,11,102,820,207,149,35,5,389,172,5,91,659,3,0,0,0,3,10,0,0,20,0,0,0,0,0,0,0,0,0,3,0,0,0,3,10,0,0,20,0,0,0,0,0,3,0,0,3,0,0,0,0,0,0,0,0,0,0,0
LGA57490,9042,12963,3844,287,26132,4994,862,1349,33339,377,106,150,16,643,915,41,79,1679,103,57,28,0,187,169,27,54,436,477,167,172,17,831,1084,66,129,2115,312,87,124,20,544,1023,50,104,1720,14,0,3,0,21,37,3,17,81,44,12,10,0,65,66,6,52,182,..,..,..,..,..,..,..,..,..,0,0,0,0,4,9,0,0,16,368,103,142,20,634,1132,62,173,1996,104,5,6,0,120,202,5,42,370,3,3,0,0,8,7,0,15,25,0,0,4,0,4,4,0,3,8,104,10,11,4,131,212,7,57,404,0,3,0,0,4,5,0,5,16,9999,13244,4169,322,27733,7429,1001,1713,37872,10494,15404,4711,340,30947,6562,969,2250,40729,529,185,259,24,1000,1198,72,190,2460,151,56,60,5,268,243,25,60,582,675,237,324,35,1271,1439,91,244,3045,131,41,81,12,257,522,31,74,891,0,0,0,0,0,13,0,10,15,44,9
LGA57630,20,10,0,0,24,7,0,15,48,0,0,0,0,0,0,0,0,0,0,0,0,0,0,0,0,0,0,0,0,0,0,0,0,0,0,0,0,0,0,0,0,0,0,0,0,0,0,0,0,0,0,0,0,0,0,0,0,0,0,0,0,0,0,..,..,..,..,..,..,..,..,..,0,0,0,0,0,0,0,0,0,0,0,0,0,0,0,0,0,0,0,0,0,0,0,5,0,27,31,0,0,0,0,0,0,0,0,0,0,0,0,0,0,0,0,0,0,0,0,0,0,0,5,0,27,31,0,0,0,0,0,0,0,0,4,16,10,0,0,32,10,0,41,84,16,0,0,0,18,16,0,12,48,0,0,0,0,0,0,0,0,0,0,0,0,0,0,0,0,0,0,0,0,0,0,0,0,0,0,0,0,0,0,0,0,0,0,0,0,0,0,0,0,0,0,0,0,0,0,0
LGA57700,1739,2468,532,43,4783,694,102,188,5771,3,4,0,0,8,9,0,3,25,0,0,0,0,0,0,0,0,0,3,4,0,0,8,9,0,3,25,5,0,0,0,4,0,0,0,5,0,0,0,0,0,0,0,0,0,0,0,0,0,0,0,0,0,0,..,..,..,..,..,..,..,..,..,6,4,0,0,8,0,0,0,7,3,4,4,0,11,6,0,0,18,0,0,0,0,4,10,0,8,18,0,3,0,0,6,6,0,3,13,0,0,0,0,0,0,0,0,0,3,11,0,0,13,13,0,9,33,0,0,0,0,3,0,0,0,3,1754,2477,538,44,4816,719,105,198,5839,2469,3688,813,71,7045,1053,160,441,8697,16,9,12,3,45,32,3,5,90,0,0,0,0,0,0,0,0,0,25,9,12,3,52,32,3,5,91,0,3,0,0,3,15,0,0,16,0,0,0,0,0,0,0,0,0,0,0
LGA57770,82,65,22,5,170,69,9,38,284,0,0,0,0,0,3,0,8,11,0,0,0,0,0,0,0,9,14,3,0,0,0,3,9,0,11,22,4,0,3,0,16,24,0,0,46,0,0,0,0,0,0,0,0,0,0,0,0,0,3,0,0,0,0,..,..,..,..,..,..,..,..,..,0,0,0,0,0,0,0,0,0,10,4,3,0,12,24,0,5,49,28,0,0,0,27,22,0,407,454,0,0,0,0,0,0,0,21,21,0,0,0,0,0,0,0,0,0,30,0,0,0,28,22,0,427,472,0,0,0,0,0,0,0,3,3,127,68,23,5,222,118,11,484,837,95,69,8,5,178,82,13,59,331,5,5,0,0,7,15,0,6,28,0,0,0,0,0,0,0,5,5,5,5,0,0,7,15,0,13,32,10,0,0,0,7,9,0,4,27,0,0,0,0,4,0,0,0,4,0,0
LGA57840,2203,3029,793,198,6231,1653,422,388,8697,594,247,154,65,1062,1112,159,152,2484,646,297,160,92,1200,702,224,155,2291,1243,552,312,156,2258,1819,377,312,4770,310,107,69,36,526,663,142,142,1470,274,74,37,35,422,565,111,137,1230,357,100,47,28,535,450,67,232,1285,..,..,..,..,..,..,..,..,..,0,0,0,0,3,11,0,0,12,945,285,154,103,1484,1687,312,510,3993,0,0,0,0,0,0,0,0,0,0,0,0,0,0,0,0,0,0,0,0,0,0,0,0,0,0,0,0,0,0,0,0,0,0,0,0,0,4,0,0,4,0,0,6,13,4393,3863,1259,460,9978,5165,1119,1213,17472,2173,3106,759,159,6192,1535,399,404,8535,662,345,179,56,1241,1157,155,172,2728,1037,564,210,94,1906,1150,294,299,3648,1709,905,390,151,3149,2308,452,466,6377,194,82,53,29,359,427,64,108,957,153,50,29,25,257,307,56,89,707,284,69
LGA57910,12571,16771,4776,668,34790,9215,1857,1857,47715,3949,2292,1538,309,8094,7158,1123,1025,17401,1291,965,418,98,2771,1447,420,330,4964,5242,3260,1957,402,10864,8600,1543,1354,22367,1798,815,609,147,3370,4032,599,841,8845,342,105,59,37,541,883,123,202,1749,136,43,22,11,210,332,34,138,716,..,..,..,..,..,..,..,..,..,30,11,3,3,51,110,9,4,169,2301,972,696,202,4173,5356,766,1187,11487,20,3,0,0,20,86,0,49,159,0,0,0,0,0,0,0,17,19,0,3,0,0,5,9,3,5,20,21,4,0,0,24,95,5,67,193,4,11,0,0,12,12,0,4,25,20139,21027,7428,1266,49864,23284,4173,4469,81787,12371,17227,4443,642,34684,8431,1667,2033,46811,5724,3873,2149,376,12113,9402,1341,1564,24422,1858,1497,593,119,4065,1786,478,493,6828,7579,5364,2742,491,16179,11188,1819,2062,31246,987,435,292,63,1779,2523,295,505,5094,475,185,86,32,769,1003,130,221,2125,198,45
LGA57980,777,1109,251,35,2175,635,175,142,3121,61,39,16,7,118,120,25,16,283,367,180,67,19,626,392,98,111,1228,426,214,85,25,740,516,128,126,1507,151,59,29,8,247,441,64,89,838,239,35,23,7,299,526,42,132,1003,84,27,13,0,130,245,19,45,431,..,..,..,..,..,..,..,..,..,0,0,0,0,0,0,0,0,0,472,119,66,16,674,1213,122,259,2271,0,0,0,0,0,0,0,0,0,0,0,0,0,0,0,0,0,0,3,0,0,0,5,4,0,4,18,3,0,0,0,5,8,0,4,16,3,6,0,0,9,0,0,0,9,1685,1446,404,70,3605,2369,418,535,6932,865,1220,240,24,2353,613,139,128,3234,74,53,29,5,158,120,23,11,318,309,190,95,8,600,370,80,100,1149,384,246,123,14,765,495,99,114,1471,153,57,39,10,259,370,46,86,760,196,47,28,8,272,408,43,98,828,226,67
LGA58050,8102,13600,4199,407,26306,5104,845,1372,33624,361,253,241,26,870,827,73,84,1862,100,77,52,11,243,127,11,64,446,459,330,294,31,1115,955,90,150,2309,267,113,160,7,550,633,49,127,1357,17,0,6,0,22,45,4,28,92,0,0,0,0,0,0,0,0,0,..,..,..,..,..,..,..,..,..,3,0,5,0,5,5,0,0,7,287,111,169,8,580,685,53,152,1464,90,5,0,0,92,175,10,83,366,0,0,4,0,11,7,0,8,29,0,0,0,0,6,4,0,0,13,90,7,4,0,108,183,18,99,400,3,7,0,0,16,14,0,18,39,8941,14055,4666,451,28109,6937,998,1790,37837,9620,15967,4922,453,30963,5910,995,1945,39811,1070,778,633,78,2566,1822,186,362,4940,162,131,97,10,403,266,46,82,794,1239,916,725,89,2968,2085,230,452,5735,44,15,16,0,77,115,9,52,257,59,22,31,9,121,110,19,44,298,4,3
LGA58190,36,47,15,3,96,44,3,8,148,0,0,0,0,0,0,0,0,0,0,0,0,0,0,0,0,0,0,0,0,0,0,0,0,0,0,0,0,0,0,0,0,0,0,0,0,0,0,0,0,0,0,0,0,0,0,0,0,0,0,0,0,0,0,..,..,..,..,..,..,..,..,..,0,0,0,0,0,0,0,0,0,0,0,0,0,0,0,0,0,0,0,0,0,0,0,0,0,0,5,0,0,0,0,0,0,0,0,0,0,0,0,0,0,0,0,0,0,6,0,0,0,6,3,0,0,6,0,0,0,0,0,0,0,0,0,42,46,15,3,100,42,3,8,158,31,45,15,0,85,36,7,15,147,0,0,0,0,0,0,0,0,0,0,0,0,0,0,0,0,0,0,0,0,0,0,0,0,0,0,0,0,0,0,0,0,0,0,0,0,0,0,0,0,0,0,0,0,0,0,0
LGA58260,84,59,15,0,157,70,5,15,248,0,0,0,0,0,5,0,0,12,0,0,0,0,0,0,0,0,0,0,0,0,0,0,5,0,0,12,0,0,0,0,0,0,0,0,0,0,0,0,0,0,0,0,0,0,0,0,0,0,0,0,0,0,0,..,..,..,..,..,..,..,..,..,0,0,0,0,0,0,0,0,0,0,0,0,0,0,0,0,0,0,0,0,0,0,0,0,0,0,0,0,0,0,0,0,0,0,0,0,0,0,0,0,0,0,0,0,0,0,0,0,0,0,0,0,0,0,0,0,0,0,0,0,0,0,0,79,58,17,0,164,78,4,20,269,69,52,22,4,141,58,0,19,223,0,0,0,0,0,0,0,0,4,0,0,0,0,0,0,0,0,0,0,0,0,0,0,0,0,0,4,0,5,0,0,0,4,0,0,10,0,0,0,0,0,0,0,0,0,0,0
LGA58330,635,431,155,8,1225,334,28,114,1701,7,6,0,0,10,12,0,0,20,0,0,0,0,0,0,0,0,0,7,3,0,0,11,12,0,0,20,0,0,0,0,0,0,0,0,0,0,0,0,0,0,0,0,0,0,0,0,0,0,0,0,0,0,0,..,..,..,..,..,..,..,..,..,0,0,0,0,0,0,0,0,5,0,0,0,0,0,0,0,0,3,4,0,4,0,10,16,0,6,39,0,0,0,0,0,3,0,0,3,0,0,0,0,0,0,0,0,0,6,0,4,0,13,22,0,6,42,0,0,0,0,0,0,0,0,0,645,438,155,8,1250,368,27,128,1775,687,384,142,8,1219,417,38,160,1830,3,0,0,0,4,11,0,6,21,3,0,0,0,3,0,0,0,3,6,0,0,0,3,11,0,6,21,0,0,0,0,0,0,0,0,3,0,0,0,0,0,0,0,0,0,0,0
LGA58400,49,31,9,0,92,37,3,5,140,0,0,0,0,0,0,0,0,0,0,0,0,0,0,0,0,0,0,0,0,0,0,0,0,0,0,0,0,0,0,0,0,4,0,0,6,0,0,0,0,0,0,0,0,0,0,0,0,0,0,0,0,0,0,..,..,..,..,..,..,..,..,..,0,0,0,0,0,0,0,0,0,0,0,0,0,0,4,0,0,6,0,0,0,0,0,0,0,0,0,0,0,0,0,0,0,0,0,0,0,0,0,0,0,0,0,0,0,0,0,0,0,0,0,0,0,0,0,0,0,0,0,0,0,0,0,56,31,9,0,96,45,3,11,153,53,18,9,3,83,54,3,28,163,0,0,0,0,0,0,0,0,4,0,0,0,0,0,0,0,0,0,0,0,0,0,0,0,0,0,4,0,0,0,0,0,0,0,0,0,0,0,0,0,0,0,0,0,0,0,0
LGA58470,16,18,18,0,52,19,0,16,83,0,0,0,0,0,0,0,0,0,0,0,0,0,0,0,0,0,0,0,0,0,0,0,0,0,0,0,0,0,0,0,0,0,0,0,0,0,0,0,0,0,0,0,0,0,0,0,0,0,0,0,0,0,0,..,..,..,..,..,..,..,..,..,0,0,0,0,0,0,0,0,0,0,0,0,0,0,0,0,0,0,0,0,0,0,0,3,0,10,15,0,0,0,0,0,0,0,0,0,0,0,0,0,0,0,0,0,0,0,0,0,0,0,3,0,10,15,0,0,0,0,0,0,0,3,3,16,18,18,0,52,23,0,22,96,12,15,16,0,41,10,4,20,76,0,0,0,0,0,0,0,0,0,0,0,0,0,0,0,0,0,0,0,0,0,0,0,0,0,0,0,0,0,0,0,0,0,0,0,0,0,0,0,0,0,0,0,0,0,0,0
LGA58510,1928,1926,645,182,4681,1868,584,362,7492,543,306,178,66,1092,781,235,132,2234,227,140,48,36,451,203,105,96,855,767,451,227,97,1539,985,337,231,3093,274,129,56,28,484,760,84,106,1440,153,57,25,20,245,267,52,128,696,367,111,46,19,538,541,91,188,1364,..,..,..,..,..,..,..,..,..,0,0,0,0,0,0,0,0,0,796,294,128,62,1282,1562,230,419,3494,0,0,0,0,0,0,0,0,3,0,0,0,0,0,0,0,0,0,0,0,0,0,8,0,0,0,7,0,3,0,0,9,0,0,0,14,0,4,0,0,0,3,0,0,13,3495,2676,998,344,7513,4424,1149,1016,14106,2072,2080,634,161,4944,1766,612,485,7807,576,411,193,73,1256,917,213,213,2590,365,217,72,47,700,402,163,84,1345,946,628,261,115,1948,1320,374,289,3939,198,102,37,21,357,404,60,91,910,169,66,16,20,278,274,41,108,704,376,118
LGA58540,96,103,16,4,218,101,14,19,353,0,3,0,0,3,5,0,0,10,0,0,0,0,0,0,0,0,0,0,3,0,0,5,5,0,0,7,0,0,0,0,0,0,0,0,0,0,0,0,0,0,0,0,0,0,0,0,0,0,0,0,0,0,0,..,..,..,..,..,..,..,..,..,0,0,0,0,0,0,0,0,0,0,0,0,0,0,0,0,0,0,0,0,0,0,0,0,0,7,7,0,0,0,0,0,0,0,0,4,0,0,0,0,0,0,0,0,4,0,0,0,0,5,4,0,9,14,0,0,0,0,0,0,0,0,0,101,109,16,4,225,110,14,30,375,106,107,16,4,228,98,7,23,352,0,0,0,0,4,3,0,4,9,0,0,0,0,0,0,0,0,0,0,0,0,0,4,3,0,4,9,0,0,0,0,0,0,0,0,0,0,0,0,0,0,0,0,0,0,0,0
LGA58570,1894,2280,569,117,4861,1677,687,392,7622,208,118,67,19,411,404,143,103,1064,487,220,84,33,823,433,189,166,1611,692,341,150,46,1230,840,329,273,2677,279,78,48,23,434,585,119,146,1277,358,51,27,23,457,555,143,184,1336,219,32,19,15,292,452,93,117,954,..,..,..,..,..,..,..,..,..,0,0,0,0,0,0,0,0,5,857,164,97,58,1177,1595,348,452,3572,0,0,0,0,0,0,0,0,0,0,0,0,0,0,0,0,45,45,16,9,0,0,24,17,0,4,49,16,9,0,0,24,17,0,46,96,5,0,0,0,10,5,0,0,14,3465,2792,822,229,7303,4130,1372,1164,13970,1763,2343,551,105,4756,1475,620,377,7228,291,214,78,16,598,468,122,101,1288,566,296,113,28,1002,459,214,140,1810,859,500,186,44,1599,924,339,240,3102,304,60,30,8,408,480,86,142,1117,376,73,35,19,502,626,141,227,1490,430,79
LGA58610,232,187,59,5,485,178,10,17,694,6,0,0,0,6,37,3,0,43,0,0,0,0,0,0,0,0,0,6,0,0,0,6,37,3,0,43,0,0,0,0,0,0,0,0,0,0,0,0,0,0,0,0,0,0,0,0,0,0,0,0,0,0,0,..,..,..,..,..,..,..,..,..,0,0,0,0,0,0,0,0,0,0,0,0,0,0,0,0,0,0,0,0,0,0,0,0,0,0,5,0,0,0,0,0,0,0,0,0,0,0,0,0,0,3,0,0,8,0,0,0,0,0,6,0,4,15,0,0,0,0,0,0,0,0,0,242,187,60,5,497,217,14,25,754,240,148,67,3,459,188,17,71,737,4,0,3,0,9,34,0,5,47,0,0,0,0,0,0,0,0,0,4,0,3,0,9,34,0,5,47,0,0,0,0,0,0,0,0,0,0,0,0,0,0,0,0,0,0,0,0
LGA58680,68,57,6,0,131,25,0,9,170,0,0,0,0,0,0,0,0,0,0,0,0,0,0,0,0,0,0,0,0,0,0,0,0,0,0,0,0,0,0,0,0,0,0,0,0,0,0,0,0,0,0,0,0,0,0,0,0,0,0,0,0,0,0,..,..,..,..,..,..,..,..,..,0,0,0,0,0,0,0,0,0,0,0,0,0,0,0,0,0,0,0,0,0,0,0,0,0,0,4,0,0,0,0,0,0,0,0,0,0,0,0,0,0,0,0,0,0,3,0,0,0,3,0,0,0,9,0,0,0,0,0,0,0,0,0,67,57,6,0,141,28,0,8,175,61,45,9,0,123,31,0,16,169,0,0,0,0,0,0,0,0,0,0,0,0,0,0,0,0,0,0,0,0,0,0,0,0,0,0,0,0,0,0,0,0,0,0,0,0,0,0,0,0,0,0,0,0,0,0,0
LGA58760,11433,20439,5459,496,37820,6290,1056,1781,46955,834,513,311,35,1699,1126,85,123,3037,182,170,63,11,420,130,22,53,620,1017,684,372,43,2115,1258,107,176,3658,159,65,89,15,327,425,27,61,843,0,0,0,0,0,0,0,0,0,18,3,0,0,28,17,0,0,42,..,..,..,..,..,..,..,..,..,27,21,20,3,70,57,3,11,138,207,90,107,15,419,498,30,72,1016,79,7,0,0,88,179,0,65,334,0,0,0,0,0,4,0,0,4,0,0,0,0,0,0,0,0,4,78,9,0,0,87,183,0,70,346,0,0,0,0,0,0,0,0,4,12731,21222,5943,553,40448,8232,1197,2105,51979,13402,24813,6796,605,45624,7864,1396,2707,57584,1465,997,756,77,3289,2120,190,333,5928,141,149,105,15,405,199,34,70,716,1606,1140,860,94,3697,2319,225,400,6644,14,12,11,0,33,37,3,29,107,12,10,0,0,23,12,0,6,44,4,0
LGA58820,412,382,135,9,937,263,15,38,1258,13,5,7,0,30,61,0,0,86,0,0,0,0,0,0,0,0,0,18,5,7,0,29,61,0,0,91,4,0,0,0,3,5,0,0,11,0,0,0,0,0,0,0,0,0,0,0,0,0,0,0,0,0,0,..,..,..,..,..,..,..,..,..,0,0,0,0,0,0,0,0,0,4,0,0,0,8,5,0,0,11,4,0,0,0,4,9,0,0,22,0,0,0,0,0,0,0,0,0,0,0,0,0,0,0,0,0,0,4,0,0,0,8,17,0,5,23,0,0,0,0,0,0,0,0,0,440,393,141,9,977,340,17,49,1385,439,413,141,9,1004,297,23,120,1437,8,0,8,0,15,10,0,14,42,0,0,0,0,0,0,0,0,0,8,0,8,0,22,10,0,14,45,11,5,6,0,22,38,0,5,64,0,0,0,0,0,0,0,0,5,0,0
LGA58890,131,101,13,0,243,83,4,17,343,0,0,0,0,0,0,0,0,0,0,0,0,0,0,0,0,0,0,0,0,0,0,0,0,0,0,0,0,3,0,0,3,4,0,0,9,0,0,0,0,0,0,0,0,0,0,0,0,0,0,0,0,0,0,..,..,..,..,..,..,..,..,..,0,0,0,0,0,0,0,0,0,0,3,0,0,3,4,0,0,9,0,0,0,0,0,3,0,0,4,0,0,0,0,0,0,0,0,3,4,0,0,0,4,0,0,0,4,4,0,0,0,6,0,0,0,7,0,0,0,0,0,0,0,0,0,131,109,19,0,256,88,0,15,366,120,78,18,4,214,106,7,32,355,0,0,0,0,4,0,0,0,7,0,0,0,0,0,0,0,0,0,0,0,0,0,4,0,0,0,7,0,0,0,0,0,0,0,0,0,0,0,0,0,0,0,0,0,0,0,0
LGA59030,33,28,3,0,63,32,6,5,108,0,0,0,0,0,0,0,0,0,0,0,0,0,0,0,0,0,0,0,0,0,0,0,0,0,0,0,0,0,0,0,0,0,0,0,0,0,0,0,0,0,0,0,0,0,0,0,0,0,0,0,0,0,0,..,..,..,..,..,..,..,..,..,0,0,0,0,0,0,0,0,0,0,0,0,0,0,0,0,0,0,0,0,0,0,0,0,0,0,0,0,0,0,0,0,0,0,0,0,0,0,0,0,0,0,0,0,0,0,0,0,0,0,0,0,0,0,0,0,0,0,0,0,0,0,0,33,28,3,0,63,32,6,8,103,31,20,0,0,59,21,0,14,92,0,0,0,0,0,0,0,0,0,0,0,0,0,0,0,0,0,0,0,0,0,0,0,0,0,0,0,0,0,0,0,0,0,0,0,0,0,0,0,0,0,0,0,0,0,0,0
LGA59100,94,81,34,0,208,66,4,10,285,0,0,0,0,0,0,0,0,0,0,0,0,0,0,0,0,0,0,0,0,0,0,0,0,0,0,0,0,0,0,0,0,5,0,0,7,0,0,0,0,0,0,0,0,0,0,0,0,0,0,0,0,0,0,..,..,..,..,..,..,..,..,..,0,0,0,0,0,0,0,0,0,0,0,0,0,0,5,0,0,7,0,0,0,0,0,0,0,0,8,0,0,0,0,0,0,0,0,0,0,0,0,0,0,0,0,0,0,0,0,0,0,0,7,0,0,6,0,0,0,0,0,0,0,0,0,93,81,33,0,209,77,4,12,299,95,73,16,0,179,78,8,22,282,0,0,0,0,0,5,0,0,4,0,0,0,0,0,0,0,0,0,0,0,0,0,0,5,0,0,4,0,0,0,0,4,0,0,0,5,0,0,0,0,0,0,0,0,0,0,0
LGA59170,142,100,24,0,262,76,6,13,361,0,0,0,0,0,7,0,0,12,0,0,0,0,0,0,0,0,0,0,0,0,0,0,7,0,0,12,0,0,0,0,0,0,0,0,3,0,0,0,0,0,0,0,0,0,0,0,0,0,0,0,0,0,0,..,..,..,..,..,..,..,..,..,0,0,0,0,0,0,0,0,0,0,0,0,0,0,0,0,0,3,0,0,0,0,0,0,0,6,4,0,0,0,0,0,0,0,0,0,0,4,0,0,4,0,0,0,4,0,4,0,0,4,0,0,6,7,0,0,0,0,0,0,0,0,0,148,97,25,0,271,89,6,12,381,132,102,25,0,261,72,8,27,366,0,0,0,0,0,9,0,0,11,0,0,0,0,0,0,0,0,0,0,0,0,0,0,9,0,0,11,0,0,0,0,0,0,0,0,0,0,0,0,0,0,0,0,0,0,0,0
LGA59250,19,24,20,0,64,15,0,20,103,0,0,3,0,4,0,0,0,6,0,0,0,0,0,0,0,0,0,0,4,3,0,7,0,0,0,5,3,0,4,0,5,4,0,0,14,0,0,0,0,0,0,0,0,0,0,0,0,0,0,0,0,0,0,..,..,..,..,..,..,..,..,..,0,0,0,0,0,0,0,0,0,3,0,4,0,5,4,0,0,14,0,0,0,0,0,5,0,3,8,0,0,0,0,0,0,0,3,6,0,0,0,0,0,0,0,0,0,0,0,0,0,0,3,0,9,15,0,0,0,0,0,0,0,34,38,23,31,24,0,78,26,3,63,175,21,18,22,8,55,28,4,30,123,0,0,0,0,0,0,0,0,0,0,0,0,0,0,0,0,0,0,0,0,0,0,0,0,0,0,0,0,0,0,0,0,0,0,0,0,0,0,0,0,0,0,0,0,0,0,0
LGA59310,159,150,42,4,356,134,10,19,518,0,0,0,0,0,0,0,0,4,0,0,0,0,0,0,0,0,0,0,0,0,0,0,0,0,0,4,4,9,0,0,8,32,0,3,40,0,0,0,0,0,0,0,0,0,0,0,0,0,0,0,0,0,0,..,..,..,..,..,..,..,..,..,0,0,0,0,0,0,0,0,0,4,9,0,0,8,32,0,3,40,0,0,0,0,0,6,0,12,18,0,0,0,0,0,0,0,0,0,4,0,0,0,10,0,0,0,8,4,0,0,0,9,9,0,12,28,0,0,0,0,0,0,0,0,0,168,155,45,4,376,172,12,32,596,165,142,44,8,352,159,20,23,549,0,0,0,0,0,10,0,0,10,0,0,0,0,0,0,0,0,0,0,0,0,0,0,10,0,0,10,0,0,0,0,0,0,0,0,0,0,0,0,0,0,0,0,0,0,0,0
LGA59320,45,50,18,0,112,35,0,0,152,0,0,0,0,0,0,0,0,0,0,0,0,0,0,0,0,0,0,0,0,0,0,0,0,0,0,0,0,0,0,0,0,0,0,0,0,0,0,0,0,0,0,0,0,0,0,0,0,0,0,0,0,0,0,..,..,..,..,..,..,..,..,..,0,0,0,0,0,0,0,0,0,0,0,0,0,0,0,0,0,0,0,0,0,0,4,0,0,0,6,0,0,0,0,0,0,0,0,0,0,0,0,0,0,0,0,0,0,0,0,0,0,4,0,0,0,6,0,0,0,0,0,0,0,0,0,50,50,16,0,118,38,0,4,155,49,45,10,0,110,38,3,13,164,0,0,0,0,0,0,0,0,0,0,0,0,0,0,0,0,0,0,0,0,0,0,0,0,0,0,0,0,0,0,0,0,0,0,0,0,0,0,0,0,0,0,0,0,0,0,0
LGA59330,62,47,15,0,126,66,3,24,230,0,0,0,0,0,6,0,0,6,0,0,0,0,0,0,0,0,0,0,0,0,0,0,6,0,0,6,0,0,0,0,0,11,0,0,11,0,0,0,0,0,0,0,0,0,0,0,0,0,0,0,0,0,0,..,..,..,..,..,..,..,..,..,0,0,0,0,0,0,0,0,0,0,0,0,0,0,11,0,0,11,0,0,0,0,0,0,0,0,0,0,0,0,0,0,0,0,0,0,0,0,0,0,0,0,0,0,0,0,0,0,0,0,0,0,0,7,0,0,0,0,0,0,0,0,0,62,47,15,0,126,87,9,25,244,64,37,8,0,111,94,6,41,246,0,0,0,0,0,0,0,0,0,0,0,0,0,0,0,0,0,0,0,0,0,0,0,0,0,0,0,0,0,0,0,0,0,0,0,0,0,0,0,0,0,0,0,0,0,0,0
LGA59340,413,541,240,34,1235,282,96,144,1755,32,24,14,0,71,52,6,24,154,8,3,0,0,7,12,0,0,24,34,28,14,0,76,63,11,33,177,30,14,7,0,50,46,5,22,118,0,0,0,0,0,0,0,0,0,0,0,0,0,0,0,0,0,0,..,..,..,..,..,..,..,..,..,0,0,0,0,0,0,0,0,3,30,14,7,0,50,45,5,24,120,137,29,7,0,169,126,17,960,1266,6,0,0,0,12,15,3,202,237,17,17,0,0,27,14,0,5,54,153,42,15,0,210,157,16,1172,1559,8,3,0,0,15,3,0,71,88,640,628,279,35,1581,558,132,1437,3705,381,524,231,29,1171,272,75,244,1757,45,16,34,5,99,69,12,56,233,9,3,0,0,15,9,3,11,36,50,18,36,5,112,83,17,67,273,24,6,10,0,37,39,14,28,114,0,0,0,0,0,0,0,0,0,0,0
LGA59350,17,17,11,0,39,9,0,9,66,0,0,0,0,0,0,0,0,0,0,0,0,0,0,0,0,0,0,0,0,0,0,0,0,0,0,0,0,0,0,0,0,0,0,0,0,0,0,0,0,0,0,0,0,0,0,0,0,0,0,0,0,0,0,..,..,..,..,..,..,..,..,..,0,0,0,0,0,0,0,0,0,0,0,0,0,0,0,0,0,0,0,0,0,0,0,0,0,12,9,0,0,0,0,0,0,0,0,0,0,0,0,0,0,0,0,0,0,0,0,0,0,0,0,0,15,11,0,0,0,0,0,0,0,4,4,16,17,11,0,37,17,0,25,77,15,13,3,3,33,22,0,17,64,0,0,0,0,0,0,0,0,0,0,0,0,0,0,0,0,0,0,0,0,0,0,0,0,0,0,0,0,0,0,0,0,0,0,0,0,0,0,0,0,0,0,0,0,0,0,0
LGA59360,130,145,37,0,313,114,3,38,465,5,3,7,0,11,25,0,8,46,0,0,0,0,0,0,0,0,0,5,3,7,0,11,25,0,8,46,0,0,0,0,0,0,0,0,0,0,0,0,0,0,0,0,0,0,0,0,0,0,0,0,0,0,0,..,..,..,..,..,..,..,..,..,0,0,0,0,0,0,0,0,0,0,0,0,0,0,0,0,0,5,5,0,0,0,5,3,0,19,18,0,0,0,0,0,0,0,0,3,3,0,0,0,3,0,0,0,4,3,0,0,0,4,4,0,18,29,0,0,0,0,4,0,0,3,7,135,149,44,0,332,142,9,72,550,124,81,39,0,253,123,10,48,434,0,0,0,0,0,10,0,3,20,0,0,0,0,0,0,0,0,0,0,0,0,0,0,10,0,3,20,0,0,0,0,0,0,0,0,0,0,0,0,0,0,0,0,0,0,0,0
LGA59370,475,330,118,8,933,307,26,61,1318,4,0,3,0,10,24,0,0,36,6,0,0,0,9,0,0,0,11,12,3,3,0,17,25,0,0,49,0,0,0,0,0,8,0,0,8,0,0,0,0,0,0,0,0,0,0,0,0,0,0,0,0,0,0,..,..,..,..,..,..,..,..,..,0,0,0,0,0,0,0,0,4,0,0,0,0,3,8,0,0,14,0,0,0,0,0,3,0,10,10,0,0,0,0,0,0,0,0,4,0,0,0,0,0,5,0,0,5,0,0,0,0,3,5,0,10,17,4,0,0,0,4,0,0,0,4,496,335,124,8,952,347,27,68,1397,489,285,126,7,909,356,29,140,1428,10,0,0,0,17,26,0,3,46,4,0,0,0,4,0,0,0,5,15,0,0,0,18,25,0,3,45,6,0,0,0,6,20,0,10,35,0,0,0,0,0,0,0,0,0,0,0
LGA59499,0,0,0,0,0,0,0,0,0,0,0,0,0,0,0,0,0,0,0,0,0,0,0,0,0,0,0,0,0,0,0,0,0,0,0,0,0,0,0,0,0,0,0,0,0,0,0,0,0,0,0,0,0,0,0,0,0,0,0,0,0,0,0,..,..,..,..,..,..,..,..,..,0,0,0,0,0,0,0,0,0,0,0,0,0,0,0,0,0,0,0,0,0,0,0,0,0,0,0,0,0,0,0,0,0,0,0,0,0,0,0,0,0,0,0,0,0,0,0,0,0,0,0,0,0,0,0,0,0,0,0,0,0,0,0,0,0,0,0,0,0,0,0,0,0,0,0,0,0,0,0,0,0,0,0,0,0,0,0,0,0,0,0,0,0,0,0,0,0,0,0,0,0,0,0,0,0,0,0,0,0,0,0,0,0,0,0,0,0,0,0,0,0,0,0,0,0,0,0,0
LGA59799,0,0,0,0,0,0,0,0,0,0,0,0,0,0,0,0,0,0,0,0,0,0,0,0,0,0,0,0,0,0,0,0,0,0,0,0,0,0,0,0,0,0,0,0,0,0,0,0,0,0,0,0,0,0,0,0,0,0,0,0,0,0,0,..,..,..,..,..,..,..,..,..,0,0,0,0,0,0,0,0,0,0,0,0,0,0,0,0,0,0,0,0,0,0,0,0,0,0,0,0,0,0,0,0,0,0,0,0,0,0,0,0,0,0,0,0,0,0,0,0,0,0,0,0,0,0,0,0,0,0,0,0,0,0,0,0,0,0,0,0,0,0,0,0,0,0,0,0,0,0,0,0,0,0,0,0,0,0,0,0,0,0,0,0,0,0,0,0,0,0,0,0,0,0,0,0,0,0,0,0,0,0,0,0,0,0,0,0,0,0,0,0,0,0,0,0,0,0,0,0
