POW_LGA_CODE_2021,CI_II_2000_2999_Mng,CI_II_2000_2999_Pro,CI_II_2000_2999_TecTW,CI_II_2000_2999_CoPSW,CI_II_2000_2999_ClAW,CI_II_2000_2999_SWks,CI_II_2000_2999_MaOpDv,CI_II_2000_2999_Lab,CI_II_2000_2999_IDNS,CI_II_2000_2999_Tot,CI_II_3000_3499_Mng,CI_II_3000_3499_Pro,CI_II_3000_3499_TecTW,CI_II_3000_3499_CoPSW,CI_II_3000_3499_ClAW,CI_II_3000_3499_SWks,CI_II_3000_3499_MaOpDv,CI_II_3000_3499_Lab,CI_II_3000_3499_IDNS,CI_II_3000_3499_Tot,CI_II_3500mo_Mng,CI_II_3500mo_Pro,CI_II_3500mo_TecTW,CI_II_3500mo_CoPSW,CI_II_3500mo_ClAW,CI_II_3500mo_SWks,CI_II_3500mo_MaOpDv,CI_II_3500mo_Lab,CI_II_3500mo_IDNS,CI_II_3500mo_Tot,CI_II_PINS_Mng,CI_II_PINS_Pro,CI_II_PINS_TecTW,CI_II_PINS_CoPSW,CI_II_PINS_ClAW,CI_II_PINS_SWks,CI_II_PINS_MaOpDv,CI_II_PINS_Lab,CI_II_PINS_IDNS,CI_II_PINS_Tot,CI_II_Tot_Mng,CI_II_Tot_Pro,CI_II_Tot_TecTW,CI_II_Tot_CoPSW,CI_II_Tot_ClAW,CI_II_Tot_SWks,CI_II_Tot_MaOpDv,CI_II_Tot_Lab,CI_II_Tot_IDNS,CI_II_Tot_Tot,LE_IDNS_NNI_Mng,LE_IDNS_NNI_Pro,LE_IDNS_NNI_TecTW,LE_IDNS_NNI_CoPSW,LE_IDNS_NNI_ClAW,LE_IDNS_NNI_SWks,LE_IDNS_NNI_MaOpDv,LE_IDNS_NNI_Lab,LE_IDNS_NNI_IDNS,LE_IDNS_NNI_Tot,LE_IDNS_1_149_Mng,LE_IDNS_1_149_Pro,LE_IDNS_1_149_TecTW,LE_IDNS_1_149_CoPSW,LE_IDNS_1_149_ClAW,LE_IDNS_1_149_SWks,LE_IDNS_1_149_MaOpDv,LE_IDNS_1_149_Lab,LE_IDNS_1_149_IDNS,LE_IDNS_1_149_Tot,LE_IDNS_150_299_Mng,LE_IDNS_150_299_Pro,LE_IDNS_150_299_TecTW,LE_IDNS_150_299_CoPSW,LE_IDNS_150_299_ClAW,LE_IDNS_150_299_SWks,LE_IDNS_150_299_MaOpDv,LE_IDNS_150_299_Lab,LE_IDNS_150_299_IDNS,LE_IDNS_150_299_Tot,LE_IDNS_300_399_Mng,LE_IDNS_300_399_Pro,LE_IDNS_300_399_TecTW,LE_IDNS_300_399_CoPSW,LE_IDNS_300_399_ClAW,LE_IDNS_300_399_SWks,LE_IDNS_300_399_MaOpDv,LE_IDNS_300_399_Lab,LE_IDNS_300_399_IDNS,LE_IDNS_300_399_Tot,LE_IDNS_400_499_Mng,LE_IDNS_400_499_Pro,LE_IDNS_400_499_TecTW,LE_IDNS_400_499_CoPSW,LE_IDNS_400_499_ClAW,LE_IDNS_400_499_SWks,LE_IDNS_400_499_MaOpDv,LE_IDNS_400_499_Lab,LE_IDNS_400_499_IDNS,LE_IDNS_400_499_Tot,LE_IDNS_500_649_Mng,LE_IDNS_500_649_Pro,LE_IDNS_500_649_TecTW,LE_IDNS_500_649_CoPSW,LE_IDNS_500_649_ClAW,LE_IDNS_500_649_SWks,LE_IDNS_500_649_MaOpDv,LE_IDNS_500_649_Lab,LE_IDNS_500_649_IDNS,LE_IDNS_500_649_Tot,LE_IDNS_650_799_Mng,LE_IDNS_650_799_Pro,LE_IDNS_650_799_TecTW,LE_IDNS_650_799_CoPSW,LE_IDNS_650_799_ClAW,LE_IDNS_650_799_SWks,LE_IDNS_650_799_MaOpDv,LE_IDNS_650_799_Lab,LE_IDNS_650_799_IDNS,LE_IDNS_650_799_Tot,LE_IDNS_800_999_Mng,LE_IDNS_800_999_Pro,LE_IDNS_800_999_TecTW,LE_IDNS_800_999_CoPSW,LE_IDNS_800_999_ClAW,LE_IDNS_800_999_SWks,LE_IDNS_800_999_MaOpDv,LE_IDNS_800_999_Lab,LE_IDNS_800_999_IDNS,LE_IDNS_800_999_Tot,LE_IDNS_1000_1249_Mng,LE_IDNS_1000_1249_Pro,LE_IDNS_1000_1249_TecTW,LE_IDNS_1000_1249_CoPSW,LE_IDNS_1000_1249_ClAW,LE_IDNS_1000_1249_SWks,LE_IDNS_1000_1249_MaOpDv,LE_IDNS_1000_1249_Lab,LE_IDNS_1000_1249_IDNS,LE_IDNS_1000_1249_Tot,LE_IDNS_1250_1499_Mng,LE_IDNS_1250_1499_Pro,LE_IDNS_1250_1499_TecTW,LE_IDNS_1250_1499_CoPSW,LE_IDNS_1250_1499_ClAW,LE_IDNS_1250_1499_SWks,LE_IDNS_1250_1499_MaOpDv,LE_IDNS_1250_1499_Lab,LE_IDNS_1250_1499_IDNS,LE_IDNS_1250_1499_Tot,LE_IDNS_1500_1749_Mng,LE_IDNS_1500_1749_Pro,LE_IDNS_1500_1749_TecTW,LE_IDNS_1500_1749_CoPSW,LE_IDNS_1500_1749_ClAW,LE_IDNS_1500_1749_SWks,LE_IDNS_1500_1749_MaOpDv,LE_IDNS_1500_1749_Lab,LE_IDNS_1500_1749_IDNS,LE_IDNS_1500_1749_Tot,LE_IDNS_1750_1999_Mng,LE_IDNS_1750_1999_Pro,LE_IDNS_1750_1999_TecTW,LE_IDNS_1750_1999_CoPSW,LE_IDNS_1750_1999_ClAW,LE_IDNS_1750_1999_SWks,LE_IDNS_1750_1999_MaOpDv,LE_IDNS_1750_1999_Lab,LE_IDNS_1750_1999_IDNS,LE_IDNS_1750_1999_Tot,LE_IDNS_2000_2999_Mng,LE_IDNS_2000_2999_Pro,LE_IDNS_2000_2999_TecTW,LE_IDNS_2000_2999_CoPSW,LE_IDNS_2000_2999_ClAW,LE_IDNS_2000_2999_SWks,LE_IDNS_2000_2999_MaOpDv,LE_IDNS_2000_2999_Lab,LE_IDNS_2000_2999_IDNS,LE_IDNS_2000_2999_Tot,LE_IDNS_3000_3499_Mng,LE_IDNS_3000_3499_Pro,LE_IDNS_3000_3499_TecTW,LE_IDNS_3000_3499_CoPSW,LE_IDNS_3000_3499_ClAW,LE_IDNS_3000_3499_SWks,LE_IDNS_3000_3499_MaOpDv,LE_IDNS_3000_3499_Lab,LE_IDNS_3000_3499_IDNS,LE_IDNS_3000_3499_Tot,LE_IDNS_3500mo_Mng,LE_IDNS_3500mo_Pro,LE_IDNS_3500mo_TecTW,LE_IDNS_3500mo_CoPSW,LE_IDNS_3500mo_ClAW,LE_IDNS_3500mo_SWks,LE_IDNS_3500mo_MaOpDv,LE_IDNS_3500mo_Lab,LE_IDNS_3500mo_IDNS,LE_IDNS_3500mo_Tot
LGA50080,3,0,0,0,0,0,0,0,0,7,0,0,0,0,0,0,0,0,0,5,4,0,0,0,0,0,0,0,0,4,0,0,0,0,0,0,0,0,0,4,27,15,46,78,81,98,29,60,8,446,0,0,0,0,0,0,0,0,0,0,0,0,0,0,0,0,0,6,0,8,0,0,0,0,0,7,0,0,0,13,5,3,0,0,0,0,0,0,0,12,0,0,0,5,4,3,0,5,0,25,3,6,5,11,6,3,0,3,6,43,6,4,8,7,5,0,0,4,0,31,3,9,0,6,7,6,3,5,0,45,4,13,3,12,9,9,4,9,3,64,4,5,5,0,0,5,3,6,5,37,4,5,5,3,0,3,0,0,0,26,3,5,0,3,0,0,0,0,0,16,10,9,4,3,0,3,0,0,0,36,4,0,0,0,0,0,0,0,0,4,0,0,0,0,0,0,0,0,0,8
LGA50210,0,0,0,0,0,0,0,0,0,5,0,0,0,0,0,0,0,0,0,0,0,0,0,0,0,0,0,0,0,5,0,0,0,0,0,0,0,0,0,0,25,8,52,78,63,130,26,75,4,466,0,0,0,0,0,0,0,0,0,6,0,0,0,4,0,0,0,0,0,13,0,0,0,0,7,0,4,3,0,11,0,0,3,5,0,0,0,8,3,22,0,0,0,3,3,4,0,9,3,30,0,0,12,12,9,5,3,9,4,41,4,0,12,17,11,13,3,4,3,66,5,4,8,13,6,9,3,6,4,61,3,8,9,8,12,4,11,9,4,75,0,8,7,0,7,0,4,5,8,36,8,11,4,0,4,0,0,0,3,32,0,6,0,4,4,0,3,0,0,23,9,17,3,0,0,0,0,0,0,36,0,4,0,0,0,0,0,0,0,3,0,6,0,0,0,0,0,0,4,20
LGA50250,4,0,14,4,3,0,43,32,3,99,0,0,4,0,0,0,12,0,4,18,0,0,3,0,0,0,0,3,0,12,0,0,0,0,0,0,0,0,0,0,5,7,29,13,10,7,81,71,4,236,0,0,0,0,0,0,0,0,4,5,0,0,0,0,0,5,0,0,0,5,0,0,0,0,0,0,0,0,0,3,0,0,0,0,0,0,0,0,0,0,0,0,0,0,0,0,0,0,3,5,0,0,0,0,0,0,0,0,0,0,0,0,0,0,0,0,0,0,0,0,4,0,0,0,0,0,0,6,0,12,0,0,4,4,0,0,9,0,0,16,0,3,3,0,4,0,11,5,0,25,0,4,0,3,0,0,20,9,0,33,0,6,7,0,3,0,11,8,4,36,4,6,14,4,0,0,40,14,3,76,0,7,6,0,0,0,6,0,0,25,9,4,17,0,0,0,6,4,6,35
LGA50280,0,0,0,0,0,0,0,0,0,3,0,0,0,0,0,0,0,0,0,0,0,0,0,0,0,0,0,0,0,0,0,0,0,0,0,0,0,0,0,0,17,0,22,20,19,21,0,28,0,130,0,0,0,0,0,0,0,0,0,6,0,0,0,0,0,3,0,3,0,9,0,0,0,0,0,0,0,0,0,6,0,0,0,0,0,0,0,0,0,3,0,0,3,0,0,3,0,0,0,10,8,0,0,0,5,0,0,0,0,13,0,0,7,3,0,0,0,9,0,25,5,0,4,5,4,5,0,4,3,24,12,3,6,0,3,0,0,9,0,30,0,0,3,0,3,0,4,4,0,22,0,3,0,0,0,0,0,0,0,9,0,0,0,0,0,0,0,0,0,0,0,3,0,0,0,0,6,0,0,9,0,0,0,0,0,0,0,0,0,0,0,0,0,0,0,0,0,0,0,5
LGA50350,0,4,0,0,0,0,0,0,0,6,0,0,0,0,0,0,0,0,0,0,0,0,0,0,0,0,0,0,0,0,0,0,0,0,0,0,0,0,0,0,9,4,19,11,20,10,18,31,0,119,0,0,0,0,0,0,0,0,0,4,0,0,0,0,0,0,0,0,0,6,0,0,0,0,0,0,0,0,0,0,0,0,0,0,0,0,0,4,0,5,0,0,0,4,0,0,0,0,0,9,0,0,0,0,0,0,0,0,0,4,0,0,4,4,0,0,0,0,0,14,0,0,0,0,4,0,0,7,0,16,0,4,9,0,3,0,0,4,0,27,0,3,0,0,0,3,0,3,0,15,3,0,3,0,0,0,3,0,4,16,0,5,0,0,0,0,0,0,0,6,3,0,4,0,0,0,4,0,0,13,0,0,0,0,0,0,0,0,0,0,0,0,0,0,0,0,0,0,0,0
LGA50420,7,0,3,0,0,0,0,6,0,13,0,0,0,0,0,0,0,0,0,0,0,0,0,0,0,0,0,0,0,0,0,0,0,0,0,0,0,0,0,4,28,10,38,67,51,78,15,59,3,362,0,0,0,0,0,0,0,0,3,6,0,0,0,0,0,4,0,0,0,7,0,0,0,0,0,6,3,3,0,15,0,0,0,3,3,6,0,5,0,19,7,5,4,4,0,6,0,0,0,27,3,4,7,11,8,6,3,0,0,40,0,0,7,17,9,9,0,5,7,60,5,4,8,10,13,10,3,12,5,69,5,12,11,12,11,7,4,8,7,85,6,10,14,5,9,6,3,0,0,50,8,5,7,0,5,3,0,0,0,34,0,13,5,0,0,0,0,0,0,24,7,13,0,0,6,0,3,0,0,28,3,0,0,0,0,0,0,0,0,3,0,12,0,0,0,0,0,0,0,15
LGA50490,13,6,6,3,10,3,16,12,4,68,0,0,0,0,0,0,3,0,0,11,0,0,5,0,0,0,3,0,0,8,0,0,0,0,0,3,0,0,0,10,63,35,81,138,152,134,141,125,5,877,0,3,0,0,0,0,0,0,4,7,0,0,0,0,0,0,4,3,0,9,0,0,4,6,0,0,4,3,4,21,0,0,0,4,0,5,4,6,6,27,5,0,3,5,5,3,0,8,5,37,0,0,3,7,12,6,8,10,11,59,5,4,10,14,12,9,3,12,3,68,9,10,11,18,29,10,34,10,10,144,9,18,19,18,48,10,27,12,10,168,6,14,17,15,23,9,24,9,11,125,8,20,19,10,14,8,15,6,6,107,11,10,14,6,11,4,9,7,0,77,27,31,21,8,7,0,19,6,11,122,12,8,5,0,0,0,0,0,0,32,18,15,0,0,4,0,0,0,0,50
LGA50560,0,0,0,0,0,0,0,0,0,0,0,0,0,0,0,0,0,0,0,0,0,0,0,0,0,0,0,0,0,0,0,0,0,0,0,0,0,0,0,0,3,0,0,5,0,0,0,0,0,10,0,0,0,0,0,0,0,0,0,0,0,0,0,0,0,0,0,0,0,0,0,0,0,0,0,0,0,0,0,0,0,0,0,0,0,0,0,0,0,0,0,0,0,0,0,0,0,0,0,4,0,0,0,0,0,0,0,0,0,0,0,0,0,0,0,0,0,0,0,4,0,0,0,0,0,0,0,0,0,3,0,0,0,0,0,0,0,0,0,0,0,0,0,0,0,0,0,0,0,0,0,0,0,0,0,0,0,0,0,0,0,0,0,0,0,0,0,0,0,0,3,0,0,0,0,0,0,0,0,3,0,0,0,0,0,0,0,0,0,0,0,0,0,0,0,0,0,0,0,0
LGA50630,0,0,3,0,0,0,10,0,0,13,0,0,0,0,0,0,0,0,0,5,0,0,0,0,0,0,0,0,0,0,0,0,0,0,0,0,0,0,0,0,3,0,7,0,6,0,15,8,0,38,0,0,0,0,0,0,0,0,0,0,0,0,0,0,0,0,0,0,0,0,0,0,0,0,0,0,0,0,0,0,0,0,0,0,0,0,0,0,0,0,0,0,0,0,0,0,0,0,0,3,0,0,0,0,0,0,0,0,0,0,0,0,0,0,0,0,0,0,0,0,0,0,0,0,0,0,0,0,0,3,0,0,5,0,0,0,0,0,3,8,0,0,0,0,0,0,0,0,0,5,0,0,0,0,0,0,0,0,0,0,0,4,0,0,0,0,5,0,0,4,0,0,0,0,0,0,10,0,0,10,0,0,0,0,0,0,0,0,0,3,3,0,0,0,0,0,0,0,0,3
LGA50770,0,0,0,0,0,0,0,0,0,0,0,0,0,0,0,0,0,0,0,0,0,0,0,0,0,0,0,0,0,0,0,0,0,0,0,0,0,0,0,0,6,0,0,0,4,0,0,0,0,13,0,0,0,0,0,0,0,0,0,0,0,0,0,0,0,0,0,0,0,0,0,0,0,0,0,0,0,0,0,0,0,0,0,0,0,0,0,0,0,0,0,0,0,0,0,0,0,0,0,5,0,0,0,0,0,0,0,0,0,3,0,0,0,0,0,0,0,0,0,0,0,0,0,0,0,0,0,0,0,3,0,0,0,0,0,0,0,0,0,0,0,0,0,0,0,0,0,0,0,0,0,0,0,0,0,0,0,0,0,0,0,0,0,0,0,0,0,0,0,4,0,0,0,0,0,0,0,0,0,0,0,0,0,0,0,0,0,0,0,0,0,0,0,0,0,0,0,0,0,0
LGA50840,0,0,0,0,0,0,0,0,0,3,0,0,0,0,0,0,0,0,0,0,0,0,0,0,0,0,0,0,0,0,0,0,0,0,0,0,0,0,0,0,3,0,6,5,8,12,6,11,0,52,5,0,0,0,0,0,0,0,0,5,0,0,0,0,0,0,0,0,0,3,0,0,0,0,0,0,0,0,0,3,0,0,0,0,0,0,0,0,3,3,0,0,0,0,0,0,0,0,0,0,0,0,0,4,0,0,0,0,0,0,3,0,0,0,0,0,0,0,0,4,0,0,0,0,0,0,0,0,0,3,0,0,0,0,0,0,0,0,0,9,0,0,0,0,0,0,0,0,0,10,0,0,0,0,0,0,0,0,0,3,0,0,0,0,0,0,0,3,0,3,6,0,0,0,0,0,0,0,0,10,0,0,0,0,0,0,0,0,0,0,0,0,0,0,0,0,0,0,0,0
LGA50910,0,0,0,0,0,0,0,0,0,0,0,0,0,0,0,0,0,0,0,0,0,0,0,0,0,0,0,0,0,0,0,0,0,0,0,0,0,0,0,0,0,0,0,0,0,3,0,3,0,12,0,0,0,0,0,0,0,0,0,0,0,0,0,0,0,0,0,0,0,0,0,0,0,0,0,0,0,0,0,0,0,0,0,0,0,0,0,0,0,0,0,0,0,0,0,0,0,0,0,0,0,0,0,0,0,0,0,0,0,0,0,0,0,0,0,0,0,0,0,0,0,0,0,0,0,0,0,0,0,0,0,0,0,0,0,0,0,0,0,0,0,0,0,0,0,0,0,0,0,0,0,0,0,0,0,0,0,0,0,0,0,0,0,0,0,0,0,0,0,0,0,0,0,0,0,0,0,0,0,0,0,0,0,0,0,0,0,0,0,0,0,0,0,0,0,0,0,0,0,0
LGA50980,5,3,0,0,5,0,3,0,0,8,0,0,0,0,0,0,0,0,0,0,0,0,0,0,0,0,0,0,0,0,0,0,0,0,0,0,0,0,0,0,18,17,9,41,47,19,7,23,3,178,0,0,0,0,0,0,0,0,3,0,0,0,0,5,0,0,0,0,0,5,0,0,0,0,0,7,0,0,0,7,0,0,0,0,0,3,5,0,0,9,0,0,0,0,0,5,0,0,0,5,0,0,4,0,0,5,0,3,0,10,0,4,0,4,3,0,3,0,0,18,4,3,0,3,5,3,0,11,0,31,3,11,5,8,9,4,0,11,3,49,0,5,0,4,8,3,0,0,0,29,5,7,0,7,5,0,0,0,0,25,0,0,0,4,0,0,0,0,0,12,5,6,0,3,3,0,0,0,0,21,4,0,0,0,0,0,0,0,0,5,4,0,0,0,0,0,0,0,0,10
LGA51080,0,0,0,0,0,0,0,0,0,0,0,0,0,0,0,0,0,0,0,0,0,0,0,0,0,0,0,0,0,0,0,0,0,0,0,0,0,0,0,0,0,0,0,0,0,0,0,0,0,4,0,0,0,0,0,0,0,0,0,0,0,0,0,0,0,0,0,0,0,0,0,0,0,0,0,0,0,0,0,0,0,0,0,0,0,0,0,0,0,0,0,0,0,0,0,0,0,0,0,0,0,0,0,0,0,0,0,0,0,0,0,0,0,0,0,0,0,0,0,0,0,0,0,0,0,0,0,0,0,5,0,0,0,0,0,0,0,0,0,0,0,0,0,0,0,0,0,0,0,0,0,0,0,0,0,0,0,0,0,0,0,0,0,0,0,0,0,0,0,0,0,0,0,0,0,0,0,0,0,0,0,0,0,0,0,0,0,0,0,0,0,0,0,0,0,0,0,0,0,0
LGA51120,0,0,0,0,0,0,0,0,0,0,0,0,0,0,0,0,0,0,0,0,0,0,0,0,0,0,0,0,0,0,0,0,0,0,0,0,0,0,0,0,0,0,0,0,0,0,0,0,0,5,0,0,0,0,0,0,0,0,0,0,0,0,0,0,0,0,0,0,0,0,0,0,0,0,0,0,0,0,0,0,0,0,0,0,0,0,0,0,0,0,0,0,0,0,0,0,0,0,0,0,0,0,0,0,0,0,0,0,0,0,0,0,0,0,0,0,0,0,0,0,0,0,0,0,0,0,0,0,0,4,0,0,0,0,0,0,0,0,0,0,0,0,0,0,0,0,0,0,0,0,0,0,0,0,0,0,0,0,0,0,0,0,0,0,0,0,0,0,0,0,0,0,0,0,0,0,0,0,0,0,0,0,0,0,0,0,0,0,0,0,0,0,0,0,0,0,0,0,0,0
LGA51190,5,3,0,0,0,0,5,4,0,15,0,0,0,0,0,0,0,0,0,0,0,0,0,0,0,0,0,0,0,0,0,0,0,0,0,0,0,0,0,0,38,29,85,93,135,122,46,108,3,659,0,0,0,0,0,0,0,0,0,3,0,0,0,0,0,5,0,0,0,8,0,0,0,3,0,0,0,3,4,15,0,0,0,4,0,4,0,8,0,20,3,4,0,5,5,0,3,9,3,30,0,4,5,14,3,4,0,13,0,48,0,6,4,24,9,9,3,6,0,66,6,5,12,10,14,8,5,8,10,76,9,18,10,8,13,5,5,9,6,75,0,8,12,9,6,4,5,0,0,45,3,10,10,0,0,5,15,6,0,47,6,16,3,6,0,0,0,0,6,36,5,15,3,3,8,0,0,0,0,38,0,3,0,0,0,0,0,0,0,9,7,14,0,0,0,0,0,0,3,23
LGA51260,0,0,0,0,0,0,0,3,0,4,0,0,0,0,0,0,0,0,0,3,0,0,0,0,0,0,0,0,0,4,0,0,0,0,0,0,0,0,0,0,27,12,36,67,56,85,19,85,3,386,4,0,0,0,0,0,0,0,0,3,0,0,0,4,0,9,0,0,0,22,0,0,0,8,0,3,0,0,3,24,0,3,0,3,4,0,0,0,0,11,0,0,6,3,0,4,0,8,4,23,4,7,0,11,10,8,0,9,6,48,8,5,4,14,5,9,4,9,0,57,11,0,9,11,8,8,4,3,4,53,10,0,3,8,5,6,0,6,0,46,8,4,4,5,3,6,0,3,0,35,0,3,4,5,5,0,3,0,0,20,5,5,0,0,0,0,0,0,0,18,5,7,0,5,0,0,0,0,0,17,0,0,0,0,0,0,0,0,0,4,0,3,0,0,0,0,0,0,0,5
LGA51310,0,0,0,0,0,0,0,0,0,0,0,0,0,0,0,0,0,0,0,0,0,0,0,0,0,0,0,0,0,0,0,0,0,0,0,0,0,0,0,0,14,9,15,28,37,14,0,18,0,146,0,0,0,0,0,3,0,0,0,5,0,0,0,3,0,0,0,0,0,9,0,0,0,3,0,0,0,4,5,9,3,0,0,0,3,0,0,3,0,14,0,0,0,0,0,0,0,3,0,6,0,6,0,3,3,0,0,5,0,21,4,10,4,5,3,0,0,4,0,32,3,4,3,10,9,0,0,9,0,38,3,11,3,7,8,3,0,0,5,50,0,14,3,9,13,0,0,0,0,32,5,10,4,0,0,6,0,0,0,27,3,10,6,0,0,0,0,0,0,22,5,6,0,5,0,0,0,0,0,14,4,0,0,0,0,0,0,0,0,6,9,24,0,0,0,0,0,0,0,33
LGA51330,11,0,5,0,0,7,13,10,0,52,0,0,0,0,3,0,0,0,0,3,5,0,0,0,0,0,0,0,0,5,0,0,0,0,0,0,0,0,0,0,78,28,150,96,176,186,195,234,17,1171,0,0,0,0,0,5,0,0,5,14,0,0,0,5,3,7,0,3,6,20,0,0,0,9,5,11,0,12,6,43,3,4,3,12,0,4,3,15,0,48,6,5,7,6,8,15,8,13,4,68,0,4,0,13,9,9,6,14,6,70,3,7,22,24,21,21,23,25,9,160,8,8,22,22,27,8,28,17,13,157,21,17,34,18,28,13,52,31,13,218,19,13,36,10,32,14,24,15,6,182,28,13,21,6,18,11,13,8,7,122,19,33,14,4,8,0,9,4,9,92,17,28,25,6,6,5,10,6,7,101,11,0,5,0,0,0,0,3,0,23,17,3,0,0,4,5,0,0,4,31
LGA51400,0,0,0,0,0,0,0,0,0,3,0,0,0,0,0,0,0,0,0,0,0,0,0,0,0,0,0,0,0,0,0,0,0,0,0,0,0,0,0,0,6,0,16,17,9,11,5,29,0,98,0,0,0,0,0,0,0,0,0,0,0,0,0,0,0,0,0,0,0,5,0,0,0,0,0,0,0,0,0,0,0,0,0,0,0,0,0,0,0,3,0,0,0,0,3,0,0,0,0,8,0,0,0,0,0,0,0,0,0,9,0,0,0,0,0,4,0,0,0,11,0,0,0,0,0,4,0,3,0,8,0,0,4,0,0,0,0,5,0,14,0,0,0,0,0,0,0,0,0,4,0,0,0,0,0,0,0,0,0,8,0,0,0,0,0,0,0,0,0,4,0,3,0,0,0,0,0,0,0,3,0,0,0,0,0,0,0,0,0,0,0,0,0,0,0,0,0,0,0,0
LGA51470,0,0,0,0,0,0,0,0,0,0,0,0,0,0,0,0,0,0,0,0,0,0,0,0,0,0,0,0,0,0,0,0,0,0,0,0,0,0,0,0,3,0,0,0,0,0,0,5,0,11,0,0,0,0,0,0,0,0,0,0,0,0,0,0,0,0,0,0,0,0,0,0,0,0,0,0,0,0,0,0,0,0,0,0,0,0,0,0,0,0,0,0,0,0,0,0,0,0,0,0,0,0,0,0,0,0,0,0,0,0,0,0,0,0,0,0,0,0,0,0,0,0,0,0,0,0,0,0,0,0,0,0,0,0,0,0,0,0,0,0,0,0,0,0,0,0,0,0,0,0,0,0,0,0,0,0,0,0,0,0,0,0,0,0,0,0,0,0,0,0,0,0,0,0,0,0,0,0,0,0,0,0,0,0,0,0,0,0,0,0,0,0,0,0,0,0,0,0,0,0
LGA51540,3,0,0,0,0,0,0,0,0,7,0,0,0,0,0,0,0,0,0,0,0,0,0,0,0,0,0,0,0,0,0,0,0,0,0,0,0,0,0,0,10,3,5,14,13,10,0,12,0,68,0,0,0,0,0,0,0,0,0,0,0,0,0,0,0,0,0,0,0,0,0,0,0,0,0,0,0,0,0,0,0,0,0,0,0,0,0,0,0,4,0,0,0,0,0,0,0,0,0,5,0,0,0,3,0,4,0,3,0,11,0,0,0,0,0,0,0,0,0,6,6,4,0,5,0,0,0,0,0,17,0,0,0,0,0,3,4,3,0,13,0,0,4,0,0,0,0,0,0,14,0,0,0,0,0,0,0,0,0,5,0,0,0,4,0,0,0,0,0,7,0,0,0,0,0,0,0,0,0,0,0,3,0,0,0,0,0,0,0,4,0,0,0,0,0,0,0,0,0,0
LGA51610,0,0,0,0,0,0,0,0,0,0,0,0,0,0,0,0,0,0,0,0,0,0,0,0,0,0,0,0,0,0,0,0,0,0,0,0,0,0,0,0,0,0,0,0,0,0,0,0,0,3,0,0,0,0,0,0,0,0,0,0,0,0,0,0,0,0,0,0,0,0,0,0,0,0,0,0,0,0,0,0,0,0,0,0,0,0,0,0,0,0,0,0,0,0,0,0,0,0,0,0,0,0,0,0,0,0,0,0,0,0,0,0,0,0,0,0,0,0,0,0,0,0,0,0,0,0,0,0,0,0,0,0,0,0,0,0,0,0,0,0,0,0,0,0,0,0,0,0,0,0,0,0,0,0,0,0,0,0,0,0,0,0,0,0,0,0,0,0,0,0,0,0,0,0,0,0,0,0,0,0,0,0,0,0,0,0,0,0,0,0,0,0,0,0,0,0,0,0,0,0
LGA51680,0,0,0,0,0,0,0,0,0,0,0,0,0,0,0,0,0,0,0,0,0,0,0,0,0,0,0,0,0,0,0,0,0,0,0,0,0,0,0,0,0,0,3,0,8,0,0,10,0,26,0,0,0,0,0,0,0,0,0,0,0,0,0,0,0,0,0,0,0,0,0,0,0,0,0,0,0,0,0,5,3,0,0,0,0,0,0,0,0,3,0,0,0,0,0,0,0,0,0,4,3,0,0,0,0,0,0,0,0,10,0,0,0,0,0,0,0,4,0,9,0,0,0,0,0,0,0,0,0,9,0,0,4,0,0,0,0,0,0,8,0,0,0,0,0,0,0,0,0,4,0,0,0,0,0,0,0,0,0,0,0,0,0,0,0,0,0,0,0,3,0,0,0,0,0,0,0,0,0,4,0,0,0,0,0,0,0,0,0,3,0,0,0,0,0,0,0,0,0,0
LGA51710,0,0,0,0,0,0,0,0,0,4,0,0,0,0,0,0,0,0,0,0,0,0,0,0,0,0,0,0,0,0,0,0,0,0,0,0,0,0,0,0,0,0,3,8,4,6,3,3,0,29,0,0,0,0,0,0,0,0,0,0,0,0,0,0,0,0,0,0,0,0,0,0,0,0,0,0,0,0,0,0,0,0,0,0,0,0,0,0,0,0,0,0,0,0,0,0,0,0,0,6,0,0,0,0,0,0,0,0,0,0,0,0,0,0,0,0,0,0,0,0,0,0,0,0,0,0,0,0,0,0,0,0,0,0,5,0,0,0,0,7,0,0,0,0,0,0,0,0,0,3,0,0,0,5,0,0,0,0,0,5,0,0,0,0,0,0,0,0,0,0,0,0,0,0,0,0,0,0,0,4,0,0,0,0,0,0,0,0,0,0,0,0,0,0,0,0,0,0,0,0
LGA51750,0,0,0,0,0,0,0,0,0,0,0,0,0,0,0,0,0,0,0,0,0,0,0,0,0,0,0,0,0,0,0,0,0,0,0,0,0,0,0,0,8,4,8,8,10,20,3,9,0,73,0,0,0,0,0,0,0,0,0,5,0,0,0,0,0,0,0,0,0,0,0,0,0,3,5,0,0,0,0,4,0,0,0,6,0,0,0,0,0,8,4,0,0,0,0,0,0,3,0,11,0,0,0,0,0,0,0,0,0,7,0,0,0,8,0,0,0,0,0,15,0,0,3,6,0,7,0,4,0,23,4,3,0,4,0,0,0,0,0,20,0,4,0,0,0,0,0,0,0,7,5,3,0,0,0,0,0,0,0,15,0,5,0,0,0,0,0,0,0,4,3,9,0,0,0,0,0,0,0,12,0,5,0,0,0,0,0,0,0,3,0,3,0,0,0,0,0,0,0,5
LGA51820,18,8,10,0,8,0,10,6,0,53,0,0,0,0,0,0,0,0,0,7,4,4,0,0,0,0,0,0,0,7,0,0,0,0,0,0,0,0,0,3,87,41,156,115,139,156,106,159,7,979,0,3,0,0,5,0,0,0,3,16,0,0,4,4,3,0,0,3,3,16,0,5,0,6,3,10,0,4,0,22,0,6,0,11,5,3,5,6,0,39,3,0,5,12,6,3,3,10,0,46,3,10,3,15,8,7,4,13,12,73,5,3,10,21,20,11,11,17,4,108,4,15,20,28,15,4,11,27,6,132,18,21,25,20,27,13,26,23,12,173,17,12,20,10,24,4,21,6,8,124,13,23,35,7,19,3,12,5,3,123,8,16,26,3,7,4,8,4,3,83,26,31,30,0,5,3,15,4,7,124,15,8,4,0,0,3,3,0,0,35,22,7,3,0,6,0,0,0,0,40
LGA51860,0,0,0,0,0,0,0,0,0,0,0,0,0,0,0,0,0,0,0,0,0,0,0,0,0,0,0,0,0,0,0,0,0,0,0,0,0,0,0,0,0,0,5,0,0,0,0,3,0,5,0,0,0,0,0,0,0,0,0,0,0,0,0,0,0,0,0,0,0,0,0,0,0,0,0,0,0,0,0,0,0,0,0,0,0,0,0,0,0,0,0,0,0,0,0,0,0,0,0,0,0,0,0,0,0,0,0,3,0,5,0,0,0,0,0,0,0,0,0,3,0,0,0,0,0,0,0,5,0,5,0,0,0,0,0,0,0,0,0,0,0,0,0,0,0,0,0,0,0,3,0,0,0,0,0,0,0,0,0,0,0,0,0,0,0,0,0,0,0,0,0,0,0,0,0,0,0,0,0,0,0,0,0,0,0,0,0,0,0,0,0,0,0,0,0,0,0,0,0,0
LGA51890,0,0,0,0,3,0,8,4,0,11,0,0,0,0,0,0,0,0,0,5,0,0,0,0,0,0,0,0,0,0,0,0,0,0,0,0,0,0,0,0,4,0,17,18,14,15,12,29,0,104,3,0,0,0,0,0,0,0,0,3,0,0,0,0,0,0,0,0,0,0,0,0,0,0,0,0,0,0,0,6,0,0,0,0,0,0,0,0,0,0,0,0,0,0,4,0,0,0,0,7,0,0,0,0,0,0,0,0,0,7,0,0,0,0,0,0,0,4,0,8,0,0,0,5,0,0,0,0,0,3,0,5,0,0,0,0,0,5,0,4,0,0,0,0,0,0,0,0,0,3,0,0,0,0,0,0,4,0,0,7,0,6,3,0,0,0,0,0,4,11,0,4,5,0,0,0,10,3,5,26,0,0,0,0,0,0,0,0,0,6,0,6,0,0,0,0,0,0,0,0
LGA51960,0,0,0,0,0,0,8,0,0,10,0,0,0,0,0,0,0,0,0,0,0,0,0,0,0,0,0,0,0,0,0,0,0,0,0,0,0,0,0,0,0,0,3,4,0,4,22,6,0,41,0,0,0,0,0,0,0,0,0,0,0,0,0,0,0,0,0,0,0,3,0,0,0,0,0,0,0,0,0,0,0,0,0,0,0,0,0,0,0,0,0,0,0,0,0,0,0,0,4,4,0,0,0,0,0,0,0,0,0,0,0,0,0,0,0,0,0,0,0,0,0,0,0,0,0,0,0,0,0,0,0,0,0,0,4,0,0,0,0,7,0,0,0,0,4,0,0,5,0,7,0,0,4,0,0,0,5,0,0,9,0,0,0,0,0,0,4,0,0,3,0,5,3,0,0,0,3,0,0,12,0,0,0,0,0,0,0,0,0,4,0,0,0,0,0,0,0,3,0,5
LGA52030,0,0,0,0,0,0,0,0,0,0,0,0,0,0,0,0,0,0,0,0,0,0,0,0,0,0,0,0,0,0,0,0,0,0,0,0,0,0,0,0,0,0,0,0,0,0,6,0,0,6,0,0,0,0,0,0,0,0,0,0,0,0,0,0,0,0,0,0,0,0,0,0,0,0,0,0,0,0,0,0,0,0,0,0,0,0,0,0,0,0,0,0,0,0,0,0,0,0,0,3,0,0,0,0,0,0,0,0,0,0,0,0,0,0,0,0,0,0,0,0,0,0,0,0,0,0,0,0,0,0,0,0,0,0,0,0,0,0,0,0,0,0,0,0,0,0,0,0,0,6,0,0,0,0,0,0,0,0,0,0,0,0,0,0,0,0,0,0,0,0,0,0,0,0,0,0,0,0,0,0,0,0,0,0,0,0,0,0,0,0,0,0,0,0,0,0,0,0,0,0
LGA52100,0,0,0,0,0,0,0,0,0,0,0,0,0,0,0,0,0,0,0,0,0,0,0,0,0,0,0,0,0,0,0,0,0,0,0,0,0,0,0,0,3,0,0,3,3,0,0,3,0,17,0,0,0,0,0,0,0,0,0,0,0,0,0,0,0,0,0,0,0,0,0,0,0,0,0,0,0,0,0,0,0,0,0,0,0,0,0,0,0,0,0,0,0,0,0,0,0,0,0,0,0,0,0,0,0,0,0,0,0,0,0,0,0,0,0,0,0,0,0,0,0,0,0,0,0,0,0,0,0,0,0,0,0,0,0,0,0,0,0,0,0,0,0,0,0,0,0,0,0,0,0,0,0,0,0,0,0,0,0,0,0,0,0,0,0,0,0,0,0,0,0,0,0,0,0,0,0,0,0,0,0,0,0,0,0,0,0,0,0,0,0,0,0,0,0,0,0,0,0,0
LGA52170,0,0,0,0,0,0,0,0,0,3,0,0,0,0,0,0,0,0,0,0,0,0,0,0,0,0,0,0,0,0,0,0,0,0,0,0,0,0,0,0,3,6,9,8,8,11,0,0,0,37,0,0,0,0,0,0,0,0,0,0,0,0,0,0,0,0,0,0,0,0,0,0,0,0,0,0,0,0,0,4,0,0,0,3,0,0,0,0,0,3,0,0,0,0,0,0,0,0,0,0,0,3,0,0,0,0,0,4,0,9,0,0,0,0,0,0,0,0,0,8,0,0,0,4,3,3,0,0,0,15,0,0,0,0,0,4,0,0,0,9,0,0,0,0,0,0,0,0,0,7,0,0,0,4,0,0,0,0,0,7,0,0,0,0,0,0,0,0,0,0,3,0,0,0,0,0,0,0,0,12,0,0,0,0,0,0,0,0,0,0,0,0,0,0,0,0,0,0,0,9
LGA52240,0,0,0,0,0,0,0,0,0,0,0,0,0,0,0,0,0,0,0,0,0,0,0,0,0,0,0,0,0,0,0,0,0,0,0,0,0,0,0,0,3,0,0,0,4,0,0,5,0,18,0,0,0,0,0,0,0,0,0,0,0,0,0,0,0,0,0,0,0,0,0,0,0,0,0,0,0,0,0,0,0,0,0,0,0,0,0,0,0,0,0,0,0,0,0,0,0,0,0,0,0,0,0,0,0,0,0,0,0,5,6,0,0,0,0,0,0,0,0,0,0,0,0,0,0,0,0,0,0,0,0,0,0,0,0,0,0,0,0,4,0,0,0,0,0,0,0,0,0,0,6,0,0,0,0,0,0,0,0,6,0,0,0,0,0,0,0,0,0,0,0,0,0,0,0,0,0,0,0,0,0,0,0,0,0,0,0,0,0,0,0,0,0,0,0,0,0,0,0,0
LGA52310,0,0,0,0,0,0,0,0,0,0,0,0,0,0,0,0,0,0,0,0,0,0,0,0,0,0,0,0,0,0,0,0,0,0,0,0,0,0,0,0,0,0,0,0,0,0,0,3,0,5,0,0,0,0,0,0,0,0,0,0,0,0,0,0,0,0,0,0,0,0,0,0,0,0,0,0,0,0,0,0,0,0,0,0,0,0,0,0,0,0,0,0,0,0,0,0,0,0,0,0,0,0,0,0,0,0,0,0,0,0,0,0,0,0,0,0,0,0,0,0,0,0,0,0,0,0,0,5,0,0,0,0,0,0,0,0,0,0,0,0,0,0,0,0,0,0,0,0,0,0,0,0,0,0,0,0,0,0,0,0,0,0,0,0,0,0,0,0,0,0,0,0,0,0,0,0,0,0,0,0,0,0,0,0,0,0,0,0,0,0,0,0,0,0,0,0,0,0,0,0
LGA52380,0,0,0,0,0,0,0,0,0,0,0,0,0,0,0,0,0,0,0,0,0,0,0,0,0,0,0,0,0,0,0,0,0,0,0,0,0,0,0,0,0,0,7,0,0,0,6,5,0,12,0,0,0,0,0,0,0,0,0,0,0,0,0,0,0,0,0,0,0,0,0,0,0,0,0,0,0,0,0,0,0,0,0,0,0,0,0,0,0,0,0,0,0,0,0,0,0,0,0,0,0,0,0,0,0,0,0,0,0,0,0,0,0,0,0,0,0,0,0,0,0,0,0,0,0,0,0,0,0,0,0,0,0,0,0,0,0,0,0,0,0,0,0,0,0,0,0,0,0,5,0,0,0,0,0,0,0,0,0,0,0,0,0,0,0,0,3,0,0,3,0,0,0,0,0,0,6,0,0,3,0,0,0,0,0,0,0,0,0,0,0,0,0,0,0,0,0,0,0,9
LGA52450,0,0,0,0,0,0,0,0,0,0,0,0,0,0,0,0,0,0,0,0,0,0,0,0,0,0,0,0,0,0,0,0,0,0,0,0,0,0,0,0,0,0,5,0,5,0,6,4,0,11,0,0,0,0,0,0,0,0,0,0,0,0,0,0,0,0,0,0,0,0,0,0,0,0,0,0,0,0,0,0,3,0,0,0,0,0,0,0,0,3,0,0,0,0,0,0,0,0,0,0,0,0,0,0,0,0,0,0,0,0,0,0,0,0,0,0,0,0,0,0,0,0,0,0,0,0,0,0,0,0,0,0,3,0,0,0,0,0,0,3,0,0,0,0,0,0,0,0,0,0,0,0,0,0,0,0,0,0,0,0,0,0,0,0,0,0,0,0,0,0,0,0,0,0,0,0,0,0,0,0,0,0,0,0,0,0,0,0,0,0,0,0,0,0,0,0,0,0,0,0
LGA52520,0,0,0,0,0,0,0,0,0,0,0,0,0,0,0,0,0,0,0,0,0,0,0,0,0,0,0,0,0,0,0,0,0,0,0,0,0,0,0,0,0,0,0,3,3,0,5,6,0,18,0,0,0,0,0,0,0,0,0,0,0,0,0,0,0,0,0,0,0,0,0,0,0,0,0,0,0,0,0,0,0,0,0,0,0,0,0,0,0,0,0,0,0,0,0,0,0,0,0,0,0,0,0,0,0,0,0,0,0,0,0,0,0,0,0,0,0,0,0,0,0,0,0,0,0,0,0,0,0,0,3,0,0,0,3,0,0,0,0,3,0,0,0,0,0,0,0,0,0,5,0,0,0,0,0,0,0,0,0,3,0,0,0,0,0,0,0,0,0,4,0,0,0,0,0,0,0,0,0,3,0,0,0,0,0,0,0,0,0,0,0,0,0,0,0,0,0,0,0,0
LGA52590,0,0,0,0,0,0,8,0,0,8,0,0,0,0,0,0,0,0,0,0,0,0,0,0,0,0,0,0,0,0,0,0,0,0,0,0,0,0,0,0,3,0,0,0,4,0,11,9,0,34,0,0,0,0,0,0,0,0,0,0,0,0,0,4,0,0,0,0,0,0,0,0,0,3,0,0,0,0,0,3,0,0,0,0,0,0,0,0,0,0,3,0,0,0,0,0,0,0,0,3,0,0,0,0,0,0,0,4,0,5,0,0,0,0,0,0,0,0,0,0,0,0,0,0,0,0,0,0,0,7,0,0,0,0,0,0,0,5,0,4,0,0,0,0,0,0,0,0,0,0,0,0,0,0,0,0,0,0,0,3,0,0,0,0,0,0,0,0,0,5,0,0,0,0,0,0,0,0,0,4,0,0,0,0,0,0,0,0,0,0,0,0,0,0,0,0,0,0,0,0
LGA52660,0,0,0,0,0,0,0,0,0,0,0,0,0,0,0,0,0,0,0,0,0,0,0,0,0,0,0,0,0,0,0,0,3,0,0,0,0,0,0,3,10,0,15,18,15,16,14,21,0,112,0,0,0,0,0,0,0,0,4,3,0,0,0,5,0,0,0,0,0,6,0,0,0,0,0,4,0,0,0,8,0,0,0,0,0,0,0,0,0,3,0,0,0,0,0,0,0,0,0,3,0,0,0,0,0,0,0,3,0,10,0,0,0,0,0,0,0,4,0,6,0,0,0,0,0,0,0,6,0,17,3,0,0,0,4,0,0,0,0,7,0,0,0,0,0,0,0,0,0,0,0,0,4,0,0,0,0,0,0,4,0,3,0,0,0,0,0,0,0,10,0,5,0,0,0,0,0,0,0,5,0,0,0,0,0,0,0,0,0,0,0,0,0,0,0,0,0,0,0,0
LGA52730,0,0,0,0,0,0,0,0,0,4,0,0,0,0,0,0,0,0,0,0,0,0,0,0,0,0,0,0,0,0,0,0,0,0,0,0,0,0,0,0,6,4,5,13,4,7,4,6,0,45,0,0,0,0,0,0,0,0,3,3,0,0,0,0,0,0,0,0,0,6,0,0,0,0,0,0,0,0,0,0,0,0,0,0,0,0,0,0,0,5,0,0,0,4,0,0,0,0,0,8,0,5,0,0,0,0,0,4,0,5,5,0,0,3,0,0,0,3,0,9,4,0,0,4,0,3,0,3,0,15,4,0,0,0,0,0,0,4,0,10,0,4,0,0,0,0,0,0,0,3,0,0,0,0,0,0,0,0,0,5,0,0,0,0,0,0,0,0,0,4,0,3,0,0,0,0,0,0,0,4,0,0,0,0,0,0,0,0,0,0,0,0,0,0,0,0,0,0,0,0
LGA52800,0,0,0,0,4,0,0,0,0,4,0,0,0,0,0,0,0,0,0,0,0,0,0,0,0,0,0,0,0,0,0,0,0,0,0,0,0,0,0,0,3,14,6,13,9,3,0,3,0,67,0,0,0,0,0,0,0,0,0,0,0,0,0,0,0,0,0,0,0,3,0,0,0,0,0,0,0,0,0,4,0,0,0,0,0,0,0,4,6,5,0,0,0,0,0,0,0,0,0,5,0,0,0,0,0,0,0,0,0,0,0,0,0,0,0,0,0,0,0,3,0,0,0,0,0,0,0,4,0,5,0,0,0,4,0,0,0,0,0,7,3,0,0,0,0,0,0,0,0,8,0,0,0,0,0,0,0,0,0,6,0,4,0,0,0,0,0,0,0,9,0,4,0,0,0,0,3,0,0,7,0,0,0,0,0,0,0,0,0,5,0,0,0,0,0,0,0,0,0,0
LGA52870,0,0,0,0,0,0,0,0,0,0,0,0,0,0,0,0,0,0,0,0,0,0,0,0,0,0,0,0,0,0,0,0,0,0,0,0,0,0,0,0,10,4,4,11,0,5,0,14,0,49,0,0,0,0,0,0,0,0,0,0,3,0,0,0,0,0,0,0,0,3,3,0,0,0,0,0,0,0,0,4,0,0,0,0,0,0,0,0,0,0,0,0,0,0,0,0,0,0,0,4,0,0,0,0,0,0,0,3,0,9,0,0,0,0,5,0,0,3,0,12,0,0,0,0,0,0,0,3,0,7,0,0,0,0,0,0,0,0,0,5,0,0,0,0,0,0,0,5,0,9,0,0,0,0,0,0,0,0,0,3,0,0,0,0,0,0,0,0,0,0,0,0,0,0,0,0,0,0,0,9,0,0,0,0,0,0,0,0,0,0,0,0,0,0,0,0,0,0,0,0
LGA52940,0,0,0,0,0,0,0,0,0,0,0,0,0,0,0,0,0,0,0,0,0,0,0,0,0,0,0,0,0,0,0,0,0,0,0,0,0,0,0,0,0,0,0,0,0,0,0,0,0,6,0,0,0,0,0,0,0,0,0,0,0,0,0,0,0,0,0,0,0,0,0,0,0,0,0,0,0,0,0,0,0,0,0,0,0,0,0,0,0,0,0,0,0,0,0,0,0,0,0,0,0,0,0,0,0,0,0,0,0,0,0,0,0,0,0,0,0,0,0,4,0,0,0,0,0,0,0,0,0,5,0,0,0,0,0,0,0,0,0,0,3,0,0,0,0,0,0,0,0,5,0,0,0,0,0,0,0,0,0,0,0,0,0,0,0,0,0,0,0,0,0,0,0,0,0,0,0,0,0,0,0,0,0,0,0,0,0,0,0,0,0,0,0,0,0,0,0,0,0,0
LGA53010,0,0,0,0,0,0,0,0,0,0,0,0,0,0,0,0,0,0,0,0,0,0,0,0,0,0,0,0,0,0,0,0,0,0,0,0,0,0,0,0,0,0,0,0,0,0,0,0,0,4,0,0,0,0,0,0,0,0,0,0,0,0,0,0,0,0,0,0,0,0,0,0,0,0,0,0,0,0,0,0,0,0,0,0,0,0,0,0,0,0,0,0,0,0,0,0,0,5,0,5,0,0,0,0,0,0,0,0,0,3,0,0,0,0,0,0,0,0,0,0,0,0,0,0,0,0,0,0,0,0,0,0,0,0,0,0,0,0,0,4,0,0,0,0,0,0,0,0,0,5,0,0,0,0,0,0,0,0,0,0,0,0,0,0,0,0,0,0,0,0,0,0,0,0,0,0,0,0,0,0,0,0,0,0,0,0,0,0,0,0,0,0,0,0,0,0,0,0,0,0
LGA53080,0,0,0,0,0,0,0,0,0,0,0,0,0,0,0,0,0,0,0,0,0,0,0,0,0,0,0,0,0,0,0,0,0,0,0,0,0,0,0,0,0,0,0,0,0,0,4,0,0,7,0,0,0,0,0,0,0,0,0,0,0,0,0,0,0,0,0,0,0,0,0,0,0,0,0,0,0,0,0,0,0,0,0,0,0,0,0,0,0,0,0,0,0,0,0,0,0,0,0,0,0,0,0,0,0,0,0,0,0,0,0,0,0,0,0,0,0,0,0,0,0,0,0,0,0,0,0,0,0,0,0,0,0,0,0,0,0,0,0,0,0,0,0,0,0,0,0,4,0,5,0,0,0,0,0,0,0,0,0,0,0,0,0,0,0,0,0,0,0,3,0,0,0,0,0,0,0,0,0,0,0,0,0,0,0,0,0,0,0,0,0,0,0,0,0,0,0,0,0,0
LGA53150,0,0,0,0,0,0,0,0,0,0,0,0,0,0,0,0,0,0,0,0,0,0,0,0,0,0,0,0,0,0,0,0,0,0,0,0,0,0,0,0,5,0,0,10,4,3,0,3,0,34,0,0,0,0,0,0,0,0,0,0,0,0,0,0,0,0,0,0,0,5,0,0,0,0,0,0,0,0,0,4,0,0,0,0,0,0,0,0,0,5,0,0,0,3,0,0,0,0,0,3,0,0,0,0,0,0,0,0,0,0,5,4,0,3,0,0,0,0,0,9,0,0,0,4,0,0,0,0,0,4,0,0,5,3,0,0,0,0,0,9,0,0,0,0,0,0,0,0,0,0,0,0,0,0,0,0,0,0,0,0,0,0,0,0,0,0,0,0,0,0,0,4,0,0,0,0,0,0,0,3,0,0,0,0,0,0,0,0,0,3,0,0,0,0,0,0,0,0,0,5
LGA53220,0,0,20,4,4,0,59,17,0,118,0,0,8,0,0,0,11,0,0,19,0,0,5,0,0,0,4,6,0,19,0,0,0,0,0,0,0,0,0,3,7,9,63,15,20,7,118,70,5,322,0,0,0,0,0,0,0,0,0,4,0,0,0,0,0,0,0,0,0,3,0,0,0,0,0,0,0,3,0,4,0,0,0,0,0,0,0,0,4,6,0,0,0,0,0,0,0,0,3,0,0,0,0,5,0,0,0,0,0,4,0,0,4,0,0,0,0,0,4,13,0,0,0,0,4,0,0,3,5,14,0,0,0,0,0,0,5,6,3,24,0,3,5,0,4,0,7,4,3,21,0,0,3,5,3,0,8,0,0,22,0,0,3,0,0,0,13,10,0,30,7,10,20,7,4,0,39,5,3,90,4,6,9,0,0,0,15,0,0,35,4,6,13,0,0,0,7,0,0,35
LGA53290,0,0,0,0,0,0,4,0,0,13,0,0,0,0,0,0,0,0,0,0,0,0,0,0,0,0,0,0,0,0,0,0,0,0,0,3,0,0,0,8,26,4,15,15,31,21,14,34,9,168,0,0,0,0,0,0,0,0,0,5,0,0,0,0,0,0,0,3,0,3,3,0,0,0,0,0,0,3,0,5,3,0,0,0,0,0,0,5,0,8,0,4,0,0,0,3,0,4,0,14,0,0,0,5,0,0,0,5,0,14,0,0,0,4,0,0,0,8,0,19,3,0,3,5,0,0,0,0,6,19,3,0,4,0,0,0,0,3,0,14,3,0,0,0,4,0,3,3,3,18,0,3,0,0,0,0,0,0,0,15,3,0,0,0,0,0,0,0,0,9,7,3,4,0,0,0,9,3,0,24,4,0,0,0,0,0,0,0,0,5,0,0,0,0,0,0,0,0,0,0
LGA53360,0,0,0,0,0,0,0,0,0,0,0,0,0,0,0,0,0,0,0,0,0,0,0,0,0,0,0,0,0,0,0,0,0,0,0,0,0,0,0,0,0,8,8,4,9,6,0,10,0,45,0,0,0,0,0,0,0,0,0,0,0,0,0,0,0,0,0,0,0,0,0,0,0,0,0,0,0,0,0,0,0,0,0,0,0,0,0,0,0,0,0,0,0,0,0,0,0,0,0,0,0,6,0,0,0,0,0,0,0,4,0,0,0,3,0,3,0,0,0,8,0,0,0,0,0,5,0,0,0,8,0,0,0,0,0,0,0,4,0,3,0,0,0,0,0,0,0,0,0,11,0,0,0,0,0,0,0,0,0,4,0,0,0,0,0,0,0,0,0,5,0,0,0,0,0,0,0,0,0,0,0,0,0,0,0,0,0,0,0,0,0,0,0,0,0,0,0,0,0,3
LGA53430,3,6,0,3,7,0,3,7,0,31,0,0,0,0,0,0,0,0,0,10,0,7,0,0,0,0,0,0,0,6,0,0,0,0,0,0,0,0,0,0,32,38,43,98,78,57,30,78,6,445,0,0,0,3,0,0,0,0,3,11,0,0,0,0,0,0,0,0,0,6,0,0,0,8,4,0,0,3,0,20,0,0,0,11,0,5,0,0,0,16,0,4,5,7,0,5,0,10,3,31,0,3,4,12,7,9,0,12,3,47,3,6,9,14,6,6,4,13,5,69,10,3,18,19,10,9,3,9,0,77,4,11,18,15,7,0,0,11,4,76,10,23,9,10,18,6,5,7,4,78,4,9,5,4,13,7,5,5,4,52,3,15,0,4,3,5,6,0,0,39,17,20,8,4,9,0,6,3,0,65,9,0,0,0,0,0,0,0,0,12,10,12,0,0,0,3,0,0,3,31
LGA53570,0,0,0,0,0,0,0,0,3,4,0,0,0,0,0,0,0,0,0,0,0,0,0,0,0,0,0,0,0,0,0,0,0,0,0,0,0,0,0,0,9,4,0,6,3,3,9,17,3,50,0,0,0,0,0,0,0,0,0,0,0,0,0,0,0,0,0,0,0,5,0,0,0,0,0,0,0,0,0,3,0,0,0,0,0,0,0,0,0,5,0,0,0,3,0,0,0,0,0,7,0,0,0,0,0,3,0,8,0,15,0,0,0,0,4,0,0,4,0,4,3,0,0,0,0,0,0,7,0,19,4,0,0,0,4,0,0,4,0,9,0,0,0,0,0,0,0,5,0,7,0,0,0,0,0,0,0,0,0,3,0,0,0,0,0,0,0,0,0,8,0,0,0,0,0,0,0,0,0,8,3,0,0,0,0,0,0,0,0,3,0,0,0,0,0,0,0,0,0,0
LGA53640,0,0,0,0,0,0,0,0,0,0,0,0,0,0,0,0,0,0,0,0,0,0,0,0,0,0,0,0,0,0,0,0,0,0,0,0,0,0,0,0,3,0,0,0,0,0,0,3,0,6,0,0,0,0,0,0,0,0,0,0,0,0,0,0,0,0,0,0,0,0,0,0,0,0,0,0,0,0,0,0,0,0,0,0,0,0,0,0,0,0,0,0,0,0,0,0,0,0,0,0,0,0,0,0,0,0,0,0,0,0,0,0,0,0,0,0,0,0,0,0,0,0,0,0,0,0,0,0,0,0,0,0,0,0,0,0,0,0,0,0,0,0,0,0,0,0,0,3,0,3,0,0,0,0,0,0,0,0,0,0,0,0,0,0,0,0,0,0,0,0,0,0,0,0,0,0,0,0,0,0,0,0,0,0,0,0,0,0,0,0,0,0,0,0,0,0,0,0,0,0
LGA53710,0,0,0,0,0,0,0,0,0,0,0,0,0,0,0,0,0,0,0,0,0,0,0,0,0,0,0,0,0,0,0,0,0,0,0,0,0,0,0,0,4,0,0,0,0,0,0,0,0,7,4,0,0,0,0,0,0,0,0,3,0,0,0,0,0,0,0,0,0,0,0,0,0,0,0,0,0,0,0,0,0,0,0,0,0,0,0,0,0,0,0,0,0,0,0,0,0,0,0,0,0,0,0,0,0,0,0,0,0,0,0,0,0,0,0,0,0,0,0,0,0,0,0,0,0,0,0,0,0,0,0,0,0,0,3,0,0,0,0,3,0,0,0,0,0,0,0,0,0,0,0,0,0,0,0,0,0,0,0,0,0,0,0,0,0,0,0,0,0,0,0,0,0,0,0,0,0,0,0,0,0,0,0,0,0,0,0,0,0,0,0,0,0,0,0,0,0,0,0,0
LGA53780,0,0,0,0,0,6,0,0,0,6,0,0,0,0,0,0,0,0,0,0,0,0,0,0,0,0,0,0,0,5,0,0,0,0,0,0,0,0,0,3,32,18,56,78,93,125,60,99,9,565,0,0,0,0,0,0,0,0,0,3,0,0,3,4,0,0,0,5,0,11,0,0,3,7,0,0,0,3,0,31,0,0,4,9,0,3,0,5,4,36,4,6,4,11,5,6,0,5,0,37,7,3,0,15,11,3,0,12,0,51,8,8,5,25,9,8,7,4,0,77,5,0,7,23,16,12,11,12,0,94,12,7,15,19,9,4,10,10,3,103,9,7,18,13,11,8,14,3,6,80,4,9,6,5,5,0,0,0,0,36,0,10,3,5,4,0,0,0,3,26,8,14,8,9,3,0,3,0,4,47,0,5,0,0,0,0,0,0,0,6,4,3,5,0,0,3,0,4,0,20
LGA53800,0,0,0,3,0,0,6,0,0,17,5,0,0,0,0,0,0,0,0,8,0,0,0,0,0,0,0,0,0,7,0,0,0,0,0,0,0,0,0,0,33,18,38,93,102,108,41,79,6,526,0,0,0,0,0,0,0,0,0,3,0,0,0,3,0,3,0,0,3,6,0,0,5,0,4,0,0,4,0,11,0,0,0,4,0,3,0,0,0,9,0,0,0,13,7,0,0,3,0,24,0,0,0,8,5,7,0,11,3,38,3,0,8,3,8,5,0,3,4,37,3,3,4,13,3,4,5,10,0,45,6,9,5,7,10,8,4,3,0,56,3,15,4,9,8,0,0,5,4,42,3,5,4,0,4,3,3,0,0,33,6,0,0,7,0,0,4,0,0,18,9,9,9,0,0,0,3,3,4,37,5,0,0,0,0,0,0,0,0,3,3,5,0,0,0,0,0,0,0,11
LGA53920,0,0,0,0,0,0,3,0,0,4,0,0,0,0,0,0,0,0,0,0,0,0,0,0,0,0,0,0,0,0,0,0,0,0,0,0,0,0,0,0,0,3,0,4,0,4,3,7,4,28,0,0,0,0,0,0,0,0,0,0,0,0,0,0,0,0,0,0,0,0,0,0,0,0,0,0,0,0,0,4,0,0,0,0,0,0,0,0,0,0,0,0,0,0,0,0,0,0,0,0,0,0,0,0,0,0,0,0,0,0,0,0,0,0,0,0,0,0,0,0,0,0,0,0,0,0,0,0,0,3,0,0,0,0,0,0,0,0,5,5,0,0,0,0,0,0,0,0,0,0,0,0,0,0,0,0,0,0,0,4,0,0,0,0,0,0,0,0,0,5,0,0,0,0,0,0,0,0,0,0,0,0,0,0,0,0,0,0,0,0,0,0,0,0,0,0,0,0,0,3
LGA53990,0,0,3,0,0,0,0,0,0,10,0,0,0,0,0,0,0,0,0,0,0,0,0,0,0,0,0,0,0,0,0,0,0,0,0,0,0,0,0,3,20,8,22,31,34,29,20,46,5,205,0,0,0,0,0,0,0,0,3,4,0,0,0,0,0,0,0,4,0,6,0,0,0,0,0,0,0,6,0,8,0,0,0,0,0,0,0,0,0,4,0,0,0,0,3,0,0,4,0,8,3,0,0,0,0,0,0,3,0,14,0,0,4,6,0,0,0,7,0,26,0,0,0,4,6,3,0,9,0,26,3,0,5,3,4,4,0,12,0,31,0,0,3,0,5,0,3,7,6,17,6,3,0,0,0,0,3,5,0,17,7,0,0,0,4,0,0,0,0,7,7,6,0,0,0,0,5,3,3,26,0,0,0,0,0,0,0,0,0,8,0,0,0,0,0,0,0,0,0,6
LGA54060,0,0,0,0,0,0,0,0,0,0,0,0,0,0,0,0,0,0,0,0,0,0,0,0,0,0,0,0,0,0,0,0,0,0,0,0,0,0,0,0,0,0,0,0,10,6,0,8,0,33,0,0,0,0,0,0,0,0,0,6,0,0,0,0,0,0,0,0,0,3,0,0,0,0,0,0,0,0,0,0,0,0,0,0,0,0,0,0,0,0,0,0,0,0,0,0,0,0,0,0,0,0,0,0,0,0,0,0,0,3,0,0,0,0,0,0,0,0,0,4,0,0,0,4,0,0,0,0,0,4,0,0,0,0,0,0,0,0,0,0,0,0,3,0,0,0,0,3,0,3,0,0,0,0,0,0,0,0,0,0,0,0,0,0,0,0,0,0,0,4,0,0,0,0,0,0,0,0,0,0,0,0,0,0,0,0,0,0,0,0,0,0,0,0,0,0,0,0,0,0
LGA54130,0,0,0,0,0,0,0,0,0,0,0,0,0,0,0,0,0,0,0,0,0,0,0,0,0,0,0,0,0,0,0,0,0,0,0,0,0,0,0,0,11,0,0,0,5,0,4,0,0,16,0,0,0,0,0,0,0,0,0,0,0,0,0,0,0,0,0,0,0,0,0,0,0,0,0,0,0,5,0,5,0,0,0,0,0,0,0,0,0,0,0,0,0,0,0,0,0,0,0,0,0,0,0,0,0,0,0,0,0,0,0,0,0,0,0,0,0,0,0,0,0,0,0,0,0,0,0,0,0,0,0,0,0,0,0,0,0,0,0,5,0,0,0,0,0,0,0,0,0,0,0,0,0,0,0,0,0,0,0,3,0,0,0,0,0,0,0,0,0,0,0,0,0,0,0,0,0,0,0,0,0,0,0,0,0,0,0,0,0,0,0,0,0,0,0,0,0,0,0,0
LGA54170,5,3,0,0,3,0,0,0,0,9,0,0,0,0,0,0,0,0,0,3,0,0,0,0,0,0,0,0,0,0,0,0,0,0,0,0,0,0,0,7,66,34,51,232,133,222,23,115,8,873,0,0,3,4,0,0,0,0,7,15,0,0,0,11,0,13,0,6,0,25,0,0,0,8,0,19,0,8,8,45,0,5,3,14,8,8,7,3,0,54,4,0,6,9,5,17,0,13,3,65,11,7,15,26,11,23,3,9,4,106,8,10,15,31,20,11,4,11,0,117,12,16,11,41,25,14,3,5,9,142,23,23,16,33,25,9,8,5,9,147,11,10,16,12,11,10,3,5,4,75,9,25,11,3,11,3,3,0,7,72,11,22,3,5,4,0,0,0,7,58,11,35,4,14,11,0,0,0,0,77,4,5,0,0,0,5,0,0,0,20,7,13,3,0,0,0,0,0,4,23
LGA54200,0,0,0,0,0,0,6,7,0,13,0,0,0,0,0,0,0,0,0,0,0,0,0,0,0,0,0,0,0,0,0,0,0,0,0,0,0,0,0,0,19,8,34,44,55,47,47,66,9,324,0,0,0,0,0,0,0,0,0,3,0,0,0,5,0,0,0,0,0,15,0,0,0,3,0,0,0,0,0,7,0,0,0,0,3,0,0,3,0,17,3,0,0,5,0,0,3,3,0,13,0,3,0,7,3,0,3,3,5,28,0,5,0,5,5,4,4,7,0,32,0,5,3,9,9,6,6,6,8,53,9,5,7,8,8,0,12,4,3,62,3,4,0,3,14,3,8,0,0,43,0,3,0,4,0,0,9,0,4,22,3,6,7,0,5,3,6,0,4,30,12,6,8,0,0,0,5,0,5,38,0,0,0,0,0,0,0,0,0,0,7,6,0,0,0,0,0,0,3,13
LGA54280,4,5,9,0,5,0,26,5,0,55,0,0,0,0,0,0,0,0,0,4,0,0,0,0,0,0,0,0,0,6,0,0,0,0,0,0,0,0,0,0,23,16,61,61,72,34,72,67,6,413,0,0,0,0,0,0,0,0,4,0,0,0,0,0,0,0,0,0,0,5,0,0,0,0,0,0,0,3,0,4,0,0,0,0,0,5,0,0,0,11,0,0,0,0,0,0,0,4,0,11,0,0,3,9,6,0,0,7,0,34,0,0,0,8,9,9,6,3,0,30,0,5,3,4,7,3,0,5,4,32,4,0,5,5,10,0,6,3,0,34,4,3,0,3,7,0,3,8,0,35,4,0,3,0,9,0,12,4,5,37,0,7,3,4,5,0,9,0,4,30,7,12,10,0,0,3,24,0,0,67,7,0,3,0,0,0,6,0,0,12,5,6,4,0,0,0,8,0,0,24
LGA54310,10,0,12,5,5,0,10,11,0,51,0,3,3,0,0,0,3,3,0,19,0,5,4,0,0,0,0,0,0,11,0,0,0,0,0,0,0,0,0,3,25,18,62,26,65,30,36,53,4,321,0,0,0,0,0,0,0,0,0,0,0,0,0,0,0,0,0,5,0,7,0,0,3,4,0,0,0,6,0,11,0,0,0,0,0,0,0,3,0,6,0,0,0,0,0,0,0,3,0,7,0,0,0,3,0,6,0,5,0,16,0,0,0,0,0,3,0,0,0,13,0,0,4,5,3,3,0,4,0,21,0,3,0,5,4,4,0,4,0,24,0,3,0,0,3,0,3,3,0,19,0,8,6,0,3,0,9,8,0,30,5,0,11,3,5,0,8,5,0,45,13,7,16,0,3,0,16,6,3,73,3,4,5,0,0,0,0,0,0,21,3,0,9,0,0,0,3,0,6,25
LGA54340,0,0,0,0,0,0,0,0,0,3,0,0,0,0,0,0,0,0,0,0,0,0,0,0,0,0,0,0,0,0,0,0,0,0,0,0,0,0,0,0,4,0,5,6,7,5,0,16,0,53,0,0,0,0,0,0,0,0,0,0,0,0,0,0,0,0,0,0,0,0,0,0,0,0,0,0,0,0,0,0,0,0,0,0,0,0,0,3,4,3,0,0,0,0,0,0,0,0,0,3,0,0,0,0,0,0,0,0,0,8,0,0,0,4,0,0,0,9,3,13,0,0,0,0,0,0,0,0,0,10,0,0,3,0,3,0,0,4,0,11,0,0,0,0,0,0,0,0,0,3,0,0,0,0,0,0,0,0,0,0,0,0,0,0,0,0,0,0,0,0,0,0,0,0,0,0,0,0,0,0,0,0,0,0,0,0,0,0,0,0,0,0,0,0,0,0,0,0,0,0
LGA54410,0,0,0,0,0,0,0,0,0,0,0,0,0,0,0,0,0,0,0,0,0,0,0,0,0,0,0,0,0,0,0,0,0,0,0,0,0,0,0,0,0,0,0,0,0,0,0,0,0,0,0,0,0,0,0,0,0,0,0,0,0,0,0,0,0,0,0,0,0,0,0,0,0,0,0,0,0,0,0,0,0,0,0,0,0,0,0,0,0,0,0,0,0,0,0,0,0,0,0,0,0,0,3,0,0,0,0,0,0,5,0,0,0,0,0,0,0,0,0,0,0,0,0,0,0,0,0,0,0,0,0,0,0,0,0,0,0,0,0,0,0,0,0,0,0,0,0,0,0,0,0,0,0,0,0,0,0,0,0,0,0,0,0,0,0,0,0,0,0,0,0,0,0,0,0,0,0,0,0,0,0,0,0,0,0,0,0,0,0,0,0,0,0,0,0,0,0,0,0,0
LGA54480,0,0,0,0,0,0,0,0,0,0,0,0,0,0,0,0,0,0,0,0,0,0,0,0,0,0,0,0,0,0,0,0,0,0,0,0,0,0,0,0,0,0,0,0,0,0,0,0,0,6,0,0,0,0,0,0,0,0,0,0,0,0,0,0,0,0,0,0,0,0,0,0,0,0,0,0,0,0,0,0,0,0,0,0,0,0,0,0,0,0,0,0,0,0,0,0,0,0,0,0,0,0,0,0,0,0,0,0,0,0,0,0,0,0,0,0,0,0,0,0,0,0,0,0,0,0,0,0,0,0,0,0,0,0,0,0,0,0,0,0,0,0,0,0,0,0,0,0,0,0,0,0,0,0,0,0,0,0,0,0,0,0,0,0,0,0,0,0,0,0,0,0,0,0,0,0,0,0,0,0,0,0,0,0,0,0,0,0,0,0,0,0,0,0,0,0,0,0,0,0
LGA54550,0,0,0,0,0,0,0,0,0,0,0,0,0,0,0,0,0,0,0,0,0,0,0,0,0,0,0,0,0,0,0,0,0,0,0,0,0,0,0,0,5,0,0,3,0,4,5,5,0,20,0,0,0,0,0,0,0,0,0,0,0,0,0,0,0,0,0,0,0,0,0,0,0,0,0,0,0,0,0,0,0,0,0,0,0,0,0,0,0,0,0,0,0,0,0,0,0,0,0,0,0,0,0,0,0,0,0,0,0,4,0,0,0,0,0,0,0,0,0,0,0,0,0,0,0,0,0,0,0,5,0,0,0,0,0,0,0,0,0,3,0,0,0,0,0,0,3,0,0,3,4,0,0,0,0,0,0,0,0,0,0,0,0,0,0,0,0,0,0,0,0,0,0,0,0,0,0,0,0,3,0,0,0,0,0,0,0,0,0,0,4,0,0,0,0,0,0,0,0,6
LGA54620,0,0,0,0,0,0,0,0,0,0,0,0,0,0,0,0,0,0,0,0,0,0,0,0,0,0,0,0,0,0,0,0,0,0,0,0,0,0,0,0,3,0,0,3,0,0,0,0,0,13,0,0,0,0,0,0,0,0,0,0,0,0,0,0,0,0,0,0,0,0,0,0,0,0,0,0,0,0,0,0,0,0,0,0,0,0,0,0,0,0,0,0,0,0,0,0,0,0,0,0,0,0,0,0,0,0,0,0,0,0,0,0,0,0,0,0,0,0,0,0,0,0,0,0,0,0,0,0,0,5,0,0,0,0,0,0,0,0,0,0,0,0,0,0,0,0,0,0,0,3,0,0,0,0,0,0,0,0,0,0,0,0,0,0,0,0,0,0,0,0,0,0,0,0,0,0,0,0,0,0,0,0,0,0,0,0,0,0,0,0,0,0,3,0,0,0,0,0,0,3
LGA54690,0,0,0,0,0,0,0,0,0,0,0,0,0,0,0,0,0,0,0,0,0,0,0,0,0,0,0,0,0,0,0,0,0,0,0,0,0,0,0,0,3,0,0,5,0,0,0,3,0,10,0,0,0,0,0,0,0,0,0,0,0,0,0,0,0,0,0,0,0,0,0,0,0,0,0,0,0,0,0,0,0,0,0,0,0,0,0,0,0,0,0,0,0,0,0,0,0,0,0,0,0,0,0,0,0,0,0,0,0,0,0,0,0,0,0,0,0,0,0,0,0,0,0,0,0,0,0,0,0,0,0,0,0,0,0,0,0,0,0,0,0,0,0,0,0,0,0,0,0,0,0,0,0,0,0,0,0,0,0,0,0,0,0,0,0,0,0,0,0,0,0,0,0,0,0,0,0,0,0,0,0,0,0,0,0,0,0,0,0,0,0,0,0,0,0,0,0,0,0,0
LGA54760,0,0,0,0,0,0,0,0,0,0,0,0,0,0,0,0,0,0,0,0,0,0,0,0,0,0,0,0,0,0,0,0,0,0,0,0,0,0,0,0,3,0,0,0,0,0,3,3,0,11,0,0,0,0,0,0,0,0,0,0,0,0,0,0,0,0,0,0,0,0,0,0,0,0,0,0,0,0,0,0,0,0,0,0,0,0,0,0,0,0,0,0,0,0,0,0,0,0,0,0,0,0,0,0,0,0,0,0,0,0,0,0,0,0,0,0,0,0,0,0,0,0,0,0,0,0,0,0,0,0,0,0,0,0,0,0,0,0,0,3,0,0,0,0,0,0,0,0,0,0,0,0,0,0,0,0,0,0,0,0,0,0,0,0,0,0,0,0,0,0,0,0,0,0,0,0,0,0,0,0,0,0,0,0,0,0,0,0,0,0,0,0,0,0,0,0,0,0,0,0
LGA54830,4,5,5,6,3,0,10,7,0,31,0,0,0,0,0,0,0,0,0,5,3,0,0,0,0,0,0,0,0,3,0,0,0,0,0,0,0,0,0,4,16,15,44,57,46,46,58,73,3,356,0,0,0,0,0,0,0,0,3,5,0,0,0,0,0,3,0,0,0,7,0,0,0,0,4,0,0,3,0,10,0,0,0,4,0,0,0,3,0,3,0,7,3,3,3,0,0,3,0,21,0,0,4,9,0,3,0,4,0,20,0,0,6,6,3,0,3,5,0,28,0,4,0,4,0,3,6,9,0,37,3,8,11,3,8,0,9,4,0,55,4,3,8,12,7,0,12,6,3,50,5,3,0,7,5,0,6,3,4,29,0,5,7,9,0,0,6,8,0,29,11,11,10,4,7,0,8,8,3,65,3,3,0,0,0,0,3,0,0,8,9,4,6,0,0,0,0,0,0,16
LGA54900,0,0,0,0,0,0,0,0,0,0,0,0,0,0,0,0,0,0,0,0,0,0,0,0,0,0,0,0,0,0,0,0,0,0,0,0,0,0,0,0,0,0,3,0,0,0,0,0,0,11,4,0,0,0,0,0,0,0,0,0,0,0,0,0,0,0,0,0,0,0,0,0,0,0,0,0,0,0,0,0,0,0,0,0,0,0,0,0,0,0,0,0,0,0,0,0,0,0,0,3,0,0,0,0,0,0,0,0,0,0,0,0,3,0,0,0,0,3,0,4,6,0,0,0,0,0,0,0,0,4,0,4,0,0,0,0,0,0,0,3,0,0,0,0,0,0,0,0,0,4,0,0,0,0,0,0,0,0,0,0,0,0,0,0,0,0,0,0,0,0,0,0,0,0,0,0,0,0,0,0,0,0,0,0,0,0,0,0,0,0,0,0,0,0,0,0,0,0,0,0
LGA54970,0,0,0,0,0,0,17,4,0,22,0,0,0,0,0,0,3,0,0,3,0,0,0,0,0,0,0,0,0,0,0,0,0,0,0,0,0,0,0,0,0,0,7,6,0,0,32,11,0,60,0,0,0,0,0,0,0,0,0,0,0,0,0,0,0,0,0,0,0,0,0,0,0,0,0,0,0,0,0,0,0,0,0,0,0,0,0,0,0,0,0,0,0,0,0,0,0,0,0,0,0,0,0,0,0,0,0,0,0,0,0,0,0,0,0,0,0,0,0,0,0,0,0,0,0,0,0,0,0,8,0,0,0,0,0,0,0,0,0,3,0,0,0,0,0,0,0,0,0,6,0,0,0,0,0,0,0,4,0,5,0,0,0,0,0,0,3,0,0,4,0,0,10,0,0,0,11,0,0,26,0,0,3,0,0,0,0,0,0,4,0,0,0,0,0,0,3,0,0,8
LGA55040,0,0,6,0,0,0,8,4,0,18,0,0,0,0,0,0,0,0,0,3,0,0,0,0,0,0,5,0,0,5,0,0,0,0,0,0,0,0,0,0,3,0,10,3,3,0,16,9,0,42,0,0,0,0,0,0,0,0,0,0,0,0,0,0,0,0,0,0,0,0,0,0,0,0,0,0,0,0,0,0,0,0,0,0,0,0,0,0,0,0,0,0,0,0,0,0,0,0,0,0,0,0,0,0,0,0,0,0,0,0,0,0,0,4,0,0,0,0,0,4,0,0,0,0,0,0,0,0,0,5,0,0,0,0,0,0,0,0,0,5,0,0,0,0,0,0,0,5,0,7,0,0,0,0,0,0,0,0,3,7,0,3,4,0,0,0,5,0,0,10,0,0,0,0,0,0,11,0,0,19,0,0,3,0,0,0,0,0,0,11,0,0,5,0,0,0,0,0,0,10
LGA55110,3,0,0,0,0,0,0,0,0,7,0,0,0,0,0,0,0,0,0,0,0,0,0,0,0,0,0,0,0,5,0,0,0,0,0,0,0,0,0,5,41,19,67,125,78,133,29,114,4,610,0,0,0,0,3,0,0,0,3,8,0,0,0,4,0,4,0,0,3,20,0,8,0,8,3,4,0,7,0,30,0,3,0,12,4,5,0,0,6,33,3,3,3,11,3,7,0,8,8,48,3,0,11,18,13,16,3,14,4,82,13,3,10,25,17,14,0,8,3,86,10,3,7,18,18,12,4,6,4,83,12,12,20,19,17,7,4,6,3,108,6,14,5,6,7,0,6,6,6,47,6,0,5,4,3,0,0,0,3,36,3,7,4,3,4,5,8,0,4,34,3,3,6,4,3,0,3,0,0,26,0,7,0,0,0,0,0,0,0,4,4,6,3,0,0,3,0,0,0,10
LGA55180,0,0,0,0,0,0,0,0,0,3,0,0,0,0,0,0,0,0,0,0,0,0,0,0,0,0,0,0,0,0,0,0,0,0,0,0,0,0,0,0,11,3,9,16,26,21,5,26,0,124,4,0,0,0,0,0,0,0,0,7,0,0,0,0,0,0,0,0,0,5,0,0,0,0,3,0,0,0,0,10,4,0,0,0,0,0,0,0,0,3,3,0,0,0,0,0,0,0,0,11,0,0,0,4,4,0,0,7,0,15,0,0,0,6,0,4,0,8,0,21,5,4,0,0,5,0,4,6,6,21,5,0,0,0,3,5,0,3,0,16,4,0,0,0,0,0,3,0,0,9,0,4,0,0,0,0,0,0,0,6,3,0,0,0,0,0,0,0,0,3,0,0,0,0,0,0,0,0,0,0,0,0,0,0,0,0,0,0,0,0,0,0,0,0,0,0,0,0,0,3
LGA55250,0,0,5,0,0,0,0,0,0,9,0,0,0,0,0,0,0,0,0,0,0,0,0,0,0,0,0,0,0,0,0,0,0,0,0,0,0,0,0,0,0,0,3,0,0,0,10,0,0,21,0,0,0,0,0,0,0,0,0,0,0,0,0,0,0,0,0,0,0,0,0,0,0,0,0,0,0,0,0,0,0,0,0,0,0,0,0,0,0,0,0,0,0,0,0,0,0,0,0,0,0,0,0,0,0,0,0,0,0,0,0,0,0,0,0,0,0,0,0,0,0,0,0,0,0,0,0,0,0,0,0,0,0,0,0,0,0,0,0,0,0,0,0,0,0,0,0,0,0,3,0,0,0,0,0,0,3,0,0,3,0,0,0,0,0,0,0,0,0,4,0,0,0,0,0,0,6,0,0,6,0,0,0,0,0,0,0,0,0,0,0,0,0,0,0,0,0,0,0,0
LGA55320,8,0,0,0,3,3,0,0,0,16,0,0,0,0,0,0,0,0,0,6,0,0,0,0,0,0,0,0,0,5,0,0,0,0,0,0,0,0,0,0,43,30,68,116,97,139,36,88,6,632,4,0,4,0,0,0,0,0,5,10,5,4,0,3,4,6,0,3,4,23,0,4,0,5,3,6,0,0,0,19,0,11,0,5,4,11,0,8,0,46,0,8,9,12,4,8,0,5,0,48,10,9,4,20,5,9,5,6,3,74,6,11,7,35,10,14,5,9,0,88,8,16,14,24,22,11,7,18,5,117,7,21,20,19,17,8,9,13,6,126,13,22,13,4,28,10,3,4,8,100,13,36,12,3,15,4,0,3,5,88,0,27,3,4,4,0,3,0,4,53,15,44,4,4,3,4,3,0,9,85,7,18,0,0,0,0,0,0,3,35,12,40,0,0,0,0,0,0,3,60
LGA55390,0,0,0,0,0,0,3,0,0,9,0,0,0,0,0,0,0,0,0,0,0,0,0,0,0,0,0,0,0,0,0,0,0,0,0,0,0,0,0,0,0,0,6,4,0,0,11,0,0,15,0,0,0,0,0,0,0,0,0,0,0,0,0,0,0,0,0,0,0,0,0,0,0,0,0,0,0,0,0,0,0,0,0,0,0,0,0,0,0,5,0,0,0,0,0,0,0,0,0,0,0,0,0,0,0,0,0,0,0,0,0,0,0,0,0,0,0,0,0,0,0,0,0,0,0,0,0,0,4,4,0,0,0,0,0,0,0,0,0,0,0,0,0,0,0,0,0,0,0,5,0,0,0,0,0,0,0,0,0,0,0,0,0,0,0,0,0,0,0,0,0,0,3,0,0,0,0,0,0,8,0,0,0,0,0,0,0,0,0,3,0,0,0,0,0,0,0,0,0,0
LGA55460,0,0,0,0,0,0,0,0,0,0,0,0,0,0,0,0,0,0,0,0,0,0,0,0,0,0,0,0,0,0,0,0,0,0,0,0,0,0,0,0,11,0,4,3,7,4,0,3,0,36,0,0,0,0,0,0,0,0,0,0,0,0,0,0,0,0,0,0,0,0,0,0,0,0,0,0,0,0,0,0,0,0,0,0,0,0,0,0,0,0,0,0,0,4,0,0,0,0,0,7,3,0,0,0,0,0,0,0,0,5,0,0,0,0,0,0,0,0,0,5,0,0,0,0,0,0,4,0,0,9,0,0,0,0,0,0,0,0,0,4,0,0,0,0,0,0,0,0,0,8,0,0,0,0,0,0,0,0,0,3,0,0,0,0,0,0,0,0,0,0,0,0,0,0,0,0,0,0,0,0,0,0,0,0,0,0,0,0,0,0,0,0,0,0,0,0,0,0,0,0
LGA55530,0,0,0,0,0,0,0,0,0,0,0,0,0,0,0,0,0,0,0,0,0,0,0,0,0,0,0,0,0,0,0,0,0,0,0,0,0,0,0,0,0,0,0,0,0,0,0,0,0,0,0,0,0,0,0,0,0,0,0,0,0,0,0,0,0,0,0,0,0,0,0,0,0,0,0,0,0,0,0,0,0,0,0,0,0,0,0,0,0,0,0,0,0,0,0,0,0,0,0,0,0,0,0,0,0,0,0,0,0,0,0,0,0,0,0,0,0,0,0,0,0,0,0,0,0,0,0,0,0,0,0,0,0,0,0,0,0,0,0,0,0,0,0,0,0,0,0,0,0,0,0,0,0,0,0,0,0,0,0,0,0,0,0,0,0,0,0,0,0,0,0,0,0,0,0,0,0,0,0,0,0,0,0,0,0,0,0,0,0,0,0,0,0,0,0,0,0,0,0,0
LGA55600,0,0,0,0,0,0,0,0,0,0,0,0,0,0,0,0,0,0,0,0,0,0,0,0,0,0,0,0,0,0,0,0,0,0,0,0,0,0,0,0,0,0,0,7,4,0,0,4,0,18,0,0,0,0,0,0,0,0,0,0,0,0,0,0,0,0,0,0,0,0,0,0,0,0,0,0,0,0,0,0,0,0,0,0,0,0,0,0,0,0,0,0,0,0,0,0,0,0,0,0,0,0,0,0,0,0,0,0,0,9,0,0,0,0,0,0,0,0,0,5,0,0,0,0,0,0,0,0,0,7,0,0,0,0,0,0,0,0,0,0,0,0,0,0,0,0,0,0,0,0,0,0,0,0,0,0,0,0,0,3,0,0,0,0,0,0,0,0,0,3,0,0,0,0,0,0,0,0,0,0,0,0,0,0,0,0,0,0,0,0,0,0,0,0,0,0,0,0,0,0
LGA55670,0,0,0,0,0,0,0,0,0,0,0,0,0,0,0,0,0,0,0,0,0,0,0,0,0,0,0,0,0,0,0,0,0,0,0,0,0,0,0,0,0,0,0,0,0,0,0,4,0,8,0,0,0,0,0,0,0,0,0,0,0,0,0,0,0,0,0,0,0,0,0,0,0,0,0,0,0,0,0,0,0,0,0,0,0,0,0,0,0,0,0,0,0,0,0,0,0,0,0,0,0,0,0,0,0,0,0,0,0,3,0,0,0,0,0,0,0,0,0,0,0,0,0,0,0,0,0,0,0,0,0,0,0,0,0,0,0,0,0,6,0,0,0,0,0,0,0,0,0,0,0,0,0,0,0,0,0,0,0,0,0,0,0,0,0,0,0,0,0,0,0,0,0,0,0,0,0,0,0,0,0,0,0,0,0,0,0,0,0,0,0,0,0,0,0,0,0,0,0,0
LGA55740,0,0,0,0,0,0,0,0,0,0,0,0,0,0,0,0,0,0,0,0,0,0,0,0,0,0,0,0,0,0,0,0,0,0,0,0,0,0,0,0,3,0,0,8,3,5,0,8,0,26,0,0,0,0,0,0,0,0,0,0,0,0,0,0,0,0,0,0,0,0,0,0,0,0,0,0,0,0,0,0,0,0,0,0,0,0,0,0,0,0,0,4,0,0,0,0,0,0,0,4,0,0,0,0,0,0,0,0,0,4,0,0,0,5,0,3,0,0,0,15,0,0,0,0,0,0,0,0,0,7,0,0,0,5,0,0,0,0,0,4,3,7,0,0,0,0,0,0,0,5,6,3,0,0,0,0,0,0,0,6,0,0,0,0,0,0,0,0,0,3,0,0,0,0,0,0,0,0,0,5,0,0,0,0,0,0,0,0,0,0,0,0,0,0,0,0,0,0,0,0
LGA55810,0,0,5,0,0,0,4,0,0,8,0,0,0,0,0,0,0,0,0,0,0,0,0,0,0,0,0,0,0,0,0,0,0,0,0,0,0,0,0,0,0,0,5,0,4,0,9,3,0,16,0,0,0,0,0,0,0,0,0,0,0,0,0,0,0,0,0,0,0,0,0,0,0,0,0,0,0,0,0,0,0,0,0,0,0,0,0,0,0,0,0,0,0,0,0,0,0,0,6,6,0,0,0,0,0,0,0,0,0,0,0,0,0,0,0,0,0,0,0,0,0,0,0,0,0,0,0,0,0,0,0,0,0,0,0,0,0,0,0,0,0,0,0,0,0,0,0,0,0,0,0,0,0,0,0,0,0,0,0,0,0,0,0,0,0,0,0,0,0,4,0,0,0,0,0,0,0,0,0,0,0,0,0,0,0,0,0,0,0,3,0,0,0,0,0,0,0,0,0,0
LGA55880,0,0,0,0,0,0,0,0,0,0,0,0,0,0,0,0,0,0,0,0,0,0,0,0,0,0,0,0,0,0,0,0,0,0,0,0,0,0,0,0,4,0,0,0,0,0,0,0,0,8,0,0,0,0,0,0,0,0,0,0,0,0,0,0,0,0,0,0,0,0,0,0,0,0,0,0,0,0,0,0,0,0,0,0,0,0,0,0,0,0,0,0,0,0,0,0,0,0,0,0,0,0,0,0,0,0,0,0,0,0,0,0,0,0,0,0,0,0,0,0,3,0,0,0,0,0,0,0,0,3,0,0,0,0,0,0,0,0,0,0,0,0,0,0,0,0,0,0,0,0,0,0,0,0,0,0,0,0,0,0,0,0,0,0,0,0,0,0,0,0,0,0,0,0,0,0,0,0,0,0,0,0,0,0,0,0,0,0,0,0,0,0,0,0,0,0,0,0,0,0
LGA55950,0,0,0,0,0,0,0,0,0,0,0,0,0,0,0,0,0,0,0,0,0,0,0,0,0,0,0,0,0,0,0,0,0,0,0,0,0,0,0,0,0,0,0,0,0,0,0,0,0,4,0,0,0,0,0,0,0,0,0,0,0,0,0,0,0,0,0,0,0,0,0,0,0,0,0,0,0,0,0,0,0,0,0,0,0,0,0,0,0,0,0,0,0,0,0,0,0,0,0,0,0,0,0,0,0,0,0,0,0,0,0,0,0,0,0,0,0,0,0,0,5,0,0,0,0,0,0,0,0,5,0,0,0,0,0,0,0,0,0,0,0,0,0,0,0,0,0,0,0,0,0,0,0,0,0,0,0,0,0,0,0,0,0,0,0,0,0,0,0,0,0,0,0,0,0,0,0,0,0,0,0,0,0,0,0,0,0,0,0,0,0,0,0,0,0,0,0,0,0,0
LGA56090,0,0,4,0,0,0,0,0,0,6,0,0,0,0,0,0,0,0,0,0,0,0,0,0,0,0,0,0,0,8,0,0,0,0,0,0,0,0,0,0,17,6,25,27,28,34,10,32,0,183,0,0,0,0,0,0,0,0,0,5,0,0,0,0,0,0,0,0,0,4,0,3,4,0,0,0,0,0,0,8,0,0,0,4,0,0,0,4,4,13,0,0,0,0,0,7,0,4,0,12,0,3,4,5,6,0,0,0,0,22,4,0,0,0,7,0,0,0,3,17,6,6,0,7,0,0,3,5,4,21,0,10,9,4,14,0,0,0,0,34,3,5,0,0,0,0,0,0,0,16,0,3,4,6,0,5,5,4,3,27,0,5,0,7,0,0,0,0,0,14,5,0,0,3,0,0,3,0,0,18,0,0,0,0,0,0,0,0,3,6,0,0,0,0,0,0,0,0,0,0
LGA56160,0,0,0,0,0,0,0,0,0,0,0,0,0,0,0,0,0,0,0,0,0,0,0,0,0,0,0,0,0,0,0,0,0,0,0,0,0,0,0,0,0,0,0,0,0,0,0,0,0,3,0,0,0,0,0,0,0,0,0,0,0,0,0,0,0,0,0,0,0,0,0,0,0,0,0,0,0,0,0,0,0,0,0,0,0,0,0,0,0,0,0,0,0,0,0,0,0,0,0,0,0,0,0,0,0,0,0,0,0,0,0,0,0,0,0,0,0,0,0,0,0,0,0,0,0,0,0,0,0,0,0,0,0,0,0,0,0,0,0,0,0,0,0,0,0,0,0,0,0,0,0,0,0,0,0,0,0,0,0,0,0,0,0,0,0,0,0,0,0,0,0,0,0,0,0,0,0,0,0,0,0,0,0,0,0,0,0,0,0,0,0,0,0,0,0,0,0,0,0,0
LGA56230,0,0,0,0,0,0,5,0,0,11,0,0,0,0,0,0,5,0,0,0,0,0,0,0,0,0,0,0,0,0,0,0,0,0,0,0,0,0,0,0,10,3,10,25,19,29,16,27,4,150,0,0,0,0,0,0,0,0,0,0,0,0,0,0,0,0,0,0,0,4,4,0,0,0,0,0,0,0,0,5,0,0,0,0,0,3,0,0,0,11,0,0,5,4,0,0,0,4,0,16,0,0,0,0,0,6,4,3,0,16,0,0,0,3,0,0,0,5,0,9,0,0,0,0,4,0,4,6,0,16,3,0,3,6,0,0,3,4,0,15,0,0,0,0,4,0,0,0,0,9,0,0,5,0,4,0,0,0,0,16,4,3,0,0,0,0,5,0,0,7,0,0,0,0,0,0,9,0,0,15,0,0,3,0,0,0,0,0,0,5,5,5,0,0,0,0,0,0,0,5
LGA56300,0,0,0,0,0,0,0,0,0,0,0,0,0,0,0,0,0,0,0,0,0,0,0,0,0,0,0,0,0,0,0,0,0,0,0,0,0,0,0,0,0,0,0,0,0,0,0,3,0,6,0,0,0,0,0,0,0,0,0,0,0,0,0,0,0,0,0,0,0,0,0,0,0,0,0,0,0,0,0,5,0,0,0,0,0,0,0,0,0,0,0,0,0,0,0,0,0,0,0,0,3,0,0,0,0,0,0,0,0,3,0,0,0,0,0,0,0,0,0,3,0,0,0,0,0,0,0,0,0,0,0,0,0,0,0,0,3,0,0,3,0,0,0,0,0,0,0,0,0,0,0,0,0,0,0,0,0,0,0,0,0,0,0,0,0,0,0,0,0,0,0,0,0,0,0,0,0,0,0,0,0,0,0,0,0,0,0,0,0,0,0,0,0,0,0,0,0,0,0,0
LGA56370,0,0,0,0,0,0,0,0,0,0,0,0,0,0,0,0,0,0,0,0,0,0,0,0,0,0,0,0,0,0,0,0,0,0,0,0,0,0,0,0,0,0,0,0,0,0,0,3,0,5,0,0,0,0,0,0,0,0,0,0,0,0,0,0,0,0,0,0,0,0,0,0,0,0,0,0,0,0,0,0,0,0,0,0,0,0,0,0,0,0,0,0,0,0,0,0,0,0,0,0,0,0,0,0,0,0,0,0,0,0,0,0,0,0,0,0,0,0,0,0,0,0,0,0,0,0,0,0,0,0,0,0,0,0,0,0,0,0,0,0,0,0,0,0,0,0,0,0,0,0,0,0,0,0,0,0,0,0,0,0,0,0,0,0,0,0,0,0,0,0,0,0,0,0,0,0,0,0,0,3,0,0,0,0,0,0,0,0,0,0,0,0,0,0,0,0,0,0,0,0
LGA56460,0,0,0,0,0,0,0,0,0,0,0,0,0,0,0,0,0,0,0,0,0,0,0,0,0,0,0,0,0,0,0,0,0,0,0,0,0,0,0,0,6,3,7,14,19,7,7,5,0,57,0,0,0,0,0,0,0,0,0,4,0,0,0,0,0,0,0,0,0,4,0,0,0,0,0,0,0,3,0,8,0,0,0,0,0,0,0,0,0,3,0,0,0,0,0,0,0,0,0,3,0,0,0,0,0,0,0,0,4,11,0,0,0,0,0,0,0,3,0,4,0,0,0,0,0,0,0,0,0,5,0,0,0,3,3,0,0,0,3,14,0,0,0,0,0,0,0,3,0,8,0,3,0,0,0,0,0,0,0,5,0,0,0,0,0,0,0,0,0,0,0,0,0,0,0,0,0,0,0,0,0,0,0,0,0,0,0,0,0,0,0,0,0,0,0,0,0,0,0,0
LGA56580,0,0,0,0,4,0,0,0,0,8,0,0,0,0,0,0,0,0,0,0,0,0,0,0,0,0,0,0,0,0,0,0,0,0,0,0,0,0,0,0,0,4,25,31,28,12,9,9,0,126,0,0,0,0,0,0,0,0,3,5,0,0,0,0,0,0,0,0,0,8,0,4,0,3,0,0,0,4,0,8,0,0,0,3,0,0,0,0,0,3,0,0,0,3,0,0,0,0,0,12,0,0,0,4,6,0,0,6,0,22,0,0,0,11,8,0,0,0,0,30,0,5,0,8,7,4,0,3,5,30,4,10,10,9,13,4,0,0,3,41,4,16,10,4,8,0,4,0,0,46,0,7,0,6,4,0,0,0,3,28,3,7,3,3,0,3,0,0,0,24,3,19,0,6,0,0,0,0,4,33,3,0,0,0,3,0,0,0,0,9,8,17,0,0,0,0,0,0,0,25
LGA56620,0,0,0,0,0,0,0,0,0,0,0,0,0,0,0,0,0,0,0,0,0,0,0,0,0,0,0,0,0,0,0,0,0,0,0,0,0,0,0,0,0,0,0,0,0,0,0,0,0,3,0,0,0,0,0,0,0,0,0,0,0,0,0,0,0,0,0,0,0,0,0,0,0,0,0,0,0,0,0,0,0,0,0,0,0,0,0,0,0,0,0,0,0,0,0,0,0,0,0,0,0,0,0,0,0,0,0,0,0,0,0,0,0,0,0,0,0,0,0,0,0,0,0,0,0,0,0,0,0,0,0,0,0,0,0,0,0,0,0,0,0,0,0,0,0,0,0,0,0,0,0,0,0,0,0,0,0,0,0,0,0,0,0,0,0,0,0,0,0,0,0,0,0,0,0,0,0,0,0,0,0,0,0,0,0,0,0,0,0,0,0,0,0,0,0,0,0,0,0,0
LGA56730,0,0,0,0,0,0,0,0,0,0,0,0,0,0,0,0,0,0,0,0,0,0,0,0,0,0,0,0,0,0,0,0,0,0,0,0,0,0,0,4,14,6,13,36,25,14,6,32,0,141,0,0,0,0,0,0,0,0,0,0,0,0,0,0,0,0,0,0,0,0,0,0,0,0,0,3,0,0,0,6,0,0,0,0,0,0,0,0,0,5,5,0,0,3,4,0,0,0,0,15,0,0,6,0,0,0,0,5,0,9,4,0,0,0,0,0,0,0,0,9,0,0,0,3,0,0,0,6,3,14,0,5,0,0,5,0,5,3,5,31,4,0,0,4,3,0,0,0,0,19,0,3,0,3,0,0,0,0,0,3,5,4,0,0,0,0,0,0,0,11,5,4,0,3,0,0,0,0,6,13,0,0,0,0,0,0,0,0,0,0,0,0,0,0,0,0,0,0,0,3
LGA56790,0,0,0,0,0,0,0,0,0,3,0,0,0,0,0,0,0,0,0,0,0,0,0,0,0,0,0,0,0,0,0,0,0,0,0,0,0,0,0,0,4,0,4,3,0,6,5,6,0,27,0,0,0,0,0,0,0,0,0,0,0,0,0,0,0,0,0,0,0,0,0,0,0,0,0,0,0,0,0,0,6,0,0,0,0,0,0,0,0,4,4,0,0,0,0,0,0,0,0,6,5,0,0,0,0,0,0,0,0,4,0,0,0,0,0,0,0,0,0,3,0,5,0,0,0,0,0,0,0,6,0,0,0,5,0,0,0,0,0,4,0,0,0,0,0,0,0,0,0,4,0,0,0,0,0,0,0,0,0,0,0,0,0,0,0,0,0,0,0,3,0,0,0,0,5,0,0,0,0,3,0,0,0,0,0,0,0,0,0,0,0,0,0,0,0,0,0,0,0,3
LGA56860,0,0,0,0,0,0,0,0,0,0,0,0,0,0,0,0,0,0,0,0,0,0,0,0,0,0,0,0,0,0,0,0,0,0,0,0,0,0,0,0,0,0,0,0,0,0,0,0,0,5,0,0,0,0,0,0,0,0,0,0,0,0,0,0,0,0,0,0,0,0,0,0,0,0,0,0,0,0,0,0,0,0,0,0,0,0,0,0,0,0,0,0,0,0,0,0,0,0,0,0,0,0,0,0,0,0,0,0,0,0,0,0,0,0,0,0,0,0,0,0,0,0,0,0,0,0,0,0,0,0,0,0,0,0,0,0,0,0,0,0,0,0,0,0,0,0,0,0,0,0,0,0,0,0,0,0,0,0,0,0,0,0,0,0,0,0,0,0,0,0,0,0,0,0,0,0,0,0,0,0,0,0,0,0,0,0,0,0,0,0,0,0,0,0,0,0,0,0,0,0
LGA56930,0,0,0,0,0,0,0,0,0,0,0,0,0,0,0,0,0,0,0,0,0,0,0,0,0,0,0,0,0,0,0,0,0,0,0,0,0,0,0,0,0,4,0,3,0,6,0,0,0,15,0,0,0,0,0,0,0,0,0,0,0,0,0,0,0,0,0,0,0,0,0,0,0,0,0,0,0,0,0,0,0,0,0,0,0,0,0,0,0,0,0,0,0,0,0,0,0,0,0,0,0,0,0,0,0,0,0,0,0,0,0,0,0,0,0,0,0,0,0,5,0,0,0,0,0,0,0,0,0,0,0,0,0,3,3,0,0,0,0,3,0,0,0,0,0,0,0,0,0,0,0,0,0,0,0,0,0,0,0,0,0,0,0,0,0,0,0,0,0,0,0,0,0,0,0,0,0,0,0,3,0,0,0,0,0,0,0,0,0,3,0,0,0,0,0,0,0,0,0,0
LGA57000,0,0,0,0,0,0,4,0,0,3,0,0,0,0,0,0,0,0,0,0,0,0,0,0,0,0,0,0,0,0,0,0,0,0,0,0,0,0,0,0,0,0,0,0,0,0,7,3,0,8,0,0,0,0,0,0,0,0,0,0,0,0,0,0,0,0,0,0,0,0,0,0,0,0,0,0,0,0,0,0,0,0,0,0,0,0,0,0,0,0,0,0,0,0,0,0,0,0,0,0,0,0,0,0,0,0,0,0,0,0,0,0,0,0,0,0,0,0,0,0,0,0,0,0,0,0,0,0,0,0,0,0,0,0,0,0,0,0,0,0,0,0,0,0,0,0,0,0,0,0,0,0,0,0,0,0,0,0,0,0,0,0,0,0,0,0,0,0,0,0,0,0,3,0,0,0,0,3,0,8,0,0,0,0,0,0,0,0,0,0,5,0,0,0,0,0,0,0,0,5
LGA57080,25,26,17,7,32,3,14,9,0,143,10,6,0,4,0,5,0,5,0,28,8,5,8,0,0,0,4,0,0,32,0,0,0,0,5,0,0,0,0,5,116,166,130,248,622,104,39,119,21,1557,0,3,0,0,4,0,0,0,5,21,0,3,3,10,8,4,0,0,7,31,0,9,0,8,5,4,0,3,9,38,0,7,9,15,8,9,0,16,6,75,0,8,4,23,10,11,5,17,9,93,10,19,15,31,33,13,4,27,25,165,9,25,12,30,46,15,0,24,21,176,18,30,24,43,76,10,6,29,19,251,29,68,38,54,135,8,12,37,23,409,25,99,24,31,117,12,10,16,22,348,35,131,31,22,93,5,4,7,22,348,36,134,25,18,51,4,8,5,26,306,131,309,36,21,49,6,23,8,24,616,43,74,8,0,15,4,4,0,9,164,103,181,22,0,22,8,4,0,20,364
LGA57140,0,0,0,0,0,0,0,0,0,0,0,0,0,0,0,0,0,0,0,0,0,0,0,0,0,0,0,0,0,0,0,0,0,0,0,0,0,0,0,0,4,0,0,0,5,0,0,0,0,8,0,0,0,0,0,0,0,0,0,0,0,0,0,0,0,0,0,0,0,0,0,0,0,0,0,0,0,0,0,0,0,0,0,0,0,0,0,0,0,0,0,0,0,0,0,0,0,0,0,0,0,0,0,0,0,0,0,0,0,0,0,0,0,0,0,0,0,0,0,0,0,0,0,0,0,0,0,0,0,0,0,0,0,0,0,0,0,0,0,0,0,0,0,0,0,0,0,0,0,0,0,0,0,0,0,0,0,0,0,0,0,0,0,0,0,0,0,0,0,0,0,0,0,0,0,0,0,0,0,3,0,0,0,0,0,0,0,0,0,0,0,0,0,0,0,0,0,0,0,0
LGA57210,0,0,0,0,0,0,0,0,0,0,0,0,0,0,0,0,0,0,0,0,0,0,0,0,0,0,0,0,0,0,0,0,0,0,0,0,0,0,0,0,11,0,0,9,12,0,6,26,0,65,0,0,0,0,0,0,0,0,0,0,0,0,0,0,0,0,0,0,0,0,0,0,0,0,0,0,0,0,0,5,0,0,0,0,0,0,0,0,0,0,0,0,5,0,0,0,0,0,0,6,0,0,0,0,0,3,0,0,0,3,0,0,0,4,0,0,0,0,0,9,0,0,0,0,0,0,0,7,0,10,0,0,0,0,0,0,0,9,0,13,0,0,0,0,0,0,0,0,0,4,0,0,0,0,0,0,0,0,0,5,4,0,0,0,0,0,0,0,0,0,5,0,0,0,0,0,0,0,0,4,0,0,0,0,0,0,0,0,0,0,0,0,0,0,0,0,0,0,0,0
LGA57280,4,3,8,4,0,0,15,13,0,44,0,0,0,0,0,0,5,0,0,12,5,5,0,0,3,0,8,0,0,13,0,0,0,0,0,0,0,0,0,0,20,8,37,23,38,20,36,38,3,231,0,0,0,0,0,0,0,0,5,3,0,0,0,0,0,5,0,0,0,5,0,0,0,0,0,0,0,3,0,8,0,0,0,0,0,0,0,3,0,0,0,0,0,0,0,0,0,0,0,3,0,0,0,3,0,0,0,0,0,6,0,0,0,0,4,0,0,4,0,9,0,0,0,5,4,0,0,3,0,11,3,0,3,4,0,0,0,4,0,18,0,0,0,4,8,5,3,5,3,33,0,5,6,0,0,0,6,13,3,30,0,0,0,0,5,0,4,0,0,16,3,6,15,4,0,3,6,3,0,41,0,0,0,0,0,0,6,3,3,10,0,9,3,0,0,0,5,3,4,27
LGA57350,0,0,0,0,0,0,0,0,0,0,0,0,0,0,0,0,0,0,0,0,0,0,0,0,0,0,0,0,0,0,0,0,0,0,0,0,0,0,0,0,0,0,0,0,3,0,0,0,0,8,0,0,0,0,0,0,0,0,0,0,0,0,0,0,0,0,0,0,0,0,0,0,0,0,0,0,0,0,0,0,0,0,0,0,0,0,0,0,0,0,0,0,0,0,0,0,0,0,0,0,0,0,0,0,0,0,0,0,0,0,0,0,0,0,0,0,0,0,0,0,0,0,0,0,0,0,0,0,0,0,0,0,0,0,0,0,0,0,0,0,0,0,0,0,0,0,0,0,0,0,0,0,0,0,0,0,0,0,0,0,0,0,0,0,0,0,0,0,0,0,0,0,0,0,0,0,0,0,0,0,0,0,0,0,0,0,0,0,0,0,0,0,0,0,0,0,0,0,0,0
LGA57420,0,0,0,0,0,0,0,0,0,4,0,0,0,0,0,0,0,0,0,0,0,0,0,0,0,0,0,0,0,0,0,0,0,0,0,0,0,0,0,0,0,0,0,0,0,4,11,4,0,24,0,0,0,0,0,0,0,0,0,0,0,0,0,0,0,0,0,0,0,0,0,0,0,0,0,0,0,0,0,0,0,0,0,0,0,0,0,0,0,0,0,0,0,0,0,0,0,0,0,5,0,0,0,0,0,0,0,0,0,0,0,0,0,0,0,0,0,0,0,0,0,0,0,0,0,0,4,0,0,7,0,0,0,0,0,0,0,0,3,11,0,0,0,0,0,0,0,0,0,0,0,0,0,0,0,0,4,0,0,12,0,0,0,0,0,0,3,0,0,5,3,0,0,0,0,0,3,0,3,13,0,0,4,0,0,0,0,0,0,5,0,0,0,0,0,0,0,0,0,0
LGA57490,9,0,0,5,0,0,9,4,0,21,3,0,0,0,4,0,0,0,0,4,0,0,0,0,0,0,0,0,0,0,0,0,0,0,0,0,0,4,0,3,72,16,96,177,116,189,47,159,0,872,0,0,0,4,3,0,0,0,0,5,0,0,0,0,0,6,0,8,4,19,0,7,5,10,0,11,3,4,5,48,4,0,4,9,0,3,3,5,0,38,0,0,4,4,7,8,0,12,5,39,6,4,3,33,3,5,6,8,3,75,9,5,0,28,15,13,6,10,4,78,9,6,13,24,11,6,0,8,4,92,12,14,15,29,16,7,11,10,5,110,4,7,13,12,16,7,8,10,0,65,5,13,10,6,5,4,0,0,0,53,7,9,6,5,4,0,9,5,4,49,12,12,13,15,4,0,10,0,8,74,0,0,3,0,0,0,3,0,5,13,4,12,0,4,0,0,0,0,0,25
LGA57630,0,0,0,0,0,0,0,0,0,0,0,0,0,0,0,0,0,0,0,0,0,0,0,0,0,0,0,0,0,0,0,0,0,0,0,0,0,0,0,0,0,0,0,0,0,0,0,0,0,0,0,0,0,0,0,0,0,0,0,0,0,0,0,0,0,0,0,0,0,0,0,0,0,0,0,0,0,0,0,0,0,0,0,0,0,0,0,0,0,0,0,0,0,0,0,0,0,0,0,0,0,0,0,0,0,0,0,0,0,0,0,0,0,0,0,0,0,0,0,0,0,0,0,0,0,0,0,0,0,0,0,0,0,0,0,0,0,0,0,0,0,0,0,0,0,0,0,0,0,0,0,0,0,0,0,0,0,0,0,0,0,0,0,0,0,0,0,0,0,0,0,0,0,0,0,0,0,0,0,0,0,0,0,0,0,0,0,0,0,0,0,0,0,0,0,0,0,0,0,0
LGA57700,0,0,0,3,0,0,4,0,0,5,0,0,0,0,0,0,0,0,0,0,0,0,0,0,0,0,0,0,0,0,0,0,0,0,0,0,0,0,0,0,11,7,16,31,32,18,14,29,4,161,0,0,0,0,0,0,0,0,0,0,0,0,3,0,0,0,0,0,0,9,0,0,0,0,6,0,0,0,0,7,0,0,0,3,3,0,3,0,0,13,0,0,0,0,0,0,0,3,0,10,4,0,0,0,0,0,0,3,0,8,5,3,0,8,0,0,0,5,0,20,5,0,0,4,0,0,0,8,0,19,0,0,4,0,3,0,0,5,3,19,5,0,0,0,0,0,10,0,3,12,0,0,4,0,0,0,0,0,0,8,0,4,0,0,0,0,0,0,0,9,0,0,3,0,0,0,0,0,0,9,0,4,0,0,0,0,0,0,0,4,0,4,0,0,0,0,0,0,0,4
LGA57770,0,0,0,0,0,0,0,0,0,0,0,0,0,0,0,0,0,0,0,0,0,0,0,0,0,0,0,0,0,0,0,0,0,0,0,0,0,0,0,0,0,0,0,0,0,3,3,0,0,15,0,0,0,0,0,0,0,0,0,0,0,0,0,0,0,0,0,0,0,0,0,0,0,0,0,0,0,0,0,0,0,0,0,0,0,0,0,0,0,0,0,0,0,0,0,0,0,0,0,0,0,0,0,0,0,0,0,0,0,4,0,0,0,0,0,0,0,0,0,0,0,0,0,0,0,0,0,3,0,3,0,0,0,0,0,0,0,0,0,0,0,0,0,0,0,0,0,0,0,0,0,0,0,0,0,0,0,0,0,6,0,0,0,0,0,0,0,0,0,0,0,0,0,0,0,0,0,0,0,0,0,0,0,0,0,0,0,0,0,0,0,0,0,0,0,0,0,0,0,0
LGA57840,0,0,0,0,0,0,0,0,0,5,0,0,0,0,0,0,0,0,0,0,0,0,0,0,0,0,0,0,0,0,0,0,0,0,0,0,0,0,0,0,8,8,22,48,31,25,3,17,4,168,0,0,0,0,0,0,0,0,0,5,0,0,0,0,0,0,0,0,0,0,0,0,0,3,5,0,0,0,0,12,0,3,0,9,0,0,0,0,0,19,0,0,3,4,0,0,0,0,0,17,0,0,0,14,0,4,0,0,0,22,0,4,4,8,9,4,0,5,0,29,3,7,3,11,4,0,0,3,3,40,4,5,6,8,5,0,0,4,3,37,4,10,3,5,0,0,4,0,3,28,3,7,0,3,0,3,0,3,3,32,4,7,8,6,0,3,0,0,3,23,6,16,0,0,4,0,0,0,0,25,0,3,0,0,0,0,0,0,0,6,0,4,0,0,4,5,0,0,3,12
LGA57910,11,4,0,3,6,0,0,4,0,39,0,0,0,0,0,0,0,0,0,4,0,4,0,0,0,0,0,0,0,8,0,0,0,3,0,0,0,0,0,8,88,69,156,207,261,241,66,161,15,1261,3,3,4,7,0,0,0,0,0,26,0,0,0,16,5,6,0,8,0,45,0,7,4,12,5,9,0,21,6,65,6,9,7,19,4,14,8,17,3,82,4,7,4,24,8,20,10,18,3,96,9,9,11,35,23,32,11,24,7,155,9,9,15,47,25,31,9,28,11,185,18,21,21,46,40,30,18,30,15,232,31,37,42,54,61,31,10,32,20,323,24,36,27,21,50,11,4,19,14,201,39,51,21,7,35,9,9,17,13,193,19,30,22,9,7,6,0,13,9,115,40,66,24,9,11,4,4,4,16,175,11,17,0,0,4,3,4,6,4,45,23,28,5,0,7,9,0,0,3,69
LGA57980,0,3,0,0,0,0,3,0,0,9,0,0,0,0,0,0,0,0,0,5,0,0,0,0,0,0,0,0,0,0,0,0,0,0,0,0,0,0,0,0,17,11,13,39,53,31,6,28,0,205,0,0,0,0,0,0,0,0,0,0,0,0,0,0,0,0,0,0,0,3,0,0,0,0,3,0,0,0,0,4,0,0,5,0,0,0,0,0,0,9,0,0,4,0,0,0,0,6,3,15,0,3,0,4,7,3,0,0,0,21,0,10,3,13,3,3,0,3,0,36,3,7,8,8,4,5,0,4,0,40,8,13,4,7,15,7,0,0,0,61,3,12,3,5,13,3,0,0,4,38,7,15,4,3,6,0,0,4,0,42,0,14,7,0,0,0,0,5,0,28,6,23,6,0,4,0,0,0,3,51,0,6,0,0,0,3,0,0,0,12,8,21,0,0,5,4,0,0,0,37
LGA58050,10,4,4,8,13,0,11,6,0,64,0,0,0,0,3,0,0,0,0,3,0,0,0,0,0,0,0,0,0,4,0,0,0,0,0,0,0,0,0,6,82,37,145,186,227,204,111,248,14,1254,3,0,5,0,4,0,0,3,3,15,0,0,0,5,0,7,0,6,4,29,3,5,3,9,8,3,0,10,3,44,3,3,8,13,4,7,5,13,6,62,3,4,13,12,10,13,6,16,0,82,3,11,13,24,13,15,8,16,6,109,4,7,19,28,28,18,14,14,15,145,11,11,30,34,28,18,30,20,14,203,29,35,41,25,36,14,31,27,9,245,10,27,25,18,28,5,7,5,16,147,16,30,14,15,20,10,20,8,8,128,13,19,24,18,10,3,6,3,3,102,21,27,8,15,13,6,8,4,7,109,8,7,0,0,0,4,0,0,10,32,4,15,3,0,0,0,0,0,5,34
LGA58190,0,0,0,0,0,0,0,0,0,0,0,0,0,0,0,0,0,0,0,0,0,0,0,0,0,0,0,0,0,0,0,0,0,0,0,0,0,0,0,0,0,0,0,0,0,0,0,0,0,0,0,0,0,0,0,0,0,0,0,0,0,0,0,0,0,0,0,0,0,0,0,0,0,0,0,0,0,0,0,0,0,0,0,0,0,0,0,0,0,0,0,0,0,0,0,0,0,0,0,0,0,0,0,0,0,0,0,0,0,0,0,0,0,0,0,0,0,0,0,0,0,0,0,0,0,0,0,0,0,0,0,0,0,0,0,0,0,0,0,0,0,0,0,0,0,0,0,0,0,0,0,0,0,0,0,0,0,0,0,0,0,0,0,0,0,0,0,0,0,0,0,0,0,0,0,0,0,0,0,0,0,0,0,0,0,0,0,0,0,0,0,0,0,0,0,0,0,0,0,0
LGA58260,0,0,0,0,0,0,0,0,0,0,0,0,0,0,0,0,0,0,0,0,0,0,0,0,0,0,0,0,0,0,0,0,0,0,0,0,0,0,0,0,0,0,0,3,0,0,0,0,0,8,0,0,0,0,0,0,0,0,0,0,0,0,0,0,0,0,0,0,0,0,0,0,0,0,0,0,0,0,0,0,0,0,0,0,0,0,0,0,0,0,0,0,0,0,0,0,0,0,0,0,0,0,0,0,0,0,0,0,0,0,0,0,0,0,0,0,0,0,0,0,0,0,0,0,0,0,0,0,0,0,0,0,0,0,0,0,0,0,0,0,0,0,0,0,0,0,0,0,0,0,0,0,0,0,0,0,0,0,0,0,0,0,0,0,0,0,0,0,0,0,0,0,0,0,0,0,0,0,0,5,0,0,0,0,0,0,0,0,0,0,0,0,0,0,0,0,0,0,0,0
LGA58330,0,0,0,0,0,0,0,0,0,0,0,0,0,0,0,0,0,0,0,0,0,0,0,0,0,0,0,0,0,0,0,0,0,0,0,0,0,0,0,0,7,4,0,0,0,4,0,5,0,13,0,0,0,0,0,0,0,0,0,0,0,0,0,0,0,0,0,0,0,0,0,0,0,0,0,0,0,0,0,4,0,0,0,0,3,0,0,0,0,3,0,0,0,0,0,0,0,0,0,4,0,0,0,0,0,0,0,3,0,6,0,0,0,0,0,0,0,0,0,4,0,0,0,0,0,4,0,0,0,4,0,0,0,3,5,0,0,0,0,3,0,0,5,0,0,0,0,0,0,0,0,0,0,0,0,0,0,0,0,8,0,0,0,0,0,0,0,0,0,0,0,0,0,0,0,0,0,0,0,0,0,0,0,0,0,0,0,0,0,0,0,0,0,0,0,0,0,0,0,0
LGA58400,0,0,0,0,0,0,0,0,0,0,0,0,0,0,0,0,0,0,0,0,0,0,0,0,0,0,0,0,0,0,0,0,0,0,0,0,0,0,0,0,0,0,0,0,0,0,0,0,0,0,0,0,0,0,0,0,0,0,0,0,0,0,0,0,0,0,0,0,0,0,0,0,0,0,0,0,0,0,0,0,0,0,0,0,0,0,0,0,0,0,4,0,0,0,0,0,0,0,0,4,0,0,0,0,0,0,0,0,0,0,0,0,0,0,0,0,0,0,0,0,0,0,0,0,0,0,0,0,0,0,0,0,0,0,0,0,0,0,0,0,0,0,0,0,0,0,0,0,0,0,0,0,0,0,0,0,0,0,0,0,0,0,0,0,0,0,0,0,0,0,0,0,0,0,0,0,0,0,0,0,0,0,0,0,0,0,0,0,0,0,0,0,0,0,0,0,0,0,0,0
LGA58470,0,0,0,0,0,0,0,0,0,0,0,0,0,0,0,0,0,0,0,0,0,0,0,0,0,0,0,0,0,0,0,0,0,0,0,0,0,0,0,0,0,0,0,0,0,0,0,0,0,0,0,0,0,0,0,0,0,0,0,0,0,0,0,0,0,0,0,0,0,0,0,0,0,0,0,0,0,0,0,0,0,0,0,0,0,0,0,0,0,0,0,0,0,0,0,0,0,0,0,0,0,0,0,0,0,0,0,0,0,0,0,0,0,0,0,0,0,0,0,0,0,0,0,0,0,0,0,0,0,0,0,0,0,0,0,0,0,0,0,0,0,0,0,0,0,0,0,0,0,0,0,0,0,0,0,0,0,0,0,0,0,0,0,0,0,0,0,0,0,0,0,0,0,0,0,0,0,0,0,0,0,0,0,0,0,0,0,0,0,0,0,0,0,0,0,0,0,0,0,0
LGA58510,4,0,0,0,5,0,0,0,0,12,0,0,0,0,0,0,0,0,0,5,3,0,0,0,0,0,0,0,0,9,0,0,0,0,0,0,0,0,0,0,24,21,45,153,67,44,27,84,0,458,0,0,0,0,3,0,0,0,0,5,0,4,0,6,0,0,0,3,0,10,0,0,0,4,0,0,0,3,0,13,0,0,0,9,0,0,0,4,3,23,0,0,0,17,4,4,4,9,0,34,0,3,4,9,0,6,6,14,3,45,5,3,3,23,5,3,3,12,9,75,3,8,12,14,16,3,4,13,3,73,11,5,9,25,13,8,5,11,9,99,6,14,13,10,12,5,3,10,11,75,6,16,3,6,7,3,0,5,0,39,8,13,6,5,7,0,6,0,4,47,15,19,7,6,6,3,0,3,0,58,6,0,0,0,3,0,0,0,0,9,8,8,3,0,6,0,0,0,3,24
LGA58540,0,0,0,0,0,0,0,0,0,0,0,0,0,0,0,0,0,0,0,0,0,0,0,0,0,0,0,0,0,0,0,0,0,0,0,0,0,0,0,0,0,0,0,0,0,0,0,0,0,4,0,0,0,0,0,0,0,0,0,0,0,0,0,0,0,0,0,0,0,0,0,0,0,0,0,0,0,0,0,0,0,0,0,0,0,0,0,0,0,0,0,0,0,0,0,0,0,0,0,0,0,0,0,0,0,0,0,0,0,0,0,0,0,0,0,0,0,0,0,0,0,0,0,0,0,0,0,0,0,0,0,0,0,0,0,0,0,0,0,0,0,0,0,0,0,0,0,0,0,0,0,0,0,0,0,0,0,0,0,0,0,0,0,0,0,0,0,0,0,0,0,0,0,0,0,0,0,0,0,0,0,0,0,0,0,0,0,0,0,0,0,0,0,0,0,0,0,0,0,0
LGA58570,0,4,0,0,0,0,0,0,0,12,4,0,0,0,0,0,0,0,0,4,0,0,0,0,0,0,0,0,0,4,0,0,0,0,0,0,0,0,0,0,27,26,34,78,59,39,4,41,5,308,0,0,0,0,0,0,0,0,3,6,0,0,0,7,0,5,0,0,0,14,0,0,0,7,0,4,0,4,0,21,0,0,3,0,4,3,0,0,0,14,3,5,0,8,5,3,0,4,0,21,0,5,0,8,5,5,0,5,3,26,0,0,3,15,15,5,0,7,0,43,8,14,7,11,15,0,0,4,7,63,4,6,6,17,13,8,0,5,0,68,11,15,7,6,17,6,3,0,3,59,15,9,3,0,6,3,0,4,5,48,9,16,0,4,6,6,0,0,4,39,11,9,3,4,4,0,4,0,6,41,4,9,0,0,0,0,0,0,0,13,11,4,3,0,0,6,0,0,0,24
LGA58610,0,0,0,0,0,0,0,0,0,0,0,0,0,0,0,0,0,0,0,0,0,0,0,0,0,0,0,0,0,0,0,0,0,0,0,0,0,0,0,0,0,0,0,0,0,0,0,5,0,10,0,0,0,0,0,0,0,0,0,0,0,0,0,0,0,0,0,0,0,0,0,0,0,0,0,0,0,0,0,0,0,0,0,0,0,0,0,0,0,0,0,0,0,0,0,0,0,0,0,0,0,0,0,0,0,0,0,0,0,0,0,0,0,0,0,0,0,0,0,0,0,0,0,0,0,0,0,0,0,0,0,0,0,0,0,0,0,0,0,0,0,0,0,0,0,0,0,0,0,0,0,0,0,0,0,0,0,0,0,0,0,0,0,0,0,0,0,0,0,5,0,0,0,0,0,0,0,0,0,0,0,0,0,0,0,0,0,0,0,0,0,0,0,0,0,0,0,0,0,0
LGA58680,0,0,0,0,0,0,0,0,0,0,0,0,0,0,0,0,0,0,0,0,0,0,0,0,0,0,0,0,0,0,0,0,0,0,0,0,0,0,0,0,0,0,0,0,0,0,0,0,0,3,0,0,0,0,0,0,0,0,0,0,0,0,0,0,0,0,0,0,0,0,0,0,0,0,0,0,0,0,0,0,0,0,0,0,0,0,0,0,0,0,0,0,0,0,0,0,0,0,0,0,0,0,0,0,0,0,0,0,0,0,0,0,0,0,0,0,0,0,0,0,0,0,0,0,0,0,0,0,0,0,0,0,0,0,0,0,0,0,0,0,0,0,0,0,0,0,0,0,0,0,0,0,0,0,0,0,0,0,0,0,0,0,0,0,0,0,0,0,0,0,0,0,0,0,0,0,0,0,0,0,0,0,0,0,0,0,0,0,0,0,0,0,0,0,0,0,0,0,0,0
LGA58760,6,3,5,0,4,4,5,5,0,29,3,0,3,0,0,0,0,0,0,4,0,0,0,0,0,0,0,0,3,4,0,0,0,0,0,3,0,0,0,4,71,29,105,158,144,200,97,185,9,1002,0,0,0,0,3,0,0,0,6,19,0,0,0,6,3,5,0,5,0,26,0,3,0,4,7,6,6,12,3,41,3,6,0,13,6,10,0,11,0,56,0,4,11,7,7,3,0,7,3,46,6,8,9,25,19,5,7,25,5,108,7,7,14,31,27,19,7,23,13,147,15,11,24,34,23,11,9,28,9,163,17,10,38,26,32,11,22,20,12,190,13,15,26,16,18,9,13,11,10,125,9,18,9,13,7,11,13,5,7,84,12,12,17,4,4,0,10,3,7,64,21,16,10,3,10,5,4,0,7,86,5,6,4,0,0,4,0,0,0,21,16,3,8,0,5,0,3,0,0,38
LGA58820,0,0,0,0,0,0,0,0,0,6,0,0,0,0,0,0,0,0,0,0,0,0,0,0,0,0,0,0,0,0,0,0,0,0,0,0,0,0,0,0,3,0,8,0,13,0,8,3,0,37,0,0,0,0,0,0,0,0,0,0,0,0,0,0,0,0,0,0,0,0,0,0,0,0,0,0,0,0,0,0,0,0,0,0,0,0,0,0,0,0,0,0,0,0,0,0,6,0,0,4,3,0,0,0,0,0,0,0,0,6,0,0,0,0,0,0,0,0,0,0,0,0,0,0,0,0,0,0,0,5,3,0,0,0,3,0,0,0,0,11,0,0,0,0,0,0,0,0,0,4,0,0,6,0,0,0,0,0,0,8,0,0,0,0,0,0,3,0,0,6,0,0,5,0,0,0,10,0,0,15,0,0,0,0,0,0,0,0,0,3,0,0,0,0,0,0,0,0,0,0
LGA58890,0,0,0,0,0,0,0,0,0,0,0,0,0,0,0,0,0,0,0,0,0,0,0,0,0,0,0,0,0,0,0,0,0,0,0,0,0,0,0,0,7,0,0,0,0,0,0,0,0,7,3,0,0,0,0,0,0,0,0,3,0,0,0,0,0,0,0,0,0,0,0,0,0,0,0,0,0,0,0,0,0,0,0,0,0,0,0,0,0,0,0,0,0,0,0,0,0,0,0,0,0,0,0,0,0,0,0,0,0,0,0,0,0,0,0,0,0,0,0,0,3,0,0,0,0,0,0,0,0,4,0,0,0,0,0,0,0,0,0,0,0,0,0,0,0,0,0,0,0,0,0,0,0,0,0,0,0,0,0,0,0,0,0,0,0,0,0,0,0,0,0,0,0,0,0,0,0,0,0,3,0,0,0,0,0,0,0,0,0,0,0,0,0,0,0,0,0,0,0,0
LGA59030,0,0,0,0,0,0,4,0,0,3,0,0,0,0,0,0,0,0,0,0,0,0,0,0,0,0,0,0,0,0,0,0,0,0,0,0,0,0,0,0,0,0,0,0,0,0,7,0,0,13,0,0,0,0,0,0,0,0,0,0,0,0,0,0,0,0,0,0,0,0,0,0,0,0,0,0,0,0,0,0,0,0,0,0,0,0,0,0,0,0,0,0,0,0,0,0,0,0,0,0,0,0,0,0,0,0,0,0,0,0,0,0,0,0,0,0,0,0,0,0,0,0,0,0,0,0,0,0,0,0,0,0,0,0,0,0,0,0,0,0,0,0,0,0,0,0,0,0,0,0,0,0,0,0,0,0,0,0,0,0,0,0,0,0,0,0,0,0,0,0,0,0,0,0,0,0,0,0,0,0,0,0,0,0,0,0,0,0,0,0,0,0,0,0,0,0,0,0,0,0
LGA59100,0,0,0,0,0,0,0,0,0,0,0,0,0,0,0,0,0,0,0,0,0,0,0,0,0,0,0,0,0,0,0,0,0,0,0,0,0,0,0,0,0,0,0,0,0,0,0,0,0,0,0,0,0,0,0,0,0,0,0,0,0,0,0,0,0,0,0,0,0,0,0,0,0,0,0,0,0,0,0,0,0,0,0,0,0,0,0,0,0,0,0,0,0,0,0,0,0,0,0,0,0,0,0,0,0,0,0,0,0,0,0,0,0,0,0,0,0,0,0,0,0,0,0,0,0,0,0,0,0,0,0,0,0,0,0,0,0,0,0,0,0,0,0,0,0,0,0,0,0,0,0,0,0,0,0,0,0,0,0,0,0,0,0,0,0,0,0,0,0,0,0,0,0,0,0,0,0,0,0,0,0,0,0,0,0,0,0,0,0,0,0,0,0,0,0,0,0,0,0,0
LGA59170,0,0,0,0,0,0,0,0,0,0,0,0,0,0,0,0,0,0,0,0,0,0,0,0,0,0,0,0,0,0,0,0,0,0,0,0,0,0,0,0,4,0,0,0,0,0,0,4,0,9,0,0,0,0,0,0,0,0,0,0,0,0,0,0,0,0,0,0,0,0,0,0,0,0,0,0,0,0,0,0,0,0,0,0,0,0,0,0,0,0,0,0,0,0,0,0,0,0,0,4,0,0,0,0,0,0,0,0,0,0,0,0,0,0,0,0,0,0,0,0,0,0,0,0,0,0,0,0,0,3,0,0,0,0,0,0,0,0,0,0,0,0,0,0,0,0,0,5,0,3,0,0,0,0,0,0,0,0,0,0,0,0,0,0,0,0,0,0,0,0,4,0,0,0,0,0,0,0,0,4,0,0,0,0,0,0,0,0,0,0,0,0,0,0,0,0,0,0,0,0
LGA59250,0,0,0,0,0,0,0,0,0,3,0,0,0,0,0,0,3,0,0,3,0,0,0,0,0,0,0,0,0,0,0,0,0,0,0,0,0,0,0,0,0,0,7,0,0,0,15,0,3,23,0,0,0,0,0,0,0,0,0,0,0,0,0,0,0,0,0,0,0,0,0,0,0,0,0,0,0,0,0,0,0,0,0,0,0,0,0,0,0,0,0,0,0,0,0,0,0,0,0,0,0,0,0,0,0,0,0,0,0,0,0,0,0,0,0,0,0,0,0,0,0,0,0,0,0,0,0,0,0,0,0,0,0,0,0,0,0,0,0,5,0,0,0,0,0,0,0,0,0,6,0,0,0,0,0,0,0,4,0,4,0,0,0,0,0,0,0,3,3,9,0,0,0,0,0,0,3,7,0,6,0,3,0,0,0,0,0,0,0,6,3,0,0,0,0,0,0,0,0,7
LGA59310,3,0,0,0,0,0,0,0,0,3,0,0,0,0,0,0,0,0,0,0,0,0,0,0,0,0,0,0,0,0,0,0,0,0,0,0,0,0,0,0,3,6,0,0,8,6,6,5,0,17,0,0,0,0,0,0,0,0,0,0,0,0,0,0,0,0,0,0,0,0,0,0,0,0,0,0,0,0,0,0,0,0,0,0,0,0,0,0,0,0,0,0,0,0,0,0,0,0,0,0,0,0,0,3,0,0,0,0,0,3,0,0,0,0,0,0,0,0,0,5,0,0,0,4,0,0,0,0,0,4,0,0,0,0,0,0,0,0,0,0,0,0,0,0,0,0,0,0,0,0,0,0,0,0,0,0,0,0,0,0,0,0,0,0,0,0,0,0,0,3,0,0,0,0,0,0,0,0,0,0,0,0,0,0,0,0,0,0,0,0,0,0,0,0,0,0,0,0,0,0
LGA59320,0,0,0,0,0,0,0,0,0,0,0,0,0,0,0,0,0,0,0,0,0,0,0,0,0,0,0,0,0,0,0,0,0,0,0,0,0,0,0,0,0,0,0,0,0,0,0,0,0,5,0,0,0,0,0,0,0,0,0,0,0,0,0,0,0,0,0,0,0,0,0,0,0,0,0,0,0,0,0,0,0,0,0,0,0,0,0,0,0,0,0,0,0,0,0,0,0,0,0,0,0,0,0,0,0,0,0,0,0,0,0,0,0,0,0,0,0,0,0,4,0,0,0,0,0,0,0,3,0,3,0,0,0,0,0,0,0,0,0,0,0,0,0,0,0,0,0,0,0,0,0,0,0,0,0,0,0,0,0,0,0,0,0,0,0,0,0,0,0,0,0,0,0,0,0,0,0,0,0,0,0,0,0,0,0,0,0,0,0,0,0,0,0,0,0,0,0,0,0,0
LGA59330,0,0,0,0,0,0,0,0,0,0,0,0,0,0,0,0,0,0,0,0,0,0,0,0,0,0,0,0,0,0,0,0,0,0,0,0,0,0,0,0,0,0,0,0,3,0,0,0,0,3,0,0,0,0,0,0,0,0,0,0,0,0,0,0,0,0,0,0,0,0,0,0,0,0,0,0,0,0,0,0,0,0,0,0,0,0,0,0,0,0,0,0,0,0,0,0,0,0,0,0,5,0,0,0,0,0,0,0,0,3,0,0,0,0,0,0,0,0,0,0,0,0,0,0,0,0,0,0,0,0,0,0,0,0,0,0,0,0,0,3,0,0,0,0,0,0,0,0,0,0,0,0,0,0,0,0,0,0,0,0,0,0,0,0,0,0,0,0,0,0,0,0,0,0,0,0,0,0,0,0,0,0,0,0,0,0,0,0,0,0,0,0,0,0,0,0,0,0,0,0
LGA59340,0,0,0,0,0,0,0,0,0,0,0,0,0,0,0,0,0,0,0,0,0,0,0,0,0,0,0,0,0,0,0,0,0,0,0,0,0,0,0,0,9,13,7,23,10,9,7,11,4,73,0,0,0,0,0,0,0,0,0,0,0,0,0,0,0,0,0,0,0,0,0,0,0,0,0,0,0,0,0,3,0,0,0,0,0,0,0,0,0,5,0,0,0,3,0,0,0,0,0,5,0,3,0,0,0,0,0,0,0,6,0,0,5,0,0,0,0,0,0,6,0,0,0,9,3,4,4,4,3,25,0,3,0,0,3,0,0,0,0,12,0,3,0,0,0,0,0,0,0,11,0,0,0,0,0,0,0,0,5,12,0,4,0,0,0,0,0,0,0,7,0,3,0,4,0,0,0,0,0,14,0,0,0,0,0,0,0,0,0,0,0,0,0,0,0,0,0,0,0,0
LGA59350,0,0,0,0,0,0,6,0,0,3,0,0,0,0,0,0,0,0,0,3,0,0,0,0,0,0,0,0,0,0,0,0,0,0,0,0,0,0,0,0,0,0,0,0,0,0,7,3,0,12,0,0,0,0,0,0,0,0,0,0,0,0,0,0,0,0,0,0,0,0,0,0,0,0,0,0,0,0,0,0,0,0,0,0,0,0,0,0,0,0,0,0,0,0,0,0,0,0,0,0,0,0,0,0,0,0,0,0,0,0,0,0,0,0,0,0,0,0,0,0,0,0,0,0,0,0,0,0,0,0,0,0,0,0,0,0,0,0,0,0,0,0,0,0,0,0,0,0,0,0,0,0,0,0,0,0,0,0,0,0,0,0,0,0,0,0,4,0,0,4,0,0,0,0,0,0,7,0,0,6,0,0,0,0,0,0,0,0,0,0,0,0,0,0,0,0,0,0,0,0
LGA59360,0,0,0,0,0,0,5,0,0,10,0,0,0,0,0,0,0,0,0,0,0,0,0,0,0,0,0,0,0,0,0,0,0,0,0,0,0,0,0,0,4,0,0,6,3,0,4,5,0,30,0,0,0,0,0,0,0,0,0,0,0,0,0,0,0,0,0,0,0,0,0,0,0,0,0,0,0,0,0,0,0,0,0,0,0,0,0,0,0,0,0,0,0,0,0,0,0,0,0,0,0,0,0,0,0,0,0,0,0,0,0,0,0,0,0,0,0,0,0,0,0,0,0,0,0,0,0,0,0,0,0,0,0,0,0,0,0,0,0,6,0,0,0,0,0,0,0,0,0,0,0,0,0,0,0,0,0,0,0,3,0,0,0,0,0,0,0,0,0,0,0,0,0,0,0,0,5,3,0,9,0,0,0,0,0,0,0,0,0,0,5,0,0,0,0,0,0,0,0,3
LGA59370,0,0,0,0,0,0,0,0,0,0,0,0,0,0,0,0,0,0,0,0,0,0,0,0,0,0,0,0,0,0,0,0,0,0,0,0,0,0,0,0,0,0,3,9,0,3,0,0,0,19,0,0,0,0,0,0,0,0,0,3,0,0,0,0,0,0,0,0,0,0,0,0,0,0,0,0,0,0,0,5,0,0,3,0,0,0,0,0,0,5,0,0,0,0,0,0,0,0,0,0,0,0,3,0,0,5,0,0,0,7,0,0,0,0,0,0,0,0,0,0,0,0,0,5,0,0,0,0,0,5,0,0,0,0,0,0,0,0,0,3,0,0,0,0,0,0,0,0,0,4,0,3,0,0,0,0,0,0,0,6,0,0,0,0,0,0,0,0,0,4,5,0,0,0,0,0,0,0,0,5,0,0,0,0,0,0,0,0,0,0,0,0,0,0,0,0,0,0,0,0
LGA59499,0,0,9,5,0,3,30,25,0,83,0,0,5,0,0,0,0,12,0,19,0,3,4,0,0,0,8,0,0,20,0,0,4,0,0,0,0,0,0,8,32,52,196,185,49,66,118,278,19,987,0,4,3,0,5,0,0,0,7,22,0,0,7,8,0,3,0,12,0,31,4,10,5,10,8,0,3,14,8,58,5,10,6,13,7,0,5,23,7,79,7,8,5,17,4,4,0,20,7,80,8,14,19,31,8,8,14,24,10,128,8,5,25,20,10,6,30,27,8,144,11,12,31,20,19,5,17,27,17,154,8,5,33,23,16,8,30,49,9,182,18,9,40,11,10,4,13,20,9,137,21,13,30,12,8,5,9,15,9,120,10,8,22,3,9,0,15,17,3,91,23,12,47,0,5,0,22,30,15,143,5,4,9,0,4,0,13,4,4,37,12,8,10,5,0,3,13,3,5,52
LGA59799,0,0,0,0,5,0,0,6,0,6,0,0,0,0,0,0,0,0,0,0,0,6,3,0,0,0,0,0,0,6,0,0,0,0,0,0,0,0,0,0,0,0,7,5,5,0,3,10,0,31,0,0,0,0,0,0,0,0,0,0,0,0,0,0,0,0,0,0,0,0,0,0,0,0,0,0,0,0,0,0,0,0,0,0,0,0,0,0,0,0,0,0,0,0,0,0,0,0,0,0,0,0,0,0,0,0,0,0,0,0,0,0,0,0,0,0,0,0,0,0,0,0,0,0,0,0,0,0,0,0,0,0,0,0,0,0,0,4,0,6,0,0,0,0,0,0,0,0,0,4,0,0,0,0,0,0,0,0,0,3,0,0,0,0,0,0,0,0,0,0,0,0,0,0,0,0,3,0,0,11,0,0,0,0,0,0,0,3,0,3,0,3,5,0,0,0,3,0,0,10
