SED_CODE_2021,Philippines_Before_1951,Philippines_1951_1960,Philippines_1961_1970,Philippines_1971_1980,Philippines_1981_1990,Philippines_1991_2000,Philippines_2001_2010,Philippines_2011_2015,Philippines_2016,Philippines_2017,Philippines_2018,Philippines_2019,Philippines_2020,Philippines_2021,Philippines_Yr_arrival_ns,Philippines_Tot,Poland_Before_1951,Poland_1951_1960,Poland_1961_1970,Poland_1971_1980,Poland_1981_1990,Poland_1991_2000,Poland_2001_2010,Poland_2011_2015,Poland_2016,Poland_2017,Poland_2018,Poland_2019,Poland_2020,Poland_2021,Poland_Yr_arrival_NS,Poland_Tot,Singapore_Before_1951,Singapore_1951_1960,Singapore_1961_1970,Singapore_1971_1980,Singapore_1981_1990,Singapore_1991_2000,Singapore_2001_2010,Singapore_2011_2015,Singapore_2016,Singapore_2017,Singapore_2018,Singapore_2019,Singapore_2020,Singapore_2021,Singapore_Yr_arrival_ns,Singapore_Tot,South_Africa_Before_1951,South_Africa_1951_1960,South_Africa_1961_1970,South_Africa_1971_1980,South_Africa_1981_1990,South_Africa_1991_2000,South_Africa_2001_2010,South_Africa_2011_2015,South_Africa_2016,South_Africa_2017,South_Africa_2018,South_Africa_2019,South_Africa_2020,South_Africa_2021,South_Africa_Yr_arrival_ns,South_Africa_Tot,Sri_Lanka_Before_1951,Sri_Lanka_1951_1960,Sri_Lanka_1961_1970,Sri_Lanka_1971_1980,Sri_Lanka_1981_1990,Sri_Lanka_1991_2000,Sri_Lanka_2001_2010,Sri_Lanka_2011_2015,Sri_Lanka_2016,Sri_Lanka_2017,Sri_Lanka_2018,Sri_Lanka_2019,Sri_Lanka_2020,Sri_Lanka_2021,Sri_Lanka_Yr_arrival_ns,Sri_Lanka_Tot,Taiwan_Before_1951,Taiwan_1951_1960,Taiwan_1961_1970,Taiwan_1971_1980,Taiwan_1981_1990,Taiwan_1991_2000,Taiwan_2001_2010,Taiwan_2011_2015,Taiwan_2016,Taiwan_2017,Taiwan_2018,Taiwan_2019,Taiwan_2020,Taiwan_2021,Taiwan_Yr_arrival_ns,Taiwan_Tot,Thailand_Before_1951,Thailand_1951_1960,Thailand_1961_1970,Thailand_1971_1980,Thailand_1981_1990,Thailand_1991_2000,Thailand_2001_2010,Thailand_2011_2015,Thailand_2016,Thailand_2017,Thailand_2018,Thailand_2019,Thailand_2020,Thailand_2021,Thailand_Yr_arrival_ns,Thailand_Tot,United_Kingdom_Before_1951,United_Kingdom_1951_1960,United_Kingdom_1961_1970,United_Kingdom_1971_1980,United_Kingdom_1981_1990,United_Kingdom_1991_2000,United_Kingdom_2001_2010,United_Kingdom_2011_2015,United_Kingdom_2016,United_Kingdom_2017,United_Kingdom_2018,United_Kingdom_2019,United_Kingdom_2020,United_Kingdom_2021,United_Kingdom_Yr_arrival_ns,United_Kingdom_Tot,USA_Before_1951,USA_1951_1960,USA_1961_1970,USA_1971_1980,USA_1981_1990,USA_1991_2000,USA_2001_2010,USA_2011_2015,United_States_America_2016,United_States_America_2017,United_States_America_2018,United_States_America_2019,United_States_America_2020,United_States_America_2021,USA_year_of_arrival_ns,USA_Total,Vietnam_Before_1951,Vietnam_1951_1960,Vietnam_1961_1970,Vietnam_1971_1980,Vietnam_1981_1990,Vietnam_1991_2000,Vietnam_2001_2010,Vietnam_2011_2015,Vietnam_2016,Vietnam_2017,Vietnam_2018,Vietnam_2019,Vietnam_2020,Vietnam_2021,Vietnam_Yr_arrival_NS,Vietnam_Tot,Born_elsewhere_Before_1951,Born_elsewhere_1951_1960,Born_elsewhere_1961_1970,Born_elsewhere_1971_1980,Born_elsewhere_1981_1990,Born_elsewhere_1991_2000,Born_elsewhere_2001_2010,Born_elsewhere_2011_2015,Born_elsewhere_2016,Born_elsewhere_2017,Born_elsewhere_2018,Born_elsewhere_2019,Born_elsewhere_2020,Born_elsewhere_2021,Born_elsewhere_Yr_arrival_ns,Born_elsewhere_Tot,Tot_Before_1951,Tot_1951_1960,Tot_1961_1970,Tot_1971_1980,Tot_1981_1990,Tot_1991_2000,Tot_2001_2010,Tot_2011_2015,Tot_2016,Tot_2017,Tot_2018,Tot_2019,Tot_2020,Tot_2021,Tot_Yr_arrival_NS,Tot_Tot
SED50106,0,0,0,9,35,29,270,129,35,24,24,29,10,3,6,608,9,3,3,3,10,6,4,0,3,0,0,0,0,0,0,41,0,0,3,6,4,0,9,3,0,0,0,4,0,0,3,34,0,9,14,20,34,43,186,82,14,14,16,28,0,0,8,458,0,3,3,0,0,6,4,7,0,0,10,0,0,0,0,32,0,0,0,0,0,0,3,3,0,0,0,0,0,0,0,17,0,0,0,0,0,11,46,44,15,0,5,0,3,0,5,146,111,246,1003,638,388,219,287,124,15,12,18,20,4,0,111,3195,0,0,14,37,28,23,27,9,7,0,0,7,3,0,0,148,0,0,0,3,0,7,9,7,0,0,3,5,0,0,15,38,17,35,65,63,75,51,168,91,34,21,22,18,11,42,36,740,204,531,1321,968,842,570,1339,699,155,100,129,152,54,65,303,7440
SED50202,0,0,3,20,61,43,438,501,86,44,39,39,26,3,21,1327,3,0,0,4,21,6,8,0,0,4,0,0,0,0,0,54,0,0,7,24,26,27,95,22,4,5,0,3,0,0,7,220,0,0,7,36,36,33,223,93,8,7,11,16,4,5,6,485,0,5,0,0,4,18,96,137,6,10,3,3,12,0,5,293,0,0,0,0,3,5,7,20,0,0,5,0,0,0,0,41,0,0,0,5,17,28,167,86,19,21,14,12,5,4,6,386,48,183,1371,955,733,346,369,168,15,15,16,20,0,9,119,4375,0,3,7,18,22,18,28,14,5,0,3,3,0,0,0,127,0,0,0,5,13,16,14,17,0,4,3,10,3,0,0,82,12,28,138,128,159,183,1120,532,89,54,66,65,13,15,61,2658,119,476,1819,1543,1733,1222,4229,2931,386,280,294,311,119,65,342,15869
SED50304,0,0,3,10,41,49,133,140,31,35,24,26,9,0,3,510,10,7,10,7,83,28,19,14,0,0,0,0,0,0,0,184,0,5,13,19,46,33,79,23,0,10,0,4,8,0,6,242,0,0,5,28,67,111,200,71,18,10,0,0,8,6,8,534,0,0,3,6,22,15,31,20,8,8,8,33,14,0,0,170,0,0,0,0,16,19,14,49,8,6,10,11,0,0,0,137,0,0,0,4,19,20,46,52,12,9,6,5,10,4,7,194,26,83,364,301,344,201,426,215,38,26,25,30,21,0,38,2140,0,0,11,11,14,21,46,26,3,3,4,5,3,3,9,158,0,0,0,77,214,96,97,70,24,21,20,9,7,0,22,665,30,35,181,165,257,523,856,735,245,265,288,493,156,10,58,4299,193,920,1589,1184,1850,1922,3821,3335,771,696,761,1037,435,60,397,18968
SED50405,0,0,0,10,46,59,647,694,104,93,64,68,25,16,19,1842,0,0,0,6,16,4,22,13,0,0,0,0,0,0,0,62,3,0,3,10,14,19,103,36,0,10,9,0,0,0,5,201,0,0,9,30,59,113,689,289,57,35,34,34,24,8,9,1385,0,0,0,0,4,4,27,28,0,6,0,0,3,0,0,80,0,0,0,0,0,0,8,9,0,0,0,3,0,0,4,31,0,0,0,0,7,15,45,41,8,4,5,9,7,5,3,160,34,115,921,774,767,505,1777,1112,64,60,68,59,23,0,93,6394,4,0,9,11,16,28,51,24,5,7,5,0,5,4,3,171,0,0,0,0,3,10,46,12,4,0,4,10,10,0,6,101,8,18,88,94,129,221,987,526,96,69,64,46,30,14,41,2416,78,256,1197,1168,1515,1494,6704,4774,560,453,469,423,216,94,305,19699
SED50502,0,0,0,16,79,103,172,220,38,33,31,30,15,0,19,759,6,7,9,13,77,21,15,4,6,3,4,0,0,0,0,164,3,0,11,49,53,15,46,8,6,0,3,3,0,0,0,207,0,0,8,14,55,56,141,37,0,4,9,4,0,3,8,338,0,3,5,15,40,14,35,33,8,4,6,7,0,0,4,169,0,0,0,0,3,3,11,23,4,0,0,8,0,0,0,69,0,0,0,5,31,33,84,34,9,4,11,7,4,0,6,226,41,125,734,441,401,203,378,171,25,10,16,10,9,8,47,2618,0,0,6,5,9,20,28,13,3,4,0,0,3,0,0,99,0,0,0,112,321,278,227,136,31,25,22,31,33,4,49,1276,25,48,199,234,261,536,733,332,47,51,69,42,14,9,59,2652,143,420,1404,1350,2137,2142,3553,2010,314,247,318,308,156,54,317,14873
SED50605,0,0,5,12,46,15,55,97,18,9,10,14,12,3,11,314,5,0,0,9,39,7,12,6,0,0,0,0,4,0,0,86,4,4,24,76,241,167,251,105,18,16,16,37,18,5,6,1002,0,3,15,75,109,134,300,91,19,19,15,19,25,4,7,833,0,0,3,8,72,84,76,23,0,0,3,5,8,0,0,299,0,0,0,0,30,28,27,40,4,5,6,8,4,0,3,151,0,0,0,9,13,17,61,29,6,7,4,7,10,0,6,176,38,136,629,522,588,332,588,333,30,29,41,29,27,16,43,3380,0,8,4,28,23,25,57,36,8,11,5,8,7,11,9,246,0,0,0,48,50,19,25,15,5,16,15,6,3,5,6,207,36,32,142,203,309,290,415,297,45,59,50,77,66,3,27,2053,157,464,1216,1547,3293,2605,3808,2227,391,388,377,497,355,92,255,17654
SED50702,0,0,0,13,71,53,278,442,79,66,58,91,16,3,33,1204,12,14,13,10,58,17,8,9,0,0,0,0,3,0,6,147,6,0,8,60,83,67,113,57,8,8,21,10,13,0,8,470,0,0,6,16,55,52,176,72,9,0,15,19,5,4,8,434,0,0,0,23,25,23,94,61,17,9,21,38,25,0,6,348,0,0,0,0,5,18,43,85,13,11,13,14,0,0,4,212,0,0,0,4,29,40,94,58,16,11,13,6,10,3,7,292,37,139,749,471,353,213,360,245,25,13,19,40,19,3,67,2751,0,3,3,15,12,18,29,29,3,8,8,6,0,3,6,151,0,0,0,45,75,50,98,66,17,10,12,14,7,0,24,417,21,46,182,181,243,338,911,568,192,159,182,224,90,38,62,3428,164,450,1327,1234,1737,1685,4628,3868,793,687,793,990,394,113,416,19284
SED50805,0,0,0,0,18,12,32,28,0,3,9,3,7,0,7,133,4,3,0,10,34,8,3,4,3,0,0,0,0,0,0,69,0,3,16,21,25,23,29,13,3,11,5,5,0,0,4,170,0,4,10,37,81,88,175,46,7,10,10,6,4,3,3,484,0,0,0,6,6,7,4,4,3,0,0,4,0,0,0,42,0,0,0,0,5,0,6,10,0,0,0,0,0,0,0,19,0,0,0,4,10,8,27,24,3,10,5,0,5,0,3,107,65,143,623,562,618,403,807,365,55,40,35,35,21,8,68,3848,0,0,14,20,38,28,42,34,8,6,7,9,6,6,10,219,0,0,0,10,14,0,6,3,0,0,0,0,0,0,0,41,31,36,157,133,193,161,317,210,31,44,29,42,24,6,36,1443,177,482,1169,1101,1518,1099,2035,1152,161,168,156,163,129,39,217,9756
SED50906,0,0,0,11,29,44,254,212,36,37,39,41,30,4,21,756,3,4,4,9,23,6,6,6,0,0,0,0,0,0,3,64,0,7,6,0,3,3,21,5,0,4,4,0,4,0,0,56,0,0,10,25,38,58,433,193,20,40,15,36,17,7,22,903,0,0,3,0,5,3,14,12,7,4,0,0,0,4,0,56,0,0,0,0,0,4,3,18,4,10,11,30,8,0,0,88,0,0,0,0,10,6,44,16,8,3,3,9,0,0,0,100,73,181,743,453,356,199,478,235,23,10,16,37,19,6,91,2925,0,0,11,27,12,3,26,12,8,0,0,8,0,7,0,115,0,0,0,3,7,17,18,18,0,3,0,0,0,0,5,75,14,25,76,78,81,82,320,177,39,48,30,44,27,3,31,1084,171,457,1038,837,914,701,2269,1511,221,250,230,321,150,50,291,9404
SED51004,0,0,0,7,59,35,104,116,20,12,11,23,8,4,4,407,0,0,3,11,86,35,15,29,0,3,0,3,3,0,0,192,0,0,5,16,34,50,68,19,6,5,3,7,6,0,3,231,0,0,5,36,51,193,1169,608,73,75,74,76,41,21,13,2427,0,0,0,9,3,0,16,5,0,0,0,5,5,0,0,47,0,0,0,0,0,11,7,10,0,0,0,3,0,0,0,39,0,0,0,5,10,10,45,42,5,7,0,9,0,0,0,148,18,96,639,742,1294,1244,3797,1729,160,124,116,113,64,18,124,10286,0,0,10,24,12,18,51,43,5,8,0,8,3,0,5,186,0,0,0,5,34,28,35,28,6,6,0,7,0,0,6,146,3,14,107,136,295,324,736,313,51,48,49,47,24,3,23,2191,62,193,940,1233,2521,2553,7276,3802,430,381,384,426,229,70,247,20752
SED51104,0,0,0,3,44,42,215,204,29,22,17,27,5,7,9,633,4,0,3,6,44,20,23,22,0,0,0,0,0,0,0,127,0,0,6,12,8,19,55,21,4,0,0,0,4,0,3,138,0,0,4,24,55,110,1005,655,90,54,71,80,27,22,16,2213,0,0,0,6,6,0,16,10,0,0,0,0,0,0,0,34,0,0,0,0,4,5,9,8,0,0,0,9,0,0,0,32,0,0,0,0,13,12,51,35,8,3,12,12,4,6,4,157,41,131,799,825,1196,1077,4070,2293,234,141,125,117,52,20,230,11353,0,5,12,4,18,26,44,30,0,6,4,8,0,0,0,156,0,0,0,5,19,14,16,21,5,9,0,0,5,3,3,99,8,23,81,125,204,214,1147,445,85,56,63,67,30,9,53,2616,75,271,1066,1266,2153,2211,8412,5053,566,414,420,453,243,111,440,23153
SED51205,0,0,0,5,99,62,571,624,103,56,59,117,37,10,22,1758,4,4,3,9,41,20,11,4,0,0,0,0,0,0,5,99,0,0,15,89,97,95,214,62,23,23,21,15,7,0,8,675,0,0,5,28,65,51,124,51,10,13,6,8,0,0,9,362,0,3,3,7,27,43,169,166,13,18,33,56,25,3,10,567,0,0,0,0,3,16,38,98,9,9,17,19,9,0,6,235,0,0,0,6,35,41,124,31,18,16,9,4,0,5,9,307,63,123,707,561,425,167,305,116,15,12,11,23,9,4,50,2579,0,0,8,12,14,21,26,20,4,8,0,3,3,0,4,132,0,0,0,46,78,35,74,74,26,10,16,21,13,0,14,416,15,22,192,229,377,533,1075,712,261,163,223,281,86,17,72,4264,151,411,1307,1457,2320,2155,7122,5208,1367,1079,1453,1737,591,95,496,26946
SED51304,0,0,5,11,28,14,15,14,3,0,4,0,0,0,5,105,3,0,3,12,59,17,21,10,6,0,0,4,5,0,4,148,0,3,12,28,37,27,36,4,7,6,5,0,0,0,10,171,0,3,13,55,120,254,531,161,34,32,48,28,25,11,5,1330,0,3,3,3,5,10,10,5,0,0,0,0,0,0,0,39,0,0,0,0,11,6,0,3,0,0,8,0,0,0,0,25,0,0,0,0,11,6,14,18,8,3,0,3,0,0,0,64,58,212,671,627,756,540,1137,612,77,45,51,47,25,6,85,4938,5,4,10,20,27,27,53,40,7,4,15,13,15,10,4,255,0,0,0,23,32,11,12,5,0,0,0,9,0,0,0,100,19,42,128,192,241,234,441,209,49,18,33,23,25,3,28,1688,166,568,1186,1376,2030,1583,3102,1561,246,170,221,192,137,30,203,12783
SED51401,0,0,0,4,16,22,92,133,40,12,14,32,16,5,12,388,14,0,0,3,8,4,3,0,0,3,0,0,0,0,3,29,0,3,5,3,7,4,7,0,0,0,0,0,0,0,0,33,0,0,5,13,18,34,107,35,6,3,0,3,0,4,7,241,0,0,0,0,3,0,9,0,0,0,0,0,0,0,19,34,0,0,0,0,0,0,0,0,3,0,0,0,0,0,0,8,0,0,0,0,5,3,17,10,0,0,0,8,0,0,4,41,63,149,714,382,210,117,173,85,8,3,10,0,3,0,99,2030,0,0,9,8,9,5,10,13,6,0,0,5,0,0,3,72,0,0,0,0,5,3,0,9,0,0,6,0,0,0,28,57,21,25,79,51,47,42,94,57,18,12,6,16,12,3,111,594,166,334,956,681,570,450,789,579,121,67,69,119,58,22,530,5500
SED51504,0,0,5,0,18,19,44,38,11,10,9,6,8,4,5,167,10,0,0,18,47,11,12,6,7,0,0,0,0,0,7,113,4,10,10,48,65,63,103,35,0,15,6,8,19,0,5,386,0,3,18,50,116,147,343,117,13,25,16,22,18,6,14,910,5,5,3,16,32,19,43,13,0,4,4,18,10,0,3,174,0,0,0,3,15,15,13,27,8,0,7,3,0,0,0,87,0,0,0,4,9,6,33,14,3,3,0,3,3,0,6,98,45,135,424,444,566,424,708,374,39,26,59,61,46,5,81,3439,0,0,12,25,39,43,86,66,7,9,12,25,18,4,5,344,0,0,0,44,50,25,11,35,4,0,4,9,0,0,4,178,36,28,87,149,240,291,512,523,214,252,356,495,218,7,47,3464,205,475,817,1197,1978,1694,3318,2278,498,528,668,901,455,78,281,15375
SED51605,0,0,0,12,46,42,413,584,92,54,53,69,13,4,17,1409,0,0,0,11,73,25,15,18,0,0,3,0,0,0,0,146,0,0,9,15,41,77,144,35,12,10,9,6,6,0,3,366,0,0,11,34,103,157,335,147,6,16,20,24,12,0,3,870,0,0,3,3,19,12,27,30,12,0,0,3,3,0,0,134,0,0,0,0,5,12,14,26,3,0,3,0,0,0,0,63,0,0,0,3,15,14,59,42,9,14,9,6,4,0,9,190,32,89,608,469,518,346,867,517,53,43,38,33,16,11,50,3692,0,4,5,9,20,23,35,20,6,9,5,17,10,4,0,159,0,0,0,14,18,12,15,20,4,5,4,6,5,0,0,89,15,30,195,226,433,453,665,367,56,57,47,32,22,5,38,2635,91,352,1194,1058,1910,1919,4528,3203,394,377,335,395,196,63,237,16254
SED51706,0,0,0,3,24,14,73,95,12,15,11,9,5,0,9,265,6,3,3,0,11,3,4,0,0,0,0,0,0,0,3,37,0,0,0,10,0,5,20,9,0,0,0,0,0,0,7,56,0,5,9,24,32,59,254,117,8,8,16,11,6,0,4,559,0,0,0,0,0,4,3,0,0,0,0,0,0,0,0,14,0,0,0,0,0,0,8,22,3,0,15,21,5,0,0,77,0,0,0,7,4,11,13,7,0,0,7,5,4,0,5,70,68,152,796,540,385,184,352,154,24,11,10,9,8,3,90,2777,0,0,10,13,19,9,26,9,0,0,0,0,0,0,0,99,0,0,0,0,0,4,20,9,6,0,6,5,5,3,3,55,11,13,65,73,81,50,201,103,7,11,15,9,4,15,9,679,164,359,1047,895,929,571,1570,910,102,90,136,114,65,28,213,7191
SED51804,0,0,5,3,16,10,18,24,4,3,4,4,0,0,3,96,0,0,4,15,53,8,12,25,0,0,0,0,0,0,4,130,11,8,24,45,47,67,82,33,14,14,16,4,13,6,15,388,0,9,24,63,159,139,353,119,24,18,17,21,11,7,16,992,8,4,7,11,25,14,26,14,4,0,0,5,0,0,0,120,0,0,0,0,6,11,8,3,0,0,0,0,0,0,0,26,0,0,0,0,4,11,22,11,3,3,7,9,0,0,3,76,86,192,650,579,512,493,820,463,54,70,72,111,64,25,106,4292,3,0,29,51,63,58,97,71,14,29,19,28,36,16,13,544,0,0,3,13,8,3,0,8,0,5,0,3,0,0,4,55,25,36,151,153,202,245,410,313,46,76,92,170,49,11,30,2013,220,444,1136,1295,1668,1565,2645,1605,258,334,364,600,340,135,284,12889
SED51902,0,0,0,3,20,16,125,127,17,12,11,11,9,5,5,351,0,0,0,0,28,3,5,3,0,0,0,0,0,0,0,49,0,3,10,10,17,11,58,28,0,4,5,3,3,0,7,154,0,0,5,37,60,94,414,152,7,11,10,12,5,5,18,838,0,0,0,0,6,3,15,12,0,0,0,0,0,0,0,51,0,0,0,0,0,0,3,7,0,0,0,4,0,0,0,11,0,0,0,5,9,14,31,18,3,3,4,0,3,0,9,86,43,153,1213,1004,934,550,992,312,16,17,17,10,6,5,146,5416,0,4,12,20,17,22,40,18,3,0,3,5,3,0,8,161,0,0,0,5,13,4,5,12,0,0,3,0,5,0,0,54,14,25,107,107,163,135,568,233,25,21,24,25,9,8,48,1491,99,404,1564,1476,1794,1282,3314,1613,146,104,127,148,96,36,336,12545
SED52006,0,0,4,3,29,28,95,95,16,21,18,19,7,0,5,339,0,0,5,4,10,4,7,4,0,4,0,0,0,0,4,41,0,3,8,8,10,4,6,7,0,0,0,0,0,0,5,60,0,7,13,23,34,80,354,160,24,11,25,15,9,4,11,763,3,3,7,3,0,6,8,11,0,0,0,0,0,0,0,35,0,0,0,0,0,0,0,8,0,0,0,0,0,0,0,9,0,0,0,0,10,16,36,35,10,3,12,9,5,4,0,154,100,304,1259,996,673,360,1363,782,62,40,40,41,18,10,139,6187,0,0,16,19,23,17,34,17,4,5,4,0,0,0,8,136,0,0,0,0,0,3,14,23,6,4,3,8,0,0,0,56,21,28,115,93,94,82,237,128,25,23,16,26,10,0,18,919,213,555,1653,1466,1337,868,2809,1771,166,159,164,198,83,55,260,11758
SED52102,0,0,0,10,49,56,344,265,22,34,33,36,8,4,14,882,0,5,5,4,21,15,12,4,0,0,0,0,0,0,0,62,0,0,7,30,44,24,57,26,0,0,0,0,0,0,9,202,0,0,4,12,55,34,169,56,11,6,0,3,15,0,5,387,0,0,5,0,3,11,87,42,7,0,3,12,9,0,0,182,0,0,0,0,0,9,24,19,0,4,3,6,0,0,0,61,0,0,0,5,29,20,64,31,6,6,11,7,3,0,3,173,45,134,826,589,510,225,355,187,12,12,7,12,13,5,62,2988,0,0,8,13,16,15,24,11,12,0,3,0,0,0,0,88,0,0,0,7,15,14,14,15,5,0,4,0,6,3,8,89,10,39,131,122,203,233,637,296,58,40,43,35,23,5,29,1900,120,374,1229,1108,1452,1130,3745,2134,297,216,259,278,141,45,240,12766
SED52205,0,0,0,0,28,17,101,164,39,21,40,29,15,9,10,479,6,0,3,3,51,10,8,5,0,5,0,6,0,0,0,104,0,8,6,9,14,19,22,12,0,0,4,3,0,0,0,107,0,9,21,48,64,63,155,56,7,0,14,8,10,7,0,460,0,0,0,3,0,7,3,5,6,0,0,0,0,0,3,39,0,0,0,0,0,4,12,11,0,4,5,0,0,0,0,29,0,0,0,0,14,6,33,17,6,0,0,7,10,3,5,104,69,141,726,612,647,440,804,456,39,43,62,90,45,9,72,4246,0,9,16,21,45,48,72,60,19,7,16,17,10,9,7,354,0,0,0,14,16,9,7,10,0,6,0,4,3,0,0,72,15,44,362,306,318,368,532,343,52,73,91,127,61,17,55,2762,200,842,1755,1423,1786,1475,2629,1761,294,252,357,463,231,85,322,13861
SED52301,0,0,0,5,34,37,112,155,31,23,17,25,11,5,3,462,0,5,0,0,0,0,0,3,0,0,0,0,0,0,0,16,0,0,0,10,0,3,7,0,0,0,0,0,0,0,5,39,0,0,13,16,20,22,198,147,7,14,12,8,8,6,3,478,0,0,0,0,3,6,18,6,0,4,0,0,0,0,0,40,0,0,0,0,0,3,6,13,0,0,3,4,0,0,0,35,0,0,0,3,4,15,35,26,15,13,0,6,9,4,6,131,38,117,527,260,140,110,280,157,9,15,10,3,8,3,68,1749,0,0,3,8,16,11,25,18,0,3,6,0,4,0,5,98,0,0,0,14,25,16,12,21,7,4,5,3,5,5,3,107,12,12,64,47,62,58,155,92,10,19,21,15,18,8,14,597,109,256,732,549,507,453,1236,944,127,141,110,110,91,50,147,5564
SED52404,0,0,0,6,44,25,32,24,4,5,4,5,4,0,5,164,6,4,3,10,101,11,10,17,5,0,0,3,0,0,0,176,0,3,8,37,20,31,23,10,0,0,4,0,0,6,4,138,0,3,10,40,93,213,488,198,34,40,35,32,9,23,5,1220,0,0,0,11,5,6,3,3,0,0,0,8,3,0,0,46,0,0,0,0,0,4,10,8,0,0,0,0,0,0,0,22,0,0,0,3,7,18,30,18,0,0,0,4,0,3,7,102,44,130,722,816,1150,756,1465,945,114,55,77,67,49,4,84,6481,0,0,7,15,21,23,45,36,3,8,0,5,12,5,3,192,0,0,0,22,29,14,13,8,3,0,0,3,3,0,4,94,11,21,129,156,294,299,499,250,28,25,43,30,17,5,26,1827,106,339,1119,1498,2494,1909,3426,2220,241,180,213,240,134,52,224,14407
SED52505,0,0,0,9,45,39,359,382,80,49,36,24,20,10,15,1061,3,0,0,5,39,13,19,5,0,0,3,0,0,0,0,86,0,4,11,53,138,196,516,223,41,38,43,33,18,0,8,1332,0,0,6,36,105,170,651,317,20,29,26,46,21,10,19,1460,0,0,0,3,34,73,306,276,30,30,16,15,12,0,5,807,0,0,0,0,7,23,33,41,6,5,22,21,3,0,8,161,0,0,0,12,25,14,63,27,3,5,9,4,5,0,10,172,22,100,561,545,745,362,797,485,47,29,39,28,16,9,72,3848,0,0,10,12,25,26,37,33,5,4,5,4,10,3,10,185,0,0,0,27,32,14,38,32,3,5,4,6,4,0,14,193,9,9,122,165,301,285,1126,585,74,98,69,74,38,20,70,3040,65,244,919,1209,2503,2313,9031,6041,839,757,697,723,367,116,487,26308
SED52604,0,0,0,3,51,36,36,35,12,8,12,19,12,0,6,225,0,0,0,10,100,16,14,13,4,5,0,0,0,0,0,169,0,5,6,34,44,48,57,19,10,3,3,8,7,0,5,254,0,0,3,34,97,247,816,356,52,33,53,48,35,24,23,1823,0,0,0,4,10,3,8,4,0,8,7,34,9,0,0,90,0,0,0,0,0,4,12,11,4,0,4,7,0,0,0,44,0,0,0,4,6,19,32,25,5,9,0,8,3,0,3,124,24,108,820,929,1657,1144,2617,1032,98,88,64,77,41,13,132,8833,0,0,7,21,25,30,45,24,5,4,5,5,12,0,5,190,0,0,0,16,40,10,10,15,3,6,3,9,9,0,0,124,8,26,139,149,278,280,613,252,43,57,48,66,41,8,38,2053,75,286,1172,1547,3090,2365,5168,2494,354,317,315,454,237,69,302,18235
SED52702,0,0,0,5,21,14,21,17,0,5,0,0,0,0,0,90,3,0,3,8,28,10,4,0,0,0,0,0,0,0,0,65,3,0,14,19,14,6,25,4,0,3,0,0,0,0,3,104,0,4,13,49,71,88,221,75,8,11,15,7,4,5,11,583,3,0,3,9,10,6,0,3,0,0,0,6,0,0,4,40,0,0,0,0,0,0,0,4,0,0,3,0,0,0,0,10,0,0,0,0,14,16,33,26,4,0,0,7,3,0,4,110,74,203,1343,1008,878,501,849,264,22,17,16,13,15,7,121,5331,0,5,26,26,28,31,45,30,0,0,3,4,3,6,14,222,0,0,0,0,4,4,5,6,3,0,5,0,0,0,5,35,35,41,194,168,215,147,208,102,11,7,8,10,4,0,30,1192,236,584,1952,1701,1825,1127,1887,814,81,73,81,67,41,27,257,10752
SED52803,0,0,0,8,39,42,238,258,34,41,58,70,14,9,22,843,0,0,0,0,3,0,0,0,0,0,0,0,0,0,0,17,0,0,4,5,3,10,4,6,0,0,0,0,0,0,0,28,0,0,5,5,15,43,276,120,6,26,25,27,34,4,11,591,0,0,0,4,0,6,13,5,3,0,0,6,0,0,0,43,0,0,0,0,0,0,0,4,0,0,0,6,3,0,0,14,0,0,0,3,6,26,65,50,22,17,7,16,0,3,10,217,11,43,240,184,104,90,164,111,4,13,25,14,6,7,36,1060,0,0,7,5,4,8,13,14,0,0,0,0,0,0,4,60,0,0,0,4,0,0,8,19,3,0,0,8,6,0,0,50,3,15,42,46,66,79,433,259,52,57,93,114,54,34,29,1376,28,124,380,426,618,728,2387,1749,230,276,372,455,186,109,229,8298
SED52903,0,0,0,0,23,10,69,118,23,8,21,22,16,0,9,319,0,0,0,0,3,0,0,3,0,0,0,0,0,0,0,5,0,0,4,7,4,10,3,5,0,0,0,0,0,0,0,31,0,0,3,9,12,22,70,30,0,5,4,7,0,0,0,156,0,0,0,0,5,0,19,10,0,0,6,4,0,0,0,45,0,0,0,0,0,0,7,26,0,4,4,0,0,0,0,43,0,0,0,0,7,16,22,24,0,6,7,15,0,0,7,102,4,31,166,112,112,94,203,108,12,9,20,37,14,0,30,945,0,3,7,10,8,10,22,14,4,3,8,8,0,0,0,86,0,0,0,0,3,0,15,13,4,6,4,0,0,3,5,47,0,10,26,43,41,50,142,105,23,42,38,139,62,33,22,791,11,84,268,287,350,341,906,717,114,137,174,359,141,62,137,4090
SED53004,0,0,0,18,40,9,27,29,9,0,4,7,0,0,8,150,4,0,3,9,36,23,18,9,0,0,0,4,0,0,0,112,0,8,15,21,43,18,34,7,0,0,3,0,0,0,0,157,0,0,8,39,70,113,423,179,23,29,20,31,13,5,0,962,0,5,10,8,12,5,12,3,3,0,0,4,0,0,0,64,0,0,0,0,5,0,8,13,0,0,0,4,3,0,0,35,0,0,0,0,6,15,30,33,7,4,4,8,3,0,0,107,66,190,821,704,887,552,1308,650,37,50,31,34,13,0,75,5422,3,0,7,23,17,26,29,23,3,0,3,16,6,3,0,154,0,0,0,33,44,24,28,16,10,4,0,5,4,0,5,176,21,31,156,143,271,186,397,229,31,25,29,25,11,0,21,1558,169,458,1368,1403,2088,1403,3271,2002,185,179,163,198,83,21,198,13186
SED53105,0,0,0,9,60,43,603,793,126,87,38,79,15,18,15,1883,0,0,0,4,31,7,8,0,0,0,0,4,0,0,0,58,0,0,0,13,27,35,127,63,4,5,0,5,4,0,3,292,0,0,0,28,77,89,411,170,31,0,20,26,13,8,21,890,0,0,4,0,6,18,69,44,3,5,3,3,4,0,10,166,0,0,0,0,0,3,16,27,5,0,0,3,3,0,0,70,0,0,0,0,14,18,60,34,3,0,3,17,0,0,13,168,43,138,1026,562,484,316,682,452,32,23,28,28,10,0,120,3954,0,0,9,7,15,11,40,34,4,0,0,0,0,0,6,139,0,0,0,7,18,20,25,23,4,3,0,9,3,0,5,117,5,25,141,137,266,257,751,311,49,55,39,47,31,9,100,2215,82,287,1354,996,1474,1396,5028,3476,435,360,322,430,172,64,499,16382
SED53204,0,0,0,4,93,65,202,230,25,20,20,25,7,0,8,703,3,0,0,14,72,29,10,14,0,0,0,0,0,0,0,147,0,0,3,24,41,45,86,35,3,3,4,6,5,0,7,258,0,0,5,27,64,138,651,245,33,38,27,35,19,8,12,1300,0,0,3,5,22,15,32,19,0,0,0,0,0,0,0,108,0,0,0,0,3,6,13,22,0,0,0,6,0,0,0,59,0,0,0,4,33,22,63,41,13,0,7,6,8,3,4,202,29,76,538,452,553,341,887,474,52,37,34,18,16,3,51,3565,0,0,3,10,11,24,54,18,3,0,0,4,3,0,4,135,0,0,6,67,547,340,220,146,34,27,6,25,11,5,35,1476,8,15,137,196,454,678,1293,594,90,58,53,60,32,7,44,3715,82,285,1043,1201,2672,2628,5822,3295,446,320,275,402,174,76,280,19001
SED53306,0,0,0,7,44,52,227,257,61,23,50,37,11,4,23,802,4,0,0,0,10,6,11,4,0,0,0,0,0,0,4,40,6,4,8,12,9,7,18,15,0,0,0,3,0,0,3,77,0,3,16,34,34,63,344,168,32,0,25,9,5,0,9,746,0,0,0,0,0,0,16,33,3,0,6,0,0,0,0,71,0,0,0,0,0,6,9,7,0,0,0,4,0,0,0,31,0,0,0,3,16,19,54,44,12,8,22,7,0,4,7,201,87,276,1357,840,606,342,1121,583,45,50,27,37,24,9,139,5552,0,3,13,11,16,12,29,18,6,0,4,8,0,0,3,122,0,0,0,0,8,5,16,16,9,7,9,6,3,0,3,77,23,36,101,108,103,68,363,229,25,26,33,35,16,0,19,1185,179,537,1709,1305,1218,914,3073,2197,298,199,262,283,106,47,317,12645
SED53402,0,0,0,7,58,39,88,130,24,11,25,25,12,0,10,413,13,7,13,21,104,33,23,20,0,0,0,0,0,0,9,230,0,7,9,38,68,51,48,16,5,4,0,0,0,0,0,252,0,0,12,27,73,80,121,44,8,10,8,15,4,0,5,399,0,4,15,23,21,15,34,38,7,12,11,32,21,0,4,235,0,0,0,0,0,8,23,43,3,3,0,15,0,0,0,107,0,0,0,9,23,25,53,46,6,5,7,3,8,5,5,200,48,103,575,479,509,359,525,294,38,27,26,28,5,10,74,3098,6,0,10,19,28,22,53,44,3,6,14,4,7,0,0,214,0,0,0,92,240,121,89,80,27,10,18,14,16,0,23,742,26,36,180,212,268,402,595,399,104,109,134,116,32,4,36,2662,181,450,1222,1377,2061,1777,3044,2320,471,405,497,551,220,38,281,14893
SED53502,0,0,3,8,47,63,442,472,81,51,70,82,39,4,21,1381,9,0,8,3,31,17,4,15,0,3,0,0,0,0,5,100,0,0,5,12,19,23,27,22,0,0,3,0,0,0,4,118,0,0,8,13,32,54,173,57,8,6,5,4,4,9,0,368,0,0,0,7,16,19,44,25,11,0,3,7,4,0,7,147,0,0,0,0,0,3,8,8,4,0,7,5,0,0,0,31,0,0,0,0,8,15,56,27,4,4,7,6,6,0,7,152,59,164,986,637,480,270,474,226,19,15,15,12,12,5,103,3466,0,0,0,20,23,21,32,27,0,10,4,3,0,0,3,149,0,0,0,15,39,21,33,24,6,4,6,8,0,3,10,163,17,33,145,128,162,178,477,270,48,43,26,58,33,18,60,1686,169,564,1584,1178,1465,1158,3133,2106,319,234,249,307,156,65,353,13045
SED53602,0,0,0,14,84,65,283,207,47,25,31,38,17,0,13,822,5,0,3,23,93,28,11,11,0,0,0,0,0,0,0,182,0,4,12,29,35,34,43,15,3,0,0,0,0,0,6,182,0,0,3,18,65,52,104,43,0,4,0,5,0,0,5,302,0,3,8,19,16,13,50,26,3,3,8,23,0,0,0,176,0,0,0,0,0,6,15,24,3,9,4,4,0,0,0,57,0,0,0,4,32,44,192,108,46,12,28,18,0,0,8,506,27,120,590,358,259,131,159,66,10,7,7,7,4,0,62,1820,0,0,4,13,3,14,19,3,4,0,4,0,5,0,0,79,0,0,0,173,861,583,579,376,78,79,67,99,48,7,130,3091,21,26,256,269,418,1025,2128,1051,321,271,302,327,97,27,143,6691,118,409,1397,1462,2699,2872,5388,3162,735,668,769,896,310,76,615,21575
SED53701,0,0,0,4,18,6,55,104,23,13,24,23,8,3,8,290,4,0,0,4,13,3,0,0,0,0,0,0,0,0,0,20,0,0,3,6,5,5,13,0,0,0,0,0,0,0,0,32,0,0,3,13,25,42,123,51,7,4,6,12,5,7,3,296,0,0,0,0,3,0,3,3,0,0,0,3,0,0,0,14,0,0,0,0,0,0,10,4,0,0,17,28,13,0,0,71,0,0,0,0,6,3,18,9,8,0,7,3,7,0,9,81,45,177,743,504,376,220,501,170,11,12,15,21,4,0,124,2926,0,0,13,19,16,19,8,11,0,0,4,0,3,0,0,91,0,0,0,7,15,6,11,8,0,0,0,0,4,0,7,56,11,29,113,62,75,53,111,64,12,13,11,50,17,90,28,742,112,356,1047,887,871,597,1166,626,92,70,123,189,79,104,273,6579
SED53802,0,0,0,24,61,70,163,195,51,21,24,30,9,6,10,666,12,9,15,17,71,19,22,27,0,0,0,0,0,0,4,202,0,3,12,37,61,48,66,18,4,0,0,0,0,0,5,267,0,3,7,41,177,155,230,66,8,0,0,11,6,0,5,705,0,4,10,22,25,17,38,37,6,10,5,24,4,0,4,215,0,0,0,0,0,0,25,51,0,9,6,16,4,0,4,122,0,0,0,11,19,26,76,45,12,7,10,4,4,0,9,236,37,116,539,301,338,178,292,164,15,17,18,12,4,3,33,2074,0,0,3,13,13,19,22,28,5,5,8,10,3,0,3,124,0,0,3,179,509,278,246,188,52,33,17,32,16,0,58,1614,37,43,212,277,359,557,886,607,210,132,129,155,43,11,74,3743,217,812,1643,1539,2517,2146,4054,3086,711,525,558,746,268,48,387,19242
SED53902,0,0,0,7,49,28,57,84,14,14,14,8,10,5,5,309,24,3,8,5,76,19,17,19,3,0,3,0,0,0,8,188,0,7,22,31,45,48,66,17,11,6,3,5,3,0,3,271,0,5,12,88,218,239,303,74,3,9,6,10,14,5,13,996,0,0,14,17,24,23,27,28,6,0,10,48,8,3,4,205,0,0,0,0,5,3,19,44,0,4,7,4,0,0,4,91,0,0,0,4,16,12,51,32,5,3,7,4,6,3,4,155,48,145,538,441,492,335,475,255,15,14,27,28,12,9,71,2903,0,5,13,15,18,32,35,30,9,3,7,7,3,0,4,171,0,0,0,122,232,92,76,74,10,19,27,28,14,4,39,736,45,68,150,194,280,450,590,380,104,95,122,148,69,14,61,2772,260,781,1331,1340,2130,1870,2920,2161,407,377,491,603,264,70,341,15341
SED54006,0,0,0,0,18,19,123,232,62,45,45,43,7,0,11,612,0,0,0,0,9,4,0,5,0,0,0,0,0,0,0,23,0,0,4,9,10,7,14,6,0,0,0,0,0,0,0,47,0,0,9,14,37,49,255,77,9,8,19,8,0,0,3,491,0,0,0,0,4,0,0,0,0,0,4,0,0,0,0,11,0,0,0,0,0,0,7,13,5,0,5,9,0,0,0,40,0,0,0,0,8,5,32,23,6,5,0,4,0,0,8,86,81,183,1023,656,422,230,530,212,17,3,10,18,0,0,162,3555,0,3,23,30,11,5,20,6,0,0,0,0,0,0,3,105,0,0,0,3,6,0,8,4,0,6,0,0,0,0,0,34,3,17,79,63,80,56,144,63,6,0,19,12,16,4,56,631,160,438,1346,1075,954,638,1623,912,123,116,153,182,56,30,352,8156
SED54104,5,0,3,9,26,15,58,51,17,11,14,29,6,0,4,252,8,0,4,5,50,10,16,19,0,0,9,3,5,0,6,127,7,4,29,76,87,87,142,80,19,23,32,50,51,8,10,702,0,5,13,64,125,127,325,101,9,15,10,12,23,7,7,859,5,8,6,29,38,25,34,45,6,6,11,19,12,0,0,240,0,0,0,10,54,11,21,24,7,0,0,5,5,0,11,144,0,0,0,10,14,17,38,31,6,5,13,16,0,0,7,164,53,177,611,498,538,451,790,399,61,87,55,77,70,36,76,3977,0,3,28,48,42,36,108,89,20,24,29,28,44,20,15,537,0,0,0,43,48,16,31,30,17,16,19,34,5,4,0,268,26,36,147,149,256,285,546,415,120,124,157,236,126,23,35,2683,202,459,1170,1499,2135,1786,3508,2470,588,703,772,1164,763,190,296,17694
SED54203,0,0,0,6,17,9,49,76,16,10,13,17,4,9,9,229,0,0,3,0,3,0,7,0,0,0,4,0,0,0,0,21,0,0,0,0,3,4,5,0,3,0,0,0,0,0,0,20,0,0,0,3,12,23,71,18,0,0,4,0,0,0,3,133,0,0,0,0,0,0,9,6,3,0,0,3,5,0,0,29,0,0,0,0,0,0,5,14,3,0,10,3,0,0,0,34,0,0,0,3,3,8,20,24,7,9,10,9,0,4,7,91,5,38,237,134,94,64,152,77,8,5,18,21,8,0,46,902,0,0,0,9,4,9,8,7,6,3,11,11,10,9,3,87,0,0,0,0,49,28,22,15,0,3,0,0,0,0,7,134,4,18,43,32,68,62,116,107,16,21,41,75,19,11,18,643,24,98,355,305,409,378,812,619,120,101,181,244,78,44,132,3900
SED54304,0,0,0,14,48,48,110,127,25,24,33,72,23,8,7,543,0,3,3,12,63,31,19,18,6,4,7,6,6,0,0,196,0,4,9,46,63,94,155,76,26,26,29,36,34,0,9,611,0,3,10,21,96,122,234,64,9,4,11,35,15,7,12,648,0,0,3,11,10,5,27,20,0,10,10,23,3,0,3,136,0,0,0,0,12,8,32,105,13,8,19,27,7,0,6,241,0,0,0,7,16,21,103,71,20,26,19,30,16,4,8,333,21,71,447,466,567,475,828,445,64,67,85,136,78,33,87,3867,0,4,12,18,33,43,81,64,29,24,31,69,30,10,17,459,0,0,0,136,246,63,76,70,20,33,28,39,14,8,22,761,27,28,141,192,248,400,651,658,189,247,339,570,259,46,77,4082,135,504,1101,1342,2226,2117,4160,3465,862,1074,1443,2044,1010,271,518,22271
SED54403,0,0,0,9,36,33,294,421,90,63,69,74,20,5,24,1140,0,0,0,0,9,0,9,6,3,0,0,0,0,0,0,30,0,0,6,8,22,9,24,3,0,0,11,8,0,0,0,90,0,0,4,13,28,58,258,98,6,6,12,32,19,6,8,547,0,0,0,0,3,5,32,22,5,0,7,13,4,0,0,106,0,0,0,0,0,0,7,26,0,0,4,5,0,0,0,40,0,0,0,0,17,22,90,89,18,18,12,22,11,0,11,305,4,24,199,182,202,125,337,157,23,22,16,33,15,3,50,1390,0,0,4,0,7,19,24,20,0,7,3,8,0,0,5,91,0,0,0,4,5,6,13,28,4,8,10,10,0,0,0,86,3,11,48,55,81,100,427,281,53,53,65,92,54,21,52,1391,10,55,336,466,811,764,2768,2119,337,317,356,536,218,94,287,9469
SED54505,0,0,0,10,27,22,63,73,4,8,6,4,4,0,4,232,6,0,0,3,30,13,12,6,0,0,0,0,0,0,0,73,0,6,12,77,168,169,402,174,43,31,30,42,28,4,12,1190,0,0,12,32,112,117,228,91,18,8,16,0,5,6,9,662,5,6,5,17,68,124,313,249,29,32,27,53,27,0,0,940,0,0,0,0,22,43,42,38,4,5,8,11,6,3,0,175,0,0,0,10,21,24,32,15,6,11,0,6,0,0,0,128,67,146,595,436,545,268,552,275,29,27,32,40,15,0,56,3092,3,0,4,25,14,26,47,35,10,3,4,6,5,0,0,182,0,0,0,34,65,44,23,18,16,13,10,12,0,0,5,239,28,26,126,166,286,213,489,345,58,60,51,67,24,15,25,1986,171,400,1056,1281,2931,2453,6553,4210,673,583,583,680,336,84,338,22333
SED54605,0,0,0,5,52,36,112,119,20,15,12,29,8,3,9,414,4,0,0,3,15,5,3,10,0,11,0,3,0,0,3,63,0,0,5,18,8,11,14,4,0,0,0,0,0,0,0,66,0,0,13,15,49,49,145,94,7,13,7,17,0,0,8,415,0,0,0,0,5,0,7,0,4,0,0,0,0,0,0,16,0,0,0,0,0,0,0,0,0,0,0,4,0,0,0,8,0,0,0,3,12,16,41,53,8,5,7,3,7,0,0,165,82,299,1894,1240,945,444,960,463,27,29,17,26,24,0,133,6587,0,5,10,10,19,19,30,18,0,7,0,6,5,0,0,126,3,0,0,0,9,10,30,25,4,0,3,5,0,3,0,106,20,33,171,158,146,186,210,130,19,17,14,25,7,3,30,1179,148,544,2370,1760,1711,1161,2309,1456,144,159,127,189,89,38,276,12490
SED54701,0,0,0,3,20,11,65,139,28,29,42,47,19,12,20,428,0,0,0,0,5,0,0,0,0,0,0,0,0,0,0,10,3,0,3,15,0,9,10,3,4,0,0,0,0,0,0,53,0,5,8,9,13,28,226,64,8,6,33,40,29,8,6,468,5,0,0,0,0,3,5,11,0,3,0,0,5,0,0,37,0,0,0,0,0,0,0,9,0,0,3,0,0,0,0,19,0,0,0,0,6,9,61,16,15,14,5,6,6,0,3,129,38,144,488,249,175,92,179,80,8,11,12,16,6,0,80,1586,0,4,5,10,12,10,16,8,3,0,0,0,0,0,0,67,0,0,0,0,5,10,6,8,4,3,3,0,3,3,0,40,7,15,55,33,48,34,175,100,29,20,22,41,35,54,26,702,92,269,678,475,589,415,1097,691,148,124,187,224,134,101,241,5460
SED54804,0,0,3,7,26,24,31,33,15,8,6,12,7,5,5,174,3,6,8,3,58,12,15,29,0,7,7,0,0,0,5,160,0,3,7,13,33,42,72,23,8,9,5,3,7,5,5,233,0,0,12,43,86,208,316,138,26,6,48,50,11,5,8,962,0,0,8,6,10,3,19,17,0,0,0,0,0,0,3,67,0,0,0,0,10,5,8,7,6,5,4,5,0,0,0,41,0,0,5,0,8,10,28,15,3,6,0,3,7,0,3,101,54,131,517,449,570,422,803,588,55,57,68,75,54,15,71,3932,0,0,6,26,29,31,51,55,13,13,10,18,15,0,7,282,0,0,0,19,39,18,6,10,0,0,10,6,4,0,4,114,25,29,98,134,234,298,656,530,116,144,134,186,81,6,43,2707,166,439,930,1012,1688,1632,3200,2525,357,383,434,553,270,75,284,13942
SED54905,0,0,0,12,38,28,65,50,18,13,19,31,4,0,7,278,5,3,4,10,55,19,6,14,0,7,3,0,0,0,5,129,0,5,11,63,103,104,153,50,11,14,18,18,11,3,3,561,0,3,11,52,86,119,230,95,20,30,17,19,18,0,3,702,0,0,7,8,26,15,33,33,4,3,10,21,0,0,0,176,0,0,0,0,10,10,19,23,0,4,8,3,0,0,0,84,0,0,4,4,22,27,57,35,8,14,0,11,4,5,9,195,53,152,587,480,503,340,551,255,33,37,39,51,33,9,80,3211,0,4,17,17,34,24,58,42,7,9,13,12,13,0,13,263,0,0,0,41,57,30,26,28,19,5,11,12,9,4,8,234,27,31,152,159,256,287,513,376,95,79,106,196,95,25,50,2457,181,409,1109,1305,2151,1821,3109,2146,436,424,521,715,382,87,306,15099
SED55005,0,0,0,6,67,60,380,275,43,46,33,36,12,0,14,973,0,0,0,3,30,13,11,13,0,0,5,0,0,0,0,70,4,5,12,37,128,115,350,154,8,16,15,10,11,0,14,872,0,0,10,57,72,113,529,164,9,8,9,28,3,8,7,1022,0,0,6,8,43,66,193,183,13,13,14,23,15,0,9,593,0,0,0,0,4,23,26,36,3,6,13,16,0,0,0,126,0,0,0,4,31,19,83,40,8,15,5,7,0,0,10,223,31,94,744,650,590,310,542,209,13,17,7,10,17,0,65,3312,0,0,7,20,13,13,34,19,4,9,0,4,0,5,0,127,0,0,0,9,37,23,29,34,3,12,3,0,0,0,12,171,12,13,136,144,252,388,976,479,87,84,66,77,33,14,45,2808,81,252,1125,1289,2168,2313,7842,4520,618,608,551,728,274,87,408,22874
SED55102,0,0,0,5,35,34,202,148,24,3,14,6,9,0,17,505,0,0,0,5,33,5,10,15,4,0,0,0,0,0,5,76,0,4,4,17,20,28,59,22,0,0,0,3,0,0,11,175,0,0,3,20,49,93,458,156,17,13,20,20,8,3,26,893,0,0,3,0,11,9,32,20,0,0,0,0,0,0,7,87,0,0,0,0,3,0,0,9,0,0,0,0,0,0,4,21,0,0,0,3,4,4,55,36,3,8,5,9,0,0,10,147,36,119,803,633,670,510,1107,393,30,20,16,34,11,7,148,4532,0,0,21,10,17,22,34,28,8,6,3,7,0,0,7,157,0,0,0,0,19,14,30,17,9,0,7,4,0,4,48,150,15,28,114,104,179,241,1047,312,32,22,24,28,16,7,101,2277,91,334,1158,1104,1564,1433,4491,2027,239,170,168,234,103,43,627,13801
SED55202,0,0,0,4,71,57,564,781,107,77,67,74,29,13,25,1870,0,0,4,9,22,10,16,9,0,0,0,0,0,0,0,73,0,4,10,56,91,72,163,48,4,17,5,0,3,0,7,478,0,4,7,39,53,35,131,91,9,0,0,10,0,0,5,386,0,9,9,10,8,16,120,137,9,27,20,31,16,5,5,431,0,0,0,0,0,3,19,31,3,7,4,0,0,0,5,74,0,0,0,9,22,20,172,82,16,15,14,12,4,6,0,369,46,171,1132,734,607,209,260,112,11,4,10,9,13,0,92,3419,0,3,12,6,16,20,19,17,0,0,4,0,0,0,0,109,0,0,0,7,52,22,55,43,5,11,5,13,6,0,10,234,13,27,169,197,255,360,971,514,145,79,62,101,34,18,78,3034,123,495,1655,1521,2091,1659,5374,4027,617,522,552,803,268,89,438,20253
SED55306,0,0,0,0,14,7,57,36,13,3,5,12,5,0,8,168,0,0,0,0,15,0,0,4,0,0,0,0,0,0,0,30,0,6,3,8,8,8,7,10,0,0,0,0,0,0,0,52,0,0,10,36,74,68,179,77,13,12,3,17,11,0,0,508,0,0,0,0,0,0,12,20,0,3,0,3,0,0,0,46,0,0,0,0,0,0,3,21,3,0,0,6,0,0,0,51,0,0,0,0,9,9,34,23,8,0,3,8,5,0,0,101,80,232,971,649,560,300,582,272,34,20,26,38,25,14,131,3936,3,6,10,30,19,27,41,26,3,11,0,5,6,5,6,187,0,0,0,3,3,11,16,25,4,3,0,7,0,0,3,69,18,27,94,84,101,79,194,112,25,35,29,36,16,3,17,866,168,406,1267,1100,1155,780,1620,1002,156,140,133,188,96,43,264,8527
SED55405,0,0,0,9,32,43,202,156,40,23,37,66,20,0,24,648,9,0,6,10,31,16,14,13,4,0,3,4,0,0,3,116,0,8,7,39,52,82,107,50,15,23,32,49,19,3,11,509,0,0,13,29,53,52,162,41,14,6,6,12,5,4,9,382,0,3,6,14,13,10,70,44,21,20,29,68,35,0,3,332,0,0,0,0,3,8,31,83,13,14,13,20,0,0,4,189,0,0,0,15,19,32,69,68,8,14,20,23,8,0,12,276,46,127,554,443,408,258,519,243,33,30,30,30,12,5,107,2835,0,0,5,16,15,24,55,30,10,15,11,14,7,8,3,222,0,0,0,30,43,25,58,88,31,48,33,33,22,3,18,427,14,26,132,149,228,349,680,646,147,219,283,450,165,31,76,3602,139,445,1061,1132,1612,1696,4029,3407,909,1028,1390,1767,742,132,551,20030
SED55504,0,0,0,12,29,43,269,196,50,36,30,25,9,0,10,702,0,0,4,4,52,14,17,9,6,0,4,0,0,0,3,121,0,0,7,12,32,22,72,15,0,8,0,0,3,3,0,181,0,0,4,32,53,178,825,358,43,33,21,24,24,9,23,1617,5,0,0,0,6,6,12,19,0,0,8,21,0,0,0,80,0,0,0,0,0,4,11,11,0,9,0,0,0,0,0,34,0,0,3,3,10,15,50,42,17,16,6,8,0,0,0,163,34,123,804,858,1224,860,3020,1185,114,79,52,62,27,3,157,8604,0,0,5,12,12,9,44,19,6,0,0,5,0,0,0,100,0,0,0,20,92,68,77,46,3,4,5,11,8,0,11,350,14,29,106,104,193,267,1156,377,31,46,57,23,41,3,36,2472,95,315,1136,1347,2320,2030,7148,3420,373,308,303,308,174,44,337,19660
SED55605,0,0,0,0,37,33,68,75,17,22,10,14,8,3,3,308,0,0,0,0,18,7,4,5,0,0,0,6,0,0,0,38,0,4,3,11,12,15,15,5,0,0,7,0,0,0,7,73,0,0,5,39,45,95,443,186,22,20,18,11,11,4,16,912,0,0,3,0,0,0,0,0,0,0,0,0,0,0,0,8,0,0,0,0,0,0,7,3,0,0,0,0,0,0,0,9,0,0,0,4,13,13,53,40,10,3,6,10,3,5,5,163,41,136,1176,900,782,637,2170,1476,94,68,77,57,18,10,116,7744,0,0,7,7,33,16,49,23,3,4,8,6,6,0,0,159,0,0,0,0,8,0,12,13,5,3,0,3,4,0,5,58,9,20,87,100,131,122,346,150,24,23,17,23,6,10,20,1101,89,278,1482,1294,1524,1367,4249,2804,232,196,202,182,90,59,258,14300
SED55706,0,0,0,5,19,14,81,68,8,8,6,18,12,0,9,248,0,6,8,3,21,0,5,0,0,0,0,0,0,0,0,37,0,0,8,11,5,0,7,3,0,0,0,3,0,0,0,41,0,4,20,33,77,62,99,42,0,9,7,4,3,0,12,372,0,3,0,5,0,3,9,0,0,0,0,9,0,0,0,27,0,0,0,0,0,0,7,16,3,0,14,12,0,0,0,55,0,0,0,0,5,6,19,17,0,0,0,0,4,0,4,74,81,232,1095,822,560,292,427,175,15,12,20,47,9,0,162,3946,0,6,23,38,34,22,49,19,7,5,4,10,3,0,3,225,0,0,0,4,0,4,13,10,4,6,0,8,4,0,7,59,12,22,121,115,147,92,172,105,20,31,34,88,31,13,106,1115,160,496,1502,1336,1293,773,1332,801,124,127,132,284,109,30,418,8926
SED55802,0,0,0,15,86,83,565,786,73,51,53,62,10,3,12,1804,3,0,4,0,71,17,9,0,0,0,0,0,0,0,4,119,0,0,9,19,59,40,96,42,5,3,4,8,5,0,3,296,0,0,6,17,107,96,359,160,19,14,5,19,6,0,8,815,0,0,8,18,39,20,62,45,4,0,0,6,13,0,0,223,0,0,0,0,0,0,15,18,3,4,4,6,5,0,0,51,0,0,0,10,25,24,86,48,10,9,10,13,0,0,7,239,38,76,741,482,529,291,602,310,28,21,17,15,7,10,72,3249,0,0,0,18,10,23,38,19,0,0,0,3,0,0,4,120,0,0,3,60,320,225,240,146,12,23,18,29,11,0,48,1138,0,25,138,152,327,440,1582,746,112,110,88,92,37,22,82,3945,82,251,1192,1090,2303,2026,6216,4317,507,468,407,528,215,74,384,20058
SED55905,0,0,0,18,43,41,140,228,32,28,23,34,0,4,14,601,3,0,0,6,73,13,11,16,5,0,0,0,0,0,3,135,0,4,10,17,59,49,92,43,9,12,8,17,8,3,8,326,0,0,7,30,67,86,197,70,3,0,11,24,4,0,10,522,0,3,0,3,36,6,25,14,3,3,4,0,0,0,3,103,0,0,0,0,3,4,12,29,3,5,4,3,0,0,0,64,0,0,0,9,11,7,39,35,0,6,8,0,4,0,9,140,58,164,687,481,418,249,542,321,25,33,17,17,15,10,68,3096,0,0,9,19,18,25,35,25,10,5,5,6,8,0,12,177,0,0,0,16,32,6,23,20,3,18,3,5,0,0,4,130,13,45,267,285,310,327,478,292,38,34,31,46,18,7,55,2241,161,603,1575,1269,1683,1392,2540,1815,263,248,240,305,123,41,297,12556
SED59494,0,0,0,0,0,0,6,12,0,0,0,0,0,0,8,35,0,0,0,0,4,0,0,3,0,0,0,0,0,0,3,9,0,0,0,0,0,0,0,0,0,0,0,0,0,0,0,11,0,0,0,0,0,11,18,3,0,4,0,0,0,9,6,55,0,0,0,0,0,0,3,0,0,0,0,0,0,0,0,5,0,0,0,0,0,0,0,0,0,0,0,13,0,0,0,13,0,0,0,0,4,0,0,0,0,0,0,0,0,0,0,8,0,7,80,51,48,38,43,27,8,4,14,31,16,12,53,431,0,4,0,0,3,4,4,4,0,0,0,10,5,3,4,43,0,0,0,0,3,0,4,0,0,0,0,0,0,0,0,11,0,0,8,8,20,8,30,13,12,10,16,57,23,12,44,258,7,25,109,106,143,110,179,110,28,22,56,166,79,92,210,1431
SED59797,0,0,0,0,0,0,0,0,0,0,0,0,0,0,12,21,0,0,0,0,3,0,0,0,0,0,0,0,0,0,0,4,0,0,0,0,0,0,0,0,0,0,0,0,0,0,0,0,0,0,0,0,0,0,0,0,0,0,0,0,0,0,0,3,0,0,0,0,0,0,0,0,0,0,0,0,0,0,0,0,0,0,0,0,0,0,0,0,0,0,0,0,0,0,0,0,0,0,0,0,4,0,0,0,0,0,0,0,0,0,0,4,0,0,0,0,0,4,6,3,0,0,3,3,0,0,0,30,0,0,0,0,0,0,0,0,0,0,0,0,0,0,0,3,0,0,0,0,0,0,0,0,0,0,0,0,0,0,0,0,0,0,0,0,0,3,7,4,0,0,0,0,3,0,0,25,0,0,4,7,14,19,46,20,0,5,6,8,3,0,16,148
